UserID,CalorieDeficit,CarbsRatio_Percent,ProteinIntake_g,WeightChange_Kg,MetabolicRate
1280001,90.0,51.1,136.5,64.9,44.4
1280002,115.5,42.9,97.3,94.3,56.3
1280003,117.5,59.8,99.9,81.6,31.6
1280004,68.7,43.6,124.0,99.0,37.5
1280005,111.5,53.6,75.7,120.9,36.3
1280006,132.9,56.2,108.7,69.2,51.4
1280007,80.2,52.2,157.3,91.1,42.8
1280008,91.4,20.3,66.8,126.2,38.2
1280009,83.2,40.7,126.0,70.5,51.3
1280010,91.8,53.6,133.4,48.4,55.0
1280011,63.6,48.8,67.1,132.1,47.2
1280012,115.0,33.7,117.0,74.6,41.3
1280013,104.1,30.4,86.4,129.6,54.3
1280014,52.4,55.2,154.9,96.9,64.3
1280015,108.5,46.7,98.9,133.7,47.7
1280016,104.3,15.3,89.4,111.1,67.4
1280017,107.6,54.1,105.2,125.4,45.9
1280018,85.3,45.3,130.5,104.5,61.6
1280019,100.9,43.4,66.2,150.4,31.7
1280020,107.3,53.8,123.3,131.8,70.0
1280021,137.9,57.2,92.6,88.4,42.3
1280022,114.4,37.3,132.0,125.9,51.0
1280023,95.6,41.2,68.6,110.2,40.2
1280024,103.8,29.7,118.3,93.5,40.7
1280025,103.8,33.4,78.7,76.7,67.9
1280026,121.4,58.1,80.7,113.5,57.6
1280027,77.1,38.3,111.9,102.4,46.1
1280028,126.7,31.5,77.1,121.1,64.7
1280029,109.4,38.2,156.3,129.1,51.7
1280030,78.0,73.2,66.3,102.8,33.8
1280031,106.8,10.8,107.6,97.4,17.7
1280032,98.9,58.2,103.4,90.6,46.6
1280033,62.7,25.3,141.2,112.2,59.1
1280034,85.3,33.2,78.9,95.5,55.4
1280035,113.1,41.3,123.7,95.4,35.0
1280036,89.2,27.2,98.0,117.6,52.2
1280037,75.2,42.9,64.6,100.4,48.5
1280038,115.9,48.5,156.5,110.2,38.4
1280039,120.5,48.8,117.0,62.5,19.9
1280040,112.6,52.4,70.8,100.3,48.2
1280041,121.3,20.5,98.7,114.7,49.6
1280042,120.9,67.4,93.6,92.1,38.2
1280043,81.8,37.1,122.9,133.5,49.1
1280044,80.7,23.4,119.4,104.8,56.5
1280045,68.1,43.7,132.1,109.8,51.2
1280046,112.1,49.1,68.3,130.8,34.6
1280047,92.3,42.1,136.6,66.2,49.6
1280048,64.9,55.0,65.0,88.1,38.7
1280049,138.6,56.6,87.6,120.4,10.0
1280050,110.3,36.9,,38.3,30.8
1280051,149.3,22.3,132.4,136.8,49.6
1280052,104.7,48.3,107.9,48.2,48.3
1280053,102.8,49.0,111.6,134.4,51.3
1280054,98.4,37.4,49.7,83.3,48.5
1280055,87.7,47.0,59.6,101.6,40.8
1280056,113.3,40.4,109.5,107.9,44.4
1280057,104.2,32.7,124.9,138.0,78.0
1280058,137.0,26.9,69.3,122.8,24.6
1280059,104.8,62.6,136.7,124.4,39.9
1280060,84.5,63.8,94.8,75.7,41.0
1280061,94.6,70.9,81.2,140.3,54.1
1280062,66.5,63.2,109.5,70.3,83.0
1280063,88.4,37.9,87.0,106.8,51.9
1280064,111.5,46.2,84.9,54.1,22.8
1280065,109.1,58.1,111.3,98.7,59.8
1280066,115.7,22.6,97.4,105.3,52.1
1280067,102.1,55.1,114.3,103.1,39.3
1280068,125.1,68.9,111.7,115.3,45.8
1280069,119.5,63.4,87.5,89.0,45.8
1280070,118.6,39.1,78.3,85.9,44.9
1280071,180.3,65.4,101.4,87.4,33.6
1280072,123.3,29.4,133.0,103.1,33.6
1280073,61.4,48.0,117.8,99.7,42.7
1280074,122.6,47.9,113.8,91.3,58.4
1280075,99.9,54.7,69.8,85.6,46.1
1280076,172.1,58.9,133.6,59.3,61.2
1280077,85.0,39.8,80.9,122.6,17.8
1280078,105.3,55.9,91.1,115.5,54.0
1280079,96.9,71.3,83.7,108.6,32.1
1280080,96.6,41.2,140.7,109.0,52.4
1280081,91.2,59.0,76.6,77.5,59.6
1280082,67.0,77.6,91.1,111.9,15.8
1280083,103.9,47.7,90.6,115.3,40.5
1280084,96.9,48.6,75.8,78.8,44.3
1280085,129.6,32.2,115.2,79.9,64.7
1280086,99.5,64.3,109.9,108.4,57.0
1280087,106.8,50.2,54.6,98.1,44.5
1280088,124.8,44.9,130.8,106.1,59.9
1280089,124.3,49.7,112.8,80.6,61.3
1280090,79.5,39.1,106.4,129.6,38.3
1280091,84.7,33.3,67.3,87.6,53.1
1280092,117.7,26.5,78.1,112.3,49.5
1280093,70.7,70.1,129.6,72.1,55.0
1280094,53.9,42.5,121.6,112.9,31.2
1280095,65.2,36.3,90.4,85.7,47.8
1280096,136.5,28.3,60.1,88.0,60.3
1280097,89.9,47.9,110.1,119.8,31.7
1280098,97.0,47.3,93.2,75.8,19.6
1280099,60.5,29.9,124.4,116.1,70.4
1280100,128.7,30.9,95.2,87.8,35.0
1280101,145.5,18.4,118.5,93.0,42.0
1280102,52.8,69.0,76.8,111.5,58.4
1280103,124.1,30.9,95.9,109.1,53.6
1280104,70.2,32.9,97.5,100.0,23.3
1280105,110.4,51.7,93.4,81.3,46.6
1280106,108.9,47.0,100.4,135.4,61.4
1280107,112.3,56.1,92.5,100.6,47.6
1280108,73.7,43.0,59.9,78.1,50.5
1280109,131.4,50.9,130.4,69.0,71.8
1280110,135.2,39.9,49.2,114.2,29.0
1280111,89.0,61.9,106.1,86.4,33.5
1280112,76.5,44.2,51.6,65.0,53.2
1280113,112.4,22.0,102.0,112.3,39.3
1280114,123.3,52.7,63.3,99.6,53.5
1280115,91.9,39.7,72.2,57.8,51.1
1280116,76.9,54.0,66.7,136.6,24.7
1280117,97.3,28.5,133.8,63.8,25.9
1280118,108.0,39.7,95.7,115.4,38.8
1280119,100.7,53.0,78.7,106.7,34.9
1280120,94.9,44.9,110.8,71.4,29.7
1280121,108.6,23.0,148.9,86.1,28.7
1280122,81.1,42.9,142.1,99.3,44.9
1280123,121.3,75.9,58.8,113.7,42.7
1280124,98.3,46.4,68.5,62.8,42.8
1280125,130.1,35.9,135.9,68.7,62.5
1280126,147.7,38.1,101.8,106.3,61.8
1280127,60.7,50.1,107.5,85.3,40.0
1280128,75.6,68.9,97.1,116.2,71.8
1280129,98.9,32.1,68.1,114.8,50.0
1280130,117.1,26.7,91.0,113.6,44.7
1280131,70.8,32.6,117.9,122.2,46.2
1280132,90.4,24.9,109.1,74.6,29.5
1280133,136.3,38.6,146.6,76.4,39.9
1280134,89.4,47.5,122.2,105.2,87.7
1280135,79.2,46.7,135.5,143.4,51.8
1280136,103.1,36.7,106.4,102.7,18.9
1280137,114.7,14.4,103.3,99.5,17.7
1280138,102.9,41.9,93.5,36.8,65.8
1280139,115.7,58.0,98.8,89.9,53.6
1280140,86.7,25.9,57.6,128.8,15.7
1280141,122.3,33.9,90.5,112.0,46.1
1280142,112.8,58.2,117.6,60.7,38.9
1280143,95.7,77.1,68.3,123.8,47.0
1280144,110.6,48.7,97.2,164.9,31.6
1280145,117.6,33.9,103.5,107.8,37.5
1280146,88.6,56.4,103.8,114.7,44.6
1280147,92.5,44.7,101.6,90.9,27.5
1280148,126.7,47.8,81.0,81.9,23.4
1280149,96.1,41.5,45.4,106.6,12.0
1280150,51.4,55.1,108.8,110.5,71.2
1280151,97.8,34.9,113.4,131.3,48.3
1280152,104.1,37.9,98.0,77.1,40.6
1280153,85.3,40.0,92.6,68.8,32.4
1280154,152.6,27.7,135.1,104.7,49.8
1280155,121.6,36.3,107.1,116.8,18.8
1280156,131.6,46.2,95.9,128.4,36.3
1280157,91.6,36.8,120.2,13.2,52.9
1280158,124.8,56.7,96.3,111.2,44.6
1280159,101.1,25.8,80.7,72.8,43.7
1280160,118.2,32.1,104.9,89.5,56.7
1280161,63.0,41.4,99.3,113.3,49.0
1280162,128.0,58.8,114.8,105.1,43.0
1280163,101.1,31.7,113.7,114.1,17.1
1280164,97.8,27.1,87.3,133.0,22.1
1280165,84.2,54.5,69.6,138.2,36.8
1280166,79.0,48.1,88.0,92.8,49.9
1280167,106.9,27.5,155.7,104.4,65.9
1280168,112.0,90.1,106.9,122.3,32.1
1280169,91.9,38.7,57.8,77.0,56.3
1280170,63.3,33.5,140.4,110.9,51.5
1280171,114.6,49.0,80.0,100.0,41.2
1280172,112.8,53.1,73.5,137.7,49.1
1280173,85.0,65.6,114.2,75.9,44.1
1280174,102.4,62.1,98.3,103.6,17.6
1280175,74.5,56.0,85.3,89.2,46.1
1280176,101.7,45.2,123.9,131.4,37.4
1280177,102.7,38.2,78.8,61.3,64.5
1280178,76.0,20.6,106.6,77.6,65.7
1280179,155.0,48.7,113.8,79.4,45.0
1280180,79.3,64.9,105.4,83.3,55.5
1280181,78.4,34.8,103.7,139.0,41.6
1280182,122.1,34.9,97.1,88.7,74.4
1280183,121.0,51.7,135.4,128.2,42.0
1280184,94.6,44.6,114.5,84.8,24.4
1280185,60.4,54.2,60.1,94.9,30.1
1280186,121.0,30.2,146.9,81.4,30.9
1280187,104.3,60.6,177.4,95.9,36.1
1280188,93.5,36.8,73.9,105.6,31.8
1280189,98.3,37.0,122.5,107.2,58.1
1280190,98.3,58.4,107.9,120.8,38.0
1280191,93.5,41.5,99.6,64.0,28.5
1280192,102.3,52.5,110.1,160.2,26.6
1280193,99.8,38.8,111.0,73.0,29.2
1280194,103.0,98.2,49.9,89.1,42.6
1280195,116.1,26.2,83.1,106.9,10.4
1280196,114.9,55.3,130.5,112.6,72.5
1280197,140.5,45.9,126.8,123.9,51.2
1280198,127.9,43.0,134.5,125.1,56.4
1280199,73.3,21.6,137.1,52.3,21.4
1280200,102.0,51.4,71.5,110.2,45.1
1280201,55.5,15.4,126.8,89.8,62.3
1280202,70.1,44.6,74.1,107.4,54.0
1280203,105.5,77.2,100.3,130.7,46.9
1280204,143.7,51.1,105.5,77.0,42.2
1280205,13.9,62.1,66.0,112.3,69.1
1280206,100.7,72.6,98.0,97.6,32.0
1280207,105.8,28.5,12.0,112.4,41.6
1280208,50.0,49.9,113.4,67.2,90.8
1280209,160.2,43.5,107.3,125.7,41.7
1280210,113.8,54.8,121.0,98.1,28.8
1280211,102.3,45.2,100.4,95.4,54.1
1280212,78.2,64.2,108.8,115.6,24.4
1280213,118.0,42.6,71.8,75.6,45.9
1280214,116.8,47.5,87.5,75.8,44.6
1280215,91.3,40.0,121.8,132.3,28.5
1280216,127.6,32.9,139.9,141.3,40.1
1280217,90.0,27.5,128.7,90.2,68.4
1280218,109.4,68.5,102.5,128.2,66.9
1280219,118.1,65.6,130.5,58.3,47.3
1280220,97.6,51.3,57.1,66.1,48.3
1280221,99.5,23.4,145.9,126.7,27.1
1280222,89.3,50.4,102.7,91.9,30.0
1280223,82.7,47.0,66.5,103.5,40.0
1280224,113.9,51.4,141.4,119.0,42.8
1280225,116.8,42.5,111.8,105.2,22.1
1280226,123.8,43.9,61.9,162.2,48.6
1280227,121.6,39.2,70.2,85.2,32.7
1280228,127.7,50.9,86.5,59.7,51.8
1280229,102.2,57.6,122.6,135.7,36.1
1280230,107.1,46.5,119.9,38.1,27.3
1280231,95.3,60.2,119.0,110.2,35.0
1280232,97.2,56.2,107.7,110.2,24.2
1280233,122.9,55.5,81.6,26.6,30.0
1280234,87.0,36.1,67.4,50.2,41.6
1280235,109.1,50.1,115.8,93.1,54.0
1280236,110.5,72.0,97.2,117.6,50.1
1280237,151.8,57.1,77.7,95.5,59.1
1280238,124.6,57.2,67.2,45.6,43.7
1280239,161.5,20.6,118.4,102.8,62.5
1280240,90.4,31.5,48.5,89.0,40.9
1280241,154.4,63.7,113.5,47.8,12.8
1280242,91.4,43.6,153.2,121.5,46.8
1280243,101.0,65.0,82.3,77.2,43.5
1280244,115.1,38.7,76.2,89.5,46.7
1280245,95.8,37.9,122.6,69.4,22.9
1280246,109.0,46.8,159.8,110.6,69.8
1280247,115.8,34.5,117.2,139.5,28.0
1280248,146.0,44.6,81.9,57.1,42.2
1280249,49.2,64.5,77.9,106.1,35.0
1280250,77.7,36.1,98.2,114.8,58.9
1280251,111.1,51.9,81.5,135.0,49.0
1280252,84.5,27.9,136.9,131.7,50.1
1280253,89.4,65.1,75.7,179.4,68.1
1280254,82.7,43.7,72.6,149.9,28.2
1280255,91.5,46.6,129.2,85.7,47.1
1280256,88.2,49.8,143.0,74.3,25.7
1280257,67.9,45.9,65.8,79.7,29.5
1280258,125.6,46.5,103.3,102.5,31.6
1280259,87.9,61.0,126.2,137.6,73.9
1280260,120.3,52.7,130.0,107.4,63.5
1280261,80.8,60.8,122.5,127.0,54.9
1280262,105.9,51.7,59.0,66.9,17.4
1280263,88.7,56.9,119.1,113.2,40.6
1280264,77.7,37.9,103.6,93.7,27.7
1280265,90.7,34.2,103.8,119.9,35.6
1280266,107.3,17.1,53.6,80.6,54.6
1280267,66.3,59.6,59.5,125.8,45.6
1280268,98.6,13.8,63.5,124.7,68.0
1280269,97.3,56.7,108.0,70.0,56.8
1280270,152.4,71.9,93.8,103.3,49.8
1280271,104.7,25.4,106.7,122.3,34.6
1280272,88.0,50.7,76.6,93.3,45.0
1280273,121.2,55.4,88.3,93.9,46.2
1280274,98.9,29.0,94.4,95.3,75.6
1280275,110.4,44.5,107.1,61.4,63.9
1280276,117.5,42.0,75.8,24.5,58.0
1280277,106.1,50.3,122.7,105.5,62.0
1280278,110.6,58.8,109.4,75.7,34.7
1280279,93.7,38.6,119.7,29.7,46.1
1280280,98.0,58.3,79.9,105.9,41.0
1280281,107.1,44.7,33.4,81.4,49.0
1280282,107.4,41.1,91.2,120.7,21.6
1280283,113.2,37.5,100.5,118.9,67.3
1280284,105.2,42.7,95.0,122.5,33.3
1280285,115.2,63.2,100.0,59.0,42.5
1280286,130.6,48.2,98.2,83.3,59.0
1280287,124.3,55.3,99.8,119.6,22.4
1280288,116.5,67.6,64.1,123.2,16.8
1280289,97.4,64.3,138.0,67.4,47.8
1280290,99.0,42.5,145.5,82.7,41.0
1280291,110.7,34.9,105.2,64.1,65.0
1280292,119.0,48.1,67.9,36.2,56.3
1280293,65.5,17.8,106.4,139.5,56.2
1280294,71.9,53.9,121.8,95.7,36.0
1280295,94.2,49.3,31.5,94.9,27.7
1280296,87.3,61.2,99.1,76.0,45.5
1280297,91.9,66.4,101.0,95.7,40.9
1280298,73.2,35.7,60.7,101.8,33.7
1280299,88.0,78.4,81.7,110.8,34.9
1280300,123.6,71.4,90.2,84.1,38.4
1280301,103.2,32.5,154.2,63.5,62.6
1280302,76.2,53.5,70.2,106.3,38.7
1280303,84.7,63.8,132.4,89.3,40.4
1280304,119.0,41.7,98.6,96.9,49.1
1280305,62.5,30.4,72.0,121.2,36.6
1280306,100.1,47.6,113.7,85.5,19.8
1280307,67.4,37.8,94.0,116.7,47.9
1280308,82.0,42.2,100.0,101.2,45.2
1280309,47.6,46.1,87.5,116.9,37.4
1280310,71.9,38.4,,124.1,27.6
1280311,107.2,86.8,80.0,46.8,55.9
1280312,73.5,74.9,104.1,113.9,32.2
1280313,41.1,35.9,108.0,108.4,32.3
1280314,77.5,56.1,99.8,147.7,61.5
1280315,97.7,24.1,47.9,92.0,77.3
1280316,96.1,38.5,69.6,97.7,15.6
1280317,40.3,53.2,96.0,71.6,22.7
1280318,109.1,62.0,66.9,93.4,30.9
1280319,90.3,52.1,109.4,80.4,59.2
1280320,102.4,38.7,134.0,102.0,16.7
1280321,82.3,47.2,59.1,116.6,46.5
1280322,65.4,31.1,97.4,86.2,24.4
1280323,98.0,72.6,42.1,95.4,35.1
1280324,84.7,48.3,139.2,100.1,20.2
1280325,100.4,49.8,101.8,73.1,52.8
1280326,99.0,30.8,88.0,100.6,54.2
1280327,88.9,41.0,100.0,66.2,29.7
1280328,76.2,38.4,133.4,116.1,62.7
1280329,120.8,37.7,133.2,79.9,45.8
1280330,107.6,74.2,,90.4,28.9
1280331,98.1,35.5,111.3,67.1,38.5
1280332,123.7,19.4,,85.4,35.8
1280333,53.4,58.3,37.8,111.2,44.6
1280334,76.5,52.2,123.2,116.9,53.3
1280335,64.4,34.0,73.7,80.1,25.9
1280336,78.2,34.0,56.8,124.5,53.0
1280337,111.3,56.5,82.8,94.8,46.3
1280338,105.5,39.1,97.1,133.4,53.6
1280339,134.8,45.2,96.6,70.4,44.6
1280340,84.7,65.0,128.0,103.2,51.8
1280341,143.7,43.7,116.5,85.7,58.6
1280342,122.1,33.8,109.8,82.8,57.1
1280343,130.1,36.4,56.0,25.2,7.7
1280344,80.2,42.6,63.5,94.8,36.4
1280345,115.9,37.4,105.2,101.4,58.4
1280346,130.8,49.7,127.7,115.9,43.6
1280347,136.3,25.8,52.3,71.1,79.5
1280348,114.6,54.2,76.4,129.8,36.6
1280349,112.1,56.3,74.6,103.5,18.8
1280350,68.8,35.9,98.0,92.2,43.3
1280351,131.6,66.1,83.7,129.1,38.8
1280352,85.3,44.9,109.7,117.0,45.9
1280353,95.6,19.6,130.4,104.2,18.7
1280354,127.9,32.4,110.6,65.5,49.9
1280355,92.8,30.6,133.8,89.6,33.4
1280356,106.5,51.5,51.0,84.5,40.1
1280357,108.2,65.8,132.1,96.1,50.0
1280358,120.6,37.1,153.6,84.9,42.5
1280359,103.0,62.0,104.7,96.1,61.1
1280360,15.5,34.6,156.1,100.6,45.8
1280361,88.2,29.0,79.8,79.1,31.9
1280362,95.1,49.7,142.2,104.0,63.3
1280363,113.6,50.5,62.6,74.7,46.5
1280364,114.6,65.1,119.5,113.6,50.0
1280365,77.6,36.8,103.6,71.9,18.7
1280366,103.4,37.2,115.6,100.9,54.7
1280367,83.1,69.7,97.9,140.1,25.4
1280368,110.4,37.9,128.1,59.0,51.6
1280369,71.6,37.0,110.4,71.7,74.2
1280370,92.7,33.3,85.3,57.3,62.1
1280371,95.2,27.4,111.9,100.0,40.5
1280372,98.6,45.5,86.9,88.7,51.2
1280373,83.2,31.8,122.0,87.9,54.0
1280374,94.9,33.5,106.8,110.8,39.1
1280375,93.7,55.7,83.4,100.2,39.5
1280376,99.8,37.5,109.9,52.1,46.8
1280377,97.3,32.7,67.9,148.9,72.5
1280378,125.4,34.2,93.6,115.3,58.3
1280379,131.9,55.0,88.0,77.2,20.7
1280380,73.1,3.1,126.3,78.0,50.1
1280381,112.8,56.8,119.1,117.9,60.1
1280382,79.7,34.1,83.7,103.0,40.6
1280383,115.1,40.4,129.0,121.6,26.9
1280384,118.2,47.9,,48.4,54.3
1280385,124.4,49.7,84.6,92.9,52.5
1280386,110.6,57.3,71.3,127.2,36.9
1280387,88.6,39.3,128.6,57.7,60.0
1280388,90.4,25.0,122.0,148.1,79.0
1280389,90.7,45.6,110.9,76.0,29.4
1280390,119.9,27.4,70.2,99.8,73.7
1280391,95.2,58.9,98.2,84.1,57.2
1280392,89.7,43.8,70.7,107.3,31.6
1280393,116.9,39.2,104.1,120.6,49.2
1280394,156.1,39.4,80.2,21.9,39.6
1280395,89.4,77.4,135.3,96.5,71.7
1280396,125.2,20.9,97.8,58.0,28.7
1280397,83.8,28.0,90.2,87.1,68.1
1280398,77.9,40.2,76.1,92.2,78.7
1280399,124.5,36.4,87.5,98.4,37.8
1280400,98.9,49.6,104.9,100.2,71.3
1280401,73.4,48.7,52.0,101.8,56.2
1280402,88.5,30.0,98.8,68.1,44.2
1280403,108.9,33.6,92.6,125.8,65.1
1280404,127.1,44.5,93.2,127.0,53.4
1280405,109.3,60.5,98.9,132.9,17.0
1280406,96.2,28.3,86.9,55.9,23.7
1280407,99.5,70.5,111.2,105.3,37.2
1280408,59.1,64.2,84.5,135.0,37.9
1280409,157.4,42.3,132.1,135.6,50.5
1280410,122.1,36.4,98.9,69.9,50.6
1280411,90.6,48.4,78.9,74.4,32.9
1280412,154.7,28.8,154.9,140.1,59.0
1280413,80.3,65.3,75.3,124.9,46.4
1280414,132.8,67.3,81.0,91.8,48.1
1280415,106.6,30.8,79.0,110.2,48.6
1280416,96.3,57.8,68.6,91.8,57.7
1280417,107.6,42.0,100.7,108.3,45.2
1280418,91.0,38.1,97.8,92.6,62.4
1280419,72.7,56.9,45.7,103.4,65.3
1280420,89.1,30.9,137.0,120.5,56.9
1280421,89.8,34.1,107.8,89.3,24.8
1280422,81.1,61.1,51.5,115.5,15.9
1280423,102.4,69.4,112.4,100.7,43.3
1280424,65.6,26.2,139.3,91.0,40.0
1280425,101.3,56.5,102.6,84.0,48.5
1280426,143.1,31.5,38.7,92.6,48.7
1280427,122.1,44.3,120.5,116.3,53.6
1280428,140.8,39.9,77.7,111.2,29.3
1280429,119.8,38.2,100.2,116.7,57.2
1280430,92.2,40.7,137.8,91.2,41.8
1280431,123.9,45.9,73.7,118.1,50.1
1280432,72.0,37.6,106.2,128.4,63.4
1280433,60.1,56.7,103.9,128.6,63.1
1280434,88.8,52.8,134.6,120.6,61.7
1280435,98.6,53.0,68.6,65.3,24.9
1280436,124.2,20.4,107.8,112.5,8.5
1280437,104.1,49.8,96.7,97.4,55.9
1280438,75.5,32.3,85.7,87.5,49.6
1280439,54.0,39.3,82.7,121.9,80.3
1280440,130.4,36.2,140.9,100.2,60.2
1280441,134.7,56.3,62.0,126.9,23.5
1280442,108.7,32.9,97.0,131.0,51.1
1280443,96.7,61.2,,107.1,45.0
1280444,55.0,39.2,72.0,138.2,51.0
1280445,138.8,22.4,83.8,152.6,67.0
1280446,158.7,41.5,120.4,78.6,30.8
1280447,122.4,61.6,152.4,88.8,49.0
1280448,121.9,30.3,67.7,83.1,53.0
1280449,82.7,29.0,99.6,68.4,54.9
1280450,79.5,78.3,113.0,95.9,32.2
1280451,116.9,21.7,31.6,42.7,32.4
1280452,103.3,29.6,70.0,91.1,34.0
1280453,121.6,57.8,74.0,48.2,46.0
1280454,69.1,29.0,136.7,87.6,33.2
1280455,118.9,69.6,107.4,102.6,34.5
1280456,96.5,28.6,119.7,142.9,44.3
1280457,79.2,80.7,76.7,92.1,30.8
1280458,112.2,43.0,92.1,146.5,40.9
1280459,131.0,55.0,120.5,118.6,20.6
1280460,120.4,44.0,98.4,86.8,64.6
1280461,145.9,70.1,99.9,113.6,61.8
1280462,95.7,38.7,97.2,68.3,24.9
1280463,96.7,43.2,69.0,57.0,34.6
1280464,64.5,48.8,151.8,109.1,40.3
1280465,87.4,27.6,95.4,98.7,35.4
1280466,90.7,65.8,94.4,141.7,27.9
1280467,128.4,41.8,91.0,105.3,41.1
1280468,78.5,57.6,122.8,57.1,29.0
1280469,117.6,50.1,83.2,95.8,47.9
1280470,96.7,41.5,53.2,95.0,66.2
1280471,91.8,58.0,117.6,121.1,68.2
1280472,111.3,61.0,62.9,133.2,38.0
1280473,86.5,49.6,130.5,112.0,45.6
1280474,67.2,45.9,77.4,109.2,63.0
1280475,95.8,47.9,91.6,89.5,34.2
1280476,115.6,19.0,115.9,107.6,22.4
1280477,107.9,65.4,85.0,96.3,64.9
1280478,124.6,48.0,116.1,103.5,29.2
1280479,133.9,49.7,165.7,107.9,49.4
1280480,136.7,60.5,107.2,119.0,39.2
1280481,125.6,21.3,148.6,100.0,41.8
1280482,70.8,40.8,51.7,87.1,50.5
1280483,94.6,43.1,70.6,77.6,39.0
1280484,99.9,54.4,101.2,109.5,29.6
1280485,101.6,59.5,95.7,121.4,47.9
1280486,88.4,53.5,116.7,126.3,40.8
1280487,102.9,32.5,86.4,79.7,51.6
1280488,124.5,42.4,97.8,72.9,40.3
1280489,124.1,40.6,71.9,108.6,33.4
1280490,117.5,49.6,100.9,112.6,43.9
1280491,142.3,62.3,102.3,69.9,45.1
1280492,88.8,39.9,112.4,59.8,43.8
1280493,82.9,40.7,105.1,116.8,55.9
1280494,117.4,32.4,118.9,110.7,14.9
1280495,106.5,49.9,121.2,104.6,49.7
1280496,114.3,39.1,104.4,106.6,40.2
1280497,89.1,31.5,105.8,120.0,36.2
1280498,86.2,35.4,,115.7,55.9
1280499,88.3,42.5,99.3,130.2,55.6
1280500,112.5,35.7,89.4,75.9,37.3
1280501,88.2,60.8,107.9,76.2,30.5
1280502,98.6,43.1,110.1,55.0,61.8
1280503,145.7,47.6,92.0,93.7,49.4
1280504,45.6,49.6,55.2,143.3,28.7
1280505,88.8,53.1,51.1,45.8,32.0
1280506,50.3,40.1,83.5,129.4,41.4
1280507,43.1,38.3,137.1,113.3,24.8
1280508,107.5,50.7,64.2,114.0,43.3
1280509,119.9,12.0,87.9,67.5,39.9
1280510,73.2,31.3,106.7,57.1,47.0
1280511,124.6,40.8,117.7,68.8,61.0
1280512,140.9,35.5,134.1,90.5,23.1
1280513,117.0,37.9,84.7,75.7,19.6
1280514,84.2,60.9,134.8,87.1,40.0
1280515,85.5,55.9,137.5,85.3,44.5
1280516,92.1,33.2,92.2,137.8,66.9
1280517,103.9,67.6,150.3,101.7,51.4
1280518,103.5,66.9,,65.9,51.1
1280519,97.0,41.5,63.9,128.8,25.3
1280520,92.7,15.0,96.0,156.9,72.1
1280521,93.8,55.5,68.1,58.0,34.2
1280522,102.0,67.1,141.3,114.2,52.8
1280523,87.1,17.5,96.4,110.7,20.4
1280524,105.5,60.4,109.6,104.1,31.1
1280525,79.3,32.9,112.7,65.5,63.1
1280526,124.8,56.8,115.4,97.5,34.7
1280527,151.0,51.6,73.7,79.6,34.3
1280528,91.8,66.1,83.9,71.5,46.4
1280529,81.7,47.3,87.5,108.4,58.2
1280530,84.9,21.3,77.5,97.8,65.2
1280531,87.4,11.6,105.9,120.5,0.0
1280532,100.0,55.9,89.5,90.8,36.8
1280533,120.6,46.3,91.6,116.9,70.3
1280534,78.0,41.3,98.2,135.4,54.7
1280535,78.8,31.7,123.2,92.0,42.9
1280536,55.9,32.1,90.8,86.4,43.8
1280537,119.0,64.9,82.1,129.1,51.9
1280538,155.8,66.4,184.7,101.6,69.4
1280539,123.2,10.9,130.9,110.5,62.1
1280540,123.7,57.9,94.7,121.7,47.7
1280541,94.1,42.3,69.9,110.8,55.7
1280542,109.0,41.2,66.7,101.4,34.7
1280543,166.6,66.6,115.3,81.8,24.4
1280544,78.6,59.3,73.9,93.2,37.2
1280545,117.2,59.3,141.5,83.6,38.4
1280546,128.0,28.0,127.8,93.5,44.9
1280547,80.6,50.8,87.8,116.4,23.2
1280548,63.6,36.2,107.1,103.5,30.7
1280549,118.2,46.7,46.4,61.2,61.7
1280550,97.9,40.3,122.6,65.4,64.5
1280551,94.5,53.0,122.4,98.1,43.0
1280552,114.3,34.9,95.7,156.9,52.2
1280553,109.8,24.3,105.7,136.7,59.8
1280554,84.2,51.8,89.8,53.9,3.1
1280555,85.2,38.0,49.1,89.6,52.2
1280556,97.8,29.1,91.2,88.7,37.9
1280557,157.3,47.6,89.6,128.6,46.2
1280558,82.0,41.8,73.4,55.7,46.6
1280559,86.7,54.1,54.4,58.6,33.8
1280560,87.2,48.5,73.7,94.4,32.7
1280561,138.3,52.1,94.4,112.7,63.7
1280562,101.0,69.4,59.9,59.3,59.8
1280563,76.6,33.2,74.0,102.3,21.0
1280564,127.6,20.1,146.4,97.1,59.0
1280565,102.5,41.8,107.2,86.8,76.6
1280566,86.1,64.9,51.7,77.0,55.2
1280567,142.1,48.1,102.8,92.2,41.0
1280568,103.6,59.5,105.4,69.6,59.1
1280569,84.0,50.9,51.6,103.7,48.0
1280570,136.4,68.5,138.6,146.5,60.5
1280571,92.3,50.5,114.1,105.1,42.4
1280572,118.0,33.1,110.3,127.8,54.6
1280573,78.2,73.4,96.2,80.6,55.6
1280574,109.6,47.0,57.3,108.4,35.3
1280575,99.7,16.9,116.1,78.5,47.5
1280576,100.0,40.9,89.4,99.1,71.3
1280577,101.4,14.7,75.3,91.3,54.9
1280578,78.1,62.9,100.7,48.6,41.4
1280579,125.9,47.6,105.2,102.5,70.3
1280580,119.9,42.8,73.4,106.2,67.7
1280581,109.2,38.3,86.6,50.2,36.1
1280582,92.2,31.3,80.8,95.0,66.1
1280583,119.1,58.6,125.6,77.1,62.5
1280584,90.6,32.5,130.2,72.9,34.5
1280585,109.7,28.7,110.4,114.7,35.8
1280586,88.2,37.1,109.4,41.1,13.0
1280587,99.5,40.7,76.3,87.1,15.1
1280588,131.0,50.5,91.4,85.7,50.2
1280589,86.6,17.1,95.0,62.3,49.4
1280590,113.8,69.0,93.3,59.2,58.4
1280591,113.5,49.6,95.6,77.6,47.4
1280592,55.6,57.6,103.1,64.1,34.4
1280593,137.7,58.5,,126.8,20.9
1280594,62.5,53.1,84.7,80.7,49.3
1280595,23.9,50.8,71.6,97.2,66.5
1280596,92.8,31.7,134.9,82.0,78.9
1280597,99.1,59.9,107.2,93.7,61.3
1280598,134.5,39.7,74.7,30.0,57.6
1280599,101.6,39.5,100.8,87.2,54.4
1280600,89.4,48.1,85.7,114.5,39.3
1280601,104.4,40.7,74.9,106.2,40.3
1280602,96.6,43.3,120.3,90.5,35.9
1280603,114.5,25.0,110.2,86.8,38.8
1280604,88.9,49.5,110.7,64.5,41.6
1280605,69.9,48.2,79.9,117.6,68.3
1280606,138.0,45.5,56.6,38.9,56.2
1280607,95.9,35.9,108.5,112.4,55.1
1280608,121.4,30.4,82.0,81.8,54.5
1280609,129.6,67.5,98.8,127.5,44.5
1280610,118.1,61.9,78.5,108.8,58.0
1280611,89.8,44.9,,118.1,38.7
1280612,104.8,28.3,130.2,92.5,60.6
1280613,96.1,24.5,99.8,95.0,50.3
1280614,72.1,57.8,109.9,82.0,32.4
1280615,136.9,18.6,81.5,106.9,38.3
1280616,138.3,42.5,132.2,127.7,22.2
1280617,78.5,47.1,78.8,134.9,40.4
1280618,102.6,35.1,120.2,104.3,24.7
1280619,127.3,42.7,116.7,144.7,28.1
1280620,109.5,42.5,147.3,111.3,59.7
1280621,115.4,17.5,100.9,89.4,44.5
1280622,88.6,45.8,92.6,118.0,43.6
1280623,148.9,41.9,96.4,47.5,38.8
1280624,105.4,42.3,128.6,83.3,30.3
1280625,105.3,67.8,95.0,65.1,42.5
1280626,112.7,40.8,71.2,81.2,29.8
1280627,106.2,29.4,109.2,98.7,27.4
1280628,75.9,28.3,91.2,73.5,42.9
1280629,138.1,26.3,138.2,133.7,44.2
1280630,111.4,34.7,107.9,92.3,45.8
1280631,84.1,46.2,51.9,95.5,40.5
1280632,49.5,25.7,121.5,129.1,63.4
1280633,117.1,25.8,52.1,70.5,88.9
1280634,118.2,35.6,58.0,99.4,44.6
1280635,69.2,26.0,122.7,121.3,59.6
1280636,92.6,45.0,92.7,69.3,43.9
1280637,110.1,46.5,95.1,104.3,28.1
1280638,81.3,32.5,90.3,121.0,44.1
1280639,123.0,49.1,100.4,103.6,41.2
1280640,140.5,48.6,84.5,87.7,39.1
1280641,153.9,39.7,100.0,97.0,62.8
1280642,44.8,67.2,72.9,92.4,36.9
1280643,82.2,8.9,104.8,89.9,43.4
1280644,42.0,36.4,131.0,103.1,67.3
1280645,136.7,33.8,124.0,111.9,78.3
1280646,124.6,35.2,80.1,101.4,26.7
1280647,106.2,43.6,91.9,116.6,65.8
1280648,89.7,43.7,132.7,42.8,51.7
1280649,73.0,38.1,113.6,106.1,27.3
1280650,103.2,49.1,89.8,119.7,61.3
1280651,68.9,80.7,76.5,112.2,40.1
1280652,112.1,48.6,106.4,106.2,42.3
1280653,81.5,71.5,103.7,110.9,65.1
1280654,97.6,70.1,99.5,95.6,31.4
1280655,92.9,55.4,91.1,112.6,38.9
1280656,113.2,49.9,103.3,101.6,16.5
1280657,132.4,59.3,81.6,124.2,24.9
1280658,83.7,44.6,133.9,92.0,57.4
1280659,101.7,58.4,89.0,61.2,57.0
1280660,82.7,55.5,107.9,84.6,56.7
1280661,159.8,60.3,112.2,91.2,41.8
1280662,112.0,37.0,102.9,90.5,22.5
1280663,148.0,30.8,132.4,87.3,44.1
1280664,113.2,67.0,81.3,115.2,39.7
1280665,134.4,49.3,103.1,127.5,45.8
1280666,103.8,50.2,115.9,94.6,44.8
1280667,98.7,62.2,115.5,84.9,68.4
1280668,100.5,69.1,71.5,85.5,57.7
1280669,111.0,69.4,131.4,96.9,26.4
1280670,125.2,40.9,108.4,127.9,58.4
1280671,126.9,56.5,96.3,52.5,53.1
1280672,91.8,29.6,86.6,144.0,39.1
1280673,75.3,30.0,116.6,123.9,30.1
1280674,139.3,48.8,93.7,110.8,27.9
1280675,72.4,62.5,133.7,83.9,49.2
1280676,130.0,60.9,145.5,89.8,44.5
1280677,122.1,28.9,128.9,111.7,47.9
1280678,85.6,49.8,60.8,61.3,40.5
1280679,93.4,35.8,139.8,108.2,10.0
1280680,102.8,36.9,127.7,78.5,61.2
1280681,110.3,61.8,48.1,80.0,45.4
1280682,106.7,32.7,110.1,75.6,40.4
1280683,44.5,44.3,136.8,108.3,51.3
1280684,108.7,48.4,55.2,147.5,31.4
1280685,128.4,52.1,77.1,56.9,73.2
1280686,72.8,20.0,113.2,73.3,52.7
1280687,99.4,41.5,98.6,104.7,44.9
1280688,78.7,40.3,100.3,67.8,30.8
1280689,95.9,59.6,78.6,83.6,55.9
1280690,107.5,38.1,135.6,90.7,43.9
1280691,80.9,22.4,82.9,84.1,55.9
1280692,71.4,37.0,108.7,142.2,20.0
1280693,176.2,52.1,66.3,90.0,81.0
1280694,92.4,50.3,123.1,81.2,43.8
1280695,148.3,76.8,60.9,110.1,41.8
1280696,59.6,40.6,92.2,90.3,51.0
1280697,78.3,74.0,71.9,30.4,40.3
1280698,170.0,34.1,115.9,86.5,60.0
1280699,84.6,46.4,103.7,85.3,27.4
1280700,113.2,30.5,126.6,124.0,32.0
1280701,98.5,53.5,41.2,89.3,37.9
1280702,92.7,55.9,94.7,129.2,59.0
1280703,127.2,15.0,104.8,91.7,44.0
1280704,105.3,58.2,,113.9,32.8
1280705,143.6,47.2,80.2,79.5,38.9
1280706,69.9,42.4,85.2,108.5,43.8
1280707,120.8,50.7,111.2,105.7,62.3
1280708,92.8,58.8,127.8,90.2,26.9
1280709,107.6,29.5,99.1,124.1,49.2
1280710,130.8,37.5,107.2,81.1,40.5
1280711,92.3,48.7,106.9,105.7,79.5
1280712,106.9,60.7,109.8,65.2,45.3
1280713,87.0,38.9,95.0,51.0,70.6
1280714,101.2,76.2,118.6,116.7,29.3
1280715,99.4,68.3,106.3,62.5,48.7
1280716,86.4,38.1,105.0,54.8,57.5
1280717,83.7,40.2,61.8,62.7,37.1
1280718,100.3,59.2,122.1,114.4,54.4
1280719,108.4,16.1,119.8,110.4,54.6
1280720,94.2,54.5,69.4,99.4,47.4
1280721,131.8,55.5,112.4,95.4,36.0
1280722,103.1,66.2,148.8,104.5,29.0
1280723,95.4,48.6,120.2,97.9,36.5
1280724,86.2,47.8,96.0,151.6,8.4
1280725,100.0,45.6,93.7,77.9,47.2
1280726,87.1,45.9,125.6,109.9,62.1
1280727,122.1,56.0,73.7,89.8,5.4
1280728,64.4,50.9,132.5,123.9,43.5
1280729,116.2,44.4,80.4,140.1,37.8
1280730,105.1,40.3,99.6,72.0,53.8
1280731,89.9,41.3,107.7,103.7,59.0
1280732,126.7,39.0,97.4,126.5,41.3
1280733,81.6,49.7,100.9,121.8,41.1
1280734,79.4,35.3,98.3,76.9,30.2
1280735,98.4,24.7,62.1,101.7,22.0
1280736,72.4,40.5,115.5,73.5,71.4
1280737,100.8,79.7,131.5,87.3,40.8
1280738,120.6,46.1,90.8,97.6,39.8
1280739,104.3,53.4,75.5,85.0,17.9
1280740,75.5,37.6,105.0,87.4,38.6
1280741,118.0,42.4,140.6,129.2,41.5
1280742,74.3,45.0,107.6,56.9,37.3
1280743,121.7,34.6,95.4,117.4,29.6
1280744,85.4,41.6,74.9,89.8,35.3
1280745,132.6,47.1,140.9,101.6,69.1
1280746,47.8,43.9,74.3,108.1,38.3
1280747,115.5,37.0,96.7,124.1,6.5
1280748,119.1,61.3,114.2,139.0,36.6
1280749,89.9,57.0,150.8,91.3,51.8
1280750,105.6,34.9,108.2,99.5,62.3
1280751,137.2,51.1,90.4,130.3,24.2
1280752,104.8,30.6,65.1,107.7,9.8
1280753,86.4,36.8,92.6,108.2,38.0
1280754,119.1,42.0,118.3,115.0,27.5
1280755,126.9,54.5,91.9,88.7,29.0
1280756,120.9,33.5,134.5,87.3,22.9
1280757,123.6,81.7,58.3,123.4,51.4
1280758,99.1,35.7,61.3,91.1,30.7
1280759,92.0,18.4,83.4,95.5,54.5
1280760,119.3,49.8,99.3,81.6,38.7
1280761,35.7,49.0,84.8,106.4,23.6
1280762,89.5,37.1,63.5,123.7,52.8
1280763,120.1,27.4,99.5,81.2,27.4
1280764,132.0,45.3,113.1,67.1,43.1
1280765,83.5,41.9,74.1,90.8,33.9
1280766,84.0,37.4,88.8,142.3,20.9
1280767,87.3,37.6,108.9,112.3,49.6
1280768,110.6,22.3,74.5,128.1,51.1
1280769,81.3,52.9,103.8,112.9,47.9
1280770,123.0,47.9,122.7,115.3,42.0
1280771,106.3,29.0,141.2,83.8,63.3
1280772,170.7,37.6,63.6,104.3,43.9
1280773,126.5,20.4,104.8,76.0,66.1
1280774,111.5,70.9,139.3,88.7,82.8
1280775,113.5,47.9,82.2,111.9,22.9
1280776,105.3,34.3,64.8,78.8,39.6
1280777,107.9,53.3,119.6,103.2,60.1
1280778,120.6,39.4,141.0,120.1,54.2
1280779,113.3,24.0,90.2,101.7,41.0
1280780,73.8,47.6,130.4,136.6,28.9
1280781,122.4,35.7,131.7,74.2,54.7
1280782,109.7,47.6,108.5,107.1,70.6
1280783,147.3,77.2,76.7,129.0,47.7
1280784,40.3,47.7,126.3,110.2,8.9
1280785,162.7,32.1,130.9,102.9,44.4
1280786,55.1,49.1,62.1,113.1,34.0
1280787,110.8,78.6,69.3,59.6,49.9
1280788,115.9,30.2,107.6,98.3,66.1
1280789,152.2,75.8,69.8,97.0,29.7
1280790,117.8,24.9,84.4,106.1,52.5
1280791,119.5,52.3,57.3,118.1,23.6
1280792,92.3,37.2,114.9,109.4,44.0
1280793,118.8,47.5,157.2,118.3,52.2
1280794,101.4,48.6,104.5,132.7,47.1
1280795,104.5,36.1,94.4,102.5,53.5
1280796,72.0,37.0,128.0,148.1,43.3
1280797,113.4,35.5,103.3,94.2,48.2
1280798,71.9,62.1,106.6,118.2,20.9
1280799,81.0,37.9,109.5,99.1,45.1
1280800,115.3,41.2,101.8,73.4,36.8
1280801,80.3,53.8,97.4,116.5,74.0
1280802,40.3,40.6,75.3,116.2,43.3
1280803,103.0,17.4,111.2,142.4,41.2
1280804,54.8,48.8,64.4,109.3,35.4
1280805,127.2,57.5,110.0,111.4,12.2
1280806,84.0,52.9,91.4,119.6,49.9
1280807,91.5,39.5,76.2,107.0,60.4
1280808,109.2,54.9,148.7,89.3,57.0
1280809,69.9,40.7,86.2,101.7,64.4
1280810,109.5,59.4,89.6,125.9,64.9
1280811,126.7,83.1,114.2,111.3,61.3
1280812,86.2,40.6,90.0,93.8,61.8
1280813,73.4,55.4,121.6,76.0,57.0
1280814,116.5,53.6,74.2,127.5,42.8
1280815,105.7,27.8,81.4,90.8,64.2
1280816,115.1,28.2,112.2,98.3,31.5
1280817,125.2,57.6,94.7,78.2,41.5
1280818,74.3,52.7,148.4,90.1,48.9
1280819,46.8,57.9,90.8,80.4,34.1
1280820,109.6,36.9,103.9,98.1,58.2
1280821,121.5,32.3,103.8,128.1,46.4
1280822,99.4,38.8,121.6,97.0,34.8
1280823,103.1,32.1,137.8,120.2,47.0
1280824,92.6,47.6,110.2,139.1,42.8
1280825,98.4,22.9,137.2,79.9,55.2
1280826,57.4,26.9,109.4,89.3,44.9
1280827,113.0,54.8,85.8,109.0,46.1
1280828,116.4,15.9,93.1,133.4,54.6
1280829,87.2,41.1,67.5,107.1,20.8
1280830,86.6,22.2,122.3,69.8,29.9
1280831,103.1,42.6,77.2,104.0,62.7
1280832,61.4,59.6,149.9,149.9,28.8
1280833,91.6,27.4,93.5,92.1,44.3
1280834,132.9,20.5,112.6,99.3,56.4
1280835,49.8,50.1,103.0,97.1,43.2
1280836,90.5,45.1,100.6,110.8,77.2
1280837,93.1,73.8,70.4,78.8,22.6
1280838,111.0,40.3,147.3,123.2,69.1
1280839,85.5,20.2,122.8,84.1,26.8
1280840,94.0,25.2,112.9,72.7,42.0
1280841,130.1,36.2,95.1,107.1,34.6
1280842,89.4,40.8,77.0,129.7,47.1
1280843,96.2,21.0,114.2,74.8,51.3
1280844,48.6,53.2,100.5,113.1,50.8
1280845,129.1,42.8,122.6,112.8,44.9
1280846,96.9,52.8,112.8,86.6,46.7
1280847,104.2,46.9,132.8,65.5,6.0
1280848,122.1,45.7,100.8,115.7,37.3
1280849,159.9,60.3,132.4,107.3,62.9
1280850,121.0,43.9,87.3,78.8,37.6
1280851,83.6,20.2,109.1,101.3,52.9
1280852,106.2,31.6,52.4,91.8,37.4
1280853,78.0,78.8,112.6,48.2,12.8
1280854,127.6,32.4,87.4,99.7,49.9
1280855,113.3,44.5,81.6,115.2,62.7
1280856,118.1,67.8,109.3,59.6,52.4
1280857,88.9,42.2,113.4,103.4,50.3
1280858,102.2,24.0,121.2,99.2,51.8
1280859,114.1,65.5,129.7,99.7,73.7
1280860,114.4,75.5,89.0,88.0,45.5
1280861,104.7,63.0,138.9,107.8,64.7
1280862,110.5,38.4,102.0,111.9,37.7
1280863,122.7,48.9,58.5,79.3,18.1
1280864,150.0,64.2,96.7,104.2,57.0
1280865,114.3,69.0,98.2,114.3,51.1
1280866,123.4,41.5,94.7,83.2,28.5
1280867,115.1,41.6,137.5,109.9,32.0
1280868,61.0,33.6,89.5,57.8,49.2
1280869,112.1,22.9,104.0,131.1,52.9
1280870,46.4,0.0,104.0,95.4,61.3
1280871,111.3,66.7,107.5,71.0,28.8
1280872,48.8,45.5,80.8,86.3,89.5
1280873,62.4,27.0,104.6,86.4,59.8
1280874,53.0,51.9,,109.7,33.3
1280875,106.7,44.6,87.6,74.2,44.6
1280876,74.5,54.9,79.0,112.8,57.1
1280877,99.0,44.7,70.9,101.3,41.4
1280878,126.2,20.1,54.7,45.8,46.3
1280879,75.0,62.8,101.7,121.4,54.7
1280880,103.4,56.1,124.5,63.8,30.4
1280881,104.1,55.2,113.2,117.1,33.5
1280882,119.6,72.7,90.4,161.9,28.5
1280883,125.0,51.8,82.3,118.1,40.7
1280884,41.5,38.4,135.5,86.1,10.5
1280885,135.2,55.1,81.6,114.9,90.7
1280886,122.8,61.0,88.5,130.1,55.6
1280887,92.1,52.5,79.2,120.9,12.9
1280888,89.5,34.4,97.9,66.0,35.3
1280889,98.8,41.3,108.5,74.5,2.8
1280890,118.5,56.0,85.7,103.8,35.2
1280891,114.3,66.3,113.2,120.8,44.8
1280892,115.2,80.3,85.9,114.8,36.9
1280893,127.7,60.4,101.6,97.6,54.9
1280894,97.8,36.9,133.6,97.0,46.5
1280895,86.3,35.1,107.3,91.1,45.9
1280896,49.4,34.4,147.8,111.1,39.3
1280897,107.3,24.2,121.5,95.8,62.4
1280898,112.6,43.2,76.5,43.0,65.4
1280899,77.4,37.7,131.8,115.2,55.1
1280900,100.9,52.9,73.8,117.6,33.0
1280901,31.7,33.5,75.9,123.8,0.0
1280902,107.7,62.2,91.4,96.5,22.8
1280903,110.8,56.3,123.7,57.9,35.9
1280904,127.9,75.8,104.1,73.4,30.5
1280905,69.3,40.4,73.2,77.8,43.5
1280906,69.4,46.6,79.6,109.0,65.2
1280907,121.7,69.5,108.9,70.5,62.2
1280908,101.8,41.8,,94.3,34.3
1280909,94.0,28.7,91.5,90.6,43.0
1280910,82.0,50.6,99.6,86.2,22.2
1280911,116.4,39.6,103.5,83.7,58.7
1280912,108.6,57.5,129.3,151.0,47.2
1280913,98.4,50.1,118.5,94.3,29.5
1280914,96.2,32.6,68.8,39.3,28.9
1280915,111.6,46.2,83.8,118.9,38.6
1280916,134.8,34.7,86.7,132.2,21.7
1280917,82.9,21.7,108.5,67.4,46.5
1280918,176.0,29.0,113.2,101.5,52.9
1280919,94.8,18.0,106.9,90.5,43.8
1280920,83.7,32.6,121.6,132.0,34.1
1280921,63.0,33.8,100.5,140.4,32.1
1280922,55.2,51.7,150.0,83.5,56.3
1280923,123.9,47.9,116.8,115.6,47.5
1280924,134.2,43.1,89.9,89.6,38.5
1280925,128.7,57.3,102.3,101.9,37.9
1280926,97.9,31.0,100.3,89.2,60.5
1280927,112.6,45.7,109.2,103.8,49.1
1280928,119.4,73.8,58.5,97.8,26.4
1280929,112.0,60.7,65.9,109.3,35.1
1280930,54.9,24.7,69.8,108.8,50.0
1280931,104.6,47.3,99.5,102.0,58.0
1280932,114.5,9.0,83.9,97.4,57.7
1280933,98.8,31.7,96.9,39.8,20.8
1280934,61.6,50.1,71.0,148.5,40.5
1280935,105.7,67.0,104.4,92.4,28.3
1280936,103.3,36.1,65.9,110.3,61.4
1280937,142.1,45.2,97.8,90.3,23.9
1280938,156.3,73.4,74.2,75.1,0.0
1280939,56.9,47.9,125.9,69.2,60.2
1280940,124.7,50.8,90.7,143.7,33.4
1280941,90.1,37.0,133.5,95.8,0.0
1280942,107.7,26.7,87.3,118.0,42.9
1280943,134.7,49.0,64.9,66.8,39.3
1280944,64.0,42.9,145.2,55.9,40.2
1280945,130.6,37.6,83.7,109.4,51.7
1280946,104.7,52.8,110.4,101.9,44.8
1280947,114.1,50.4,131.3,97.0,40.2
1280948,139.4,47.1,114.0,80.9,52.5
1280949,67.3,75.5,78.1,99.2,38.0
1280950,121.7,53.6,107.7,88.4,49.5
1280951,52.0,33.2,,68.4,13.3
1280952,105.4,62.2,103.6,96.9,28.6
1280953,72.4,49.5,132.8,100.6,29.9
1280954,130.5,39.8,103.4,121.3,31.4
1280955,83.6,10.7,113.3,82.6,39.1
1280956,99.1,25.6,104.8,103.0,36.2
1280957,106.2,67.9,94.9,109.6,55.8
1280958,97.3,45.2,68.1,82.5,52.5
1280959,77.4,64.1,81.9,121.1,58.1
1280960,84.9,22.4,99.5,69.6,45.3
1280961,80.4,33.8,121.5,96.2,41.2
1280962,94.4,53.7,76.6,83.3,56.2
1280963,73.1,62.2,,93.9,23.8
1280964,111.0,31.8,87.1,96.7,51.1
1280965,141.1,51.4,101.5,129.1,54.5
1280966,77.0,32.0,93.7,111.1,60.8
1280967,86.2,61.3,39.0,74.0,22.7
1280968,118.8,54.5,96.4,139.2,28.8
1280969,102.5,42.3,108.3,99.3,41.9
1280970,73.6,43.0,113.8,54.6,23.0
1280971,115.7,67.0,102.1,122.0,39.6
1280972,113.5,49.1,110.4,86.2,72.6
1280973,72.4,64.4,94.9,115.9,50.5
1280974,61.0,37.8,69.0,70.3,59.5
1280975,98.9,40.1,113.9,87.8,49.0
1280976,70.9,9.4,115.8,99.6,42.6
1280977,113.0,56.4,130.0,44.6,41.1
1280978,100.4,60.4,123.2,93.1,49.3
1280979,41.8,53.7,138.2,160.0,46.5
1280980,74.1,49.6,103.9,102.9,46.6
1280981,79.5,45.8,90.9,66.2,37.0
1280982,97.8,32.5,95.7,96.4,29.0
1280983,83.9,28.3,112.6,73.4,49.3
1280984,97.7,30.6,103.6,141.9,40.3
1280985,98.0,38.5,99.5,118.3,38.8
1280986,140.0,60.5,102.2,75.8,66.9
1280987,84.6,35.2,73.6,73.5,54.8
1280988,71.8,46.8,104.5,81.4,49.2
1280989,134.9,72.8,91.2,130.8,49.2
1280990,133.6,39.9,69.6,108.9,88.3
1280991,107.6,29.1,92.4,117.9,71.1
1280992,122.2,64.8,102.5,97.1,61.8
1280993,98.4,16.2,48.6,87.5,43.5
1280994,90.4,47.8,106.9,137.4,23.7
1280995,111.9,69.4,134.2,95.9,81.4
1280996,122.0,35.5,72.2,84.2,51.8
1280997,50.2,26.8,64.8,135.1,40.8
1280998,140.5,66.7,103.5,95.7,33.7
1280999,94.9,44.9,60.9,81.6,34.7
1281000,86.6,42.3,70.6,92.6,61.8
