TransactionID,ItemCount,FreshProduce_Percent,CouponUsed,PaymentMethod,TotalSpend
1990001,330.8,120.3,1,237.8,258.6
1990002,491.2,297.6,1,160.7,52.7
1990003,206.0,478.8,1,306.4,272.3
1990004,423.6,426.1,1,449.7,173.6
1990005,237.3,139.3,1,243.2,158.5
1990006,277.0,287.3,1,193.7,110.0
1990007,313.5,22.7,1,142.1,464.5
1990008,172.6,23.1,0,387.0,452.2
1990009,490.7,118.8,1,295.2,231.2
1990010,137.9,136.4,1,17.1,463.0
1990011,470.6,33.5,1,174.9,439.4
1990012,32.0,453.7,1,485.6,149.4
1990013,215.9,481.8,1,486.3,426.0
1990014,416.7,333.6,1,102.6,34.6
1990015,294.5,183.5,1,209.6,136.1
1990016,66.8,418.0,1,315.2,436.5
1990017,63.2,76.4,0,347.7,31.6
1990018,446.9,262.1,1,95.8,499.2
1990019,227.7,386.5,0,179.5,75.8
1990020,274.2,166.8,0,338.5,290.9
1990021,298.5,273.4,0,283.4,356.5
1990022,274.3,446.2,1,438.5,72.8
1990023,49.2,496.3,1,274.3,15.7
1990024,184.8,161.3,0,484.5,377.9
1990025,162.4,34.1,1,142.3,287.0
1990026,430.1,235.9,1,206.5,179.4
1990027,415.3,323.3,0,91.5,44.7
1990028,253.5,475.1,1,384.8,237.9
1990029,403.3,142.0,1,148.2,135.3
1990030,245.5,119.6,1,405.8,251.0
1990031,105.6,162.9,1,33.1,26.4
1990032,424.2,489.9,0,445.9,209.9
1990033,160.4,382.3,1,104.8,13.7
1990034,142.0,146.4,0,43.9,214.0
1990035,426.9,143.5,0,285.0,466.1
1990036,237.5,194.2,1,147.4,268.5
1990037,294.5,,1,162.4,46.8
1990038,483.2,97.4,0,101.0,478.3
1990039,150.0,342.7,0,320.4,137.5
1990040,436.4,77.3,1,37.4,459.9
1990041,51.0,26.3,0,290.6,190.3
1990042,394.9,293.8,0,351.0,436.0
1990043,122.9,378.7,1,167.3,376.9
1990044,62.7,350.7,1,448.8,48.1
1990045,479.9,379.1,1,199.7,252.2
1990046,173.6,473.5,1,41.2,177.3
1990047,282.2,481.4,1,138.8,394.9
1990048,368.0,35.8,1,320.5,318.0
1990049,191.6,149.2,0,235.6,217.0
1990050,439.2,,1,40.3,156.8
1990051,452.0,283.6,0,499.8,336.7
1990052,281.2,494.1,1,247.0,87.9
1990053,146.5,293.7,1,447.1,130.6
1990054,424.3,118.3,0,414.6,467.4
1990055,97.7,466.5,0,490.7,342.5
1990056,12.6,249.3,0,479.0,95.4
1990057,458.3,21.6,1,391.2,182.6
1990058,170.1,433.8,0,183.8,182.0
1990059,265.7,351.7,1,360.5,400.5
1990060,79.9,34.9,0,303.4,452.1
1990061,49.5,437.1,1,258.0,197.8
1990062,206.6,191.5,1,443.4,471.9
1990063,432.6,37.6,0,150.6,184.6
1990064,461.3,250.1,0,252.6,398.1
1990065,288.2,362.8,1,176.5,496.3
1990066,158.8,215.6,0,397.2,355.7
1990067,130.1,338.8,0,489.5,492.0
1990068,89.8,465.5,0,32.6,195.2
1990069,31.6,89.5,0,414.7,353.9
1990070,429.9,432.8,1,243.8,98.8
1990071,47.6,447.7,0,98.8,153.9
1990072,142.3,,0,316.2,275.1
1990073,238.9,56.5,1,60.9,280.8
1990074,395.5,41.8,1,439.9,342.2
1990075,126.2,361.4,0,177.0,387.3
1990076,233.2,68.5,0,368.2,360.5
1990077,208.6,210.5,1,35.7,115.9
1990078,248.7,330.0,0,449.0,56.2
1990079,25.6,136.5,1,346.0,14.3
1990080,409.8,29.4,1,345.4,173.0
1990081,198.8,187.0,0,54.3,486.0
1990082,348.3,148.3,1,271.4,388.1
1990083,476.0,22.6,1,214.4,367.4
1990084,252.7,323.2,1,42.4,225.6
1990085,397.1,322.1,1,397.5,498.8
1990086,308.5,480.8,0,378.0,338.5
1990087,311.5,394.4,1,280.9,69.1
1990088,158.1,236.3,0,415.0,308.8
1990089,197.5,187.6,0,353.4,398.4
1990090,297.9,206.3,1,187.9,32.6
1990091,15.6,39.6,0,214.6,370.3
1990092,81.9,157.4,0,247.5,223.8
1990093,69.4,288.0,1,305.8,290.8
1990094,105.3,26.7,1,289.4,303.2
1990095,62.0,482.8,1,458.1,164.4
1990096,46.2,381.9,0,274.2,175.0
1990097,115.4,458.3,1,429.3,254.8
1990098,128.4,,1,307.1,109.9
1990099,197.2,424.6,1,51.3,185.1
1990100,226.3,429.3,1,413.7,456.5
1990101,437.5,492.9,0,43.0,499.2
1990102,213.4,31.2,1,248.6,214.4
1990103,50.4,340.5,0,236.5,446.2
1990104,20.5,383.6,1,269.4,17.7
1990105,192.7,191.5,0,297.3,82.1
1990106,298.9,396.2,1,20.2,494.4
1990107,16.9,118.6,1,429.8,396.1
1990108,286.7,60.0,0,468.8,185.6
1990109,321.2,306.2,0,323.5,374.5
1990110,477.9,70.2,0,41.5,50.4
1990111,41.2,66.0,0,484.6,354.4
1990112,293.5,78.6,1,178.8,236.5
1990113,494.4,85.9,0,194.4,481.9
1990114,118.3,490.3,0,380.8,228.2
1990115,369.4,399.3,1,157.1,150.9
1990116,190.9,408.5,1,233.0,378.5
1990117,497.8,383.6,0,284.0,312.3
1990118,267.1,136.1,1,110.5,415.2
1990119,479.4,129.9,0,377.5,296.5
1990120,305.9,262.1,0,229.4,54.3
1990121,437.9,18.3,1,270.7,448.0
1990122,361.2,423.8,0,267.0,89.1
1990123,263.4,398.3,0,91.6,283.4
1990124,380.6,45.2,0,226.9,311.5
1990125,456.6,312.1,0,203.3,292.9
1990126,31.3,414.6,0,22.8,454.3
1990127,484.2,,0,216.0,451.3
1990128,375.6,113.7,1,482.5,269.4
1990129,360.4,330.2,1,130.3,320.6
1990130,304.6,417.2,0,15.4,37.1
1990131,464.8,273.5,0,183.9,260.0
1990132,60.3,455.8,0,82.3,415.7
1990133,383.1,273.1,1,199.2,90.5
1990134,301.3,147.2,0,19.0,433.7
1990135,31.0,76.7,0,338.8,344.1
1990136,460.6,41.8,0,225.1,410.7
1990137,338.5,,1,115.7,452.9
1990138,214.2,93.4,0,412.6,369.8
1990139,313.3,200.5,1,208.6,72.3
1990140,418.7,191.5,0,205.1,306.0
1990141,290.1,88.3,1,237.3,313.8
1990142,331.7,48.4,0,161.3,406.9
1990143,344.5,321.1,0,340.2,472.5
1990144,411.3,368.8,0,164.2,427.7
1990145,471.0,444.3,0,62.2,55.6
1990146,11.3,148.5,0,451.0,181.1
1990147,330.0,374.9,0,130.4,435.9
1990148,145.1,317.0,0,371.9,362.5
1990149,446.3,293.9,0,304.5,411.1
1990150,108.2,12.4,1,297.7,322.6
1990151,281.2,47.7,0,361.1,374.0
1990152,357.1,479.7,0,148.1,473.4
1990153,213.7,128.8,1,96.2,391.1
1990154,359.3,372.3,1,485.1,208.7
1990155,380.8,86.7,0,96.6,455.0
1990156,282.1,171.7,1,212.8,480.6
1990157,39.3,180.4,1,398.0,219.7
1990158,123.6,297.2,0,132.6,389.0
1990159,270.1,241.9,0,89.5,423.7
1990160,447.3,311.9,0,296.3,209.4
1990161,289.8,346.1,0,421.4,476.8
1990162,206.9,137.3,1,189.6,151.6
1990163,216.6,347.7,0,21.4,465.8
1990164,444.5,204.9,0,446.1,93.3
1990165,456.9,353.2,1,180.0,310.3
1990166,162.4,279.5,1,70.2,365.5
1990167,37.0,243.2,1,297.7,30.2
1990168,335.3,315.5,0,255.5,372.8
1990169,391.5,359.3,1,170.3,350.3
1990170,145.8,221.5,1,247.8,144.4
1990171,301.8,103.6,0,124.2,343.2
1990172,24.3,481.9,0,338.2,314.5
1990173,150.2,55.5,0,435.1,205.5
1990174,271.5,493.0,0,276.0,421.7
1990175,353.7,267.3,0,17.9,87.7
1990176,437.9,376.7,0,324.8,268.3
1990177,143.4,,0,179.0,449.9
1990178,253.1,95.9,1,384.5,234.8
1990179,80.0,269.0,1,47.0,174.4
1990180,380.0,74.9,0,365.7,482.7
1990181,100.3,119.4,1,161.6,365.4
1990182,178.6,50.5,0,71.1,211.0
1990183,189.9,251.3,0,72.1,483.6
1990184,226.1,136.3,0,160.9,471.3
1990185,29.3,366.3,1,295.7,227.6
1990186,324.8,215.2,1,111.4,16.9
1990187,53.3,423.3,1,290.0,98.2
1990188,58.3,183.9,1,66.5,235.4
1990189,140.5,77.2,0,262.3,428.3
1990190,212.5,278.4,1,19.8,469.8
1990191,244.9,117.5,0,22.3,163.3
1990192,164.9,450.7,1,299.1,22.7
1990193,131.3,436.5,1,40.2,56.9
1990194,142.0,261.8,0,262.0,393.8
1990195,277.7,139.9,0,443.9,108.1
1990196,158.6,44.3,0,248.2,23.2
1990197,330.5,65.3,1,319.2,309.9
1990198,317.9,88.1,0,48.9,308.6
1990199,290.4,249.8,1,71.1,152.3
1990200,437.0,109.4,0,479.8,20.5
1990201,249.6,474.3,0,393.0,150.8
1990202,391.6,448.8,1,352.1,368.4
1990203,263.7,125.3,0,407.1,64.5
1990204,232.9,18.8,1,365.1,428.1
1990205,462.8,13.7,1,126.6,337.9
1990206,176.9,212.9,1,82.2,271.1
1990207,282.7,227.7,0,203.8,109.3
1990208,378.9,74.2,0,230.5,318.0
1990209,400.8,90.6,0,152.6,311.8
1990210,48.7,148.5,1,166.1,67.7
1990211,331.3,39.1,1,468.0,208.6
1990212,467.0,492.6,0,101.9,446.4
1990213,128.9,356.4,0,19.6,37.3
1990214,460.5,428.7,1,194.0,441.3
1990215,169.4,428.9,1,493.7,27.1
1990216,96.2,45.7,0,46.4,25.6
1990217,341.3,64.5,0,291.1,183.5
1990218,227.2,305.5,0,232.3,50.6
1990219,56.9,94.0,1,326.6,470.1
1990220,113.6,277.1,0,251.4,234.2
1990221,302.0,428.3,1,90.1,195.1
1990222,454.6,206.0,1,423.7,439.5
1990223,193.6,490.8,0,457.8,286.1
1990224,229.8,384.0,0,281.4,233.1
1990225,193.9,54.5,1,120.7,298.0
1990226,444.8,191.5,0,70.0,490.4
1990227,202.8,168.0,1,221.4,355.4
1990228,278.8,36.2,0,276.3,322.8
1990229,20.1,393.0,1,211.1,340.5
1990230,447.1,454.6,1,415.9,342.9
1990231,279.5,401.0,0,283.3,183.8
1990232,209.2,148.0,1,373.0,180.6
1990233,239.0,240.9,1,419.0,94.7
1990234,166.3,278.0,0,25.8,154.4
1990235,388.7,227.4,1,369.2,78.0
1990236,331.3,404.9,0,416.9,161.2
1990237,205.0,141.2,0,444.3,153.8
1990238,192.4,51.8,0,154.7,271.7
1990239,25.4,452.9,0,153.8,154.7
1990240,27.9,27.5,1,367.6,301.7
1990241,227.3,56.7,1,177.7,363.0
1990242,324.0,212.9,0,279.9,129.9
1990243,471.6,450.5,1,207.2,172.7
1990244,356.3,207.5,1,439.8,130.6
1990245,241.8,102.3,0,397.5,206.9
1990246,446.9,125.5,0,321.9,184.8
1990247,45.1,241.0,1,393.4,267.5
1990248,339.9,235.9,0,178.8,317.2
1990249,237.2,233.8,1,458.8,466.3
1990250,62.0,390.0,1,144.4,314.2
1990251,436.5,207.4,0,300.2,240.8
1990252,320.9,458.2,1,457.3,296.4
1990253,294.5,112.0,1,67.0,164.8
1990254,167.5,378.3,0,469.0,70.4
1990255,379.2,298.1,0,190.8,310.2
1990256,252.6,345.7,0,407.3,322.6
1990257,223.0,280.9,0,386.7,46.5
1990258,38.5,25.5,1,282.0,163.9
1990259,91.9,294.6,0,447.1,28.0
1990260,98.5,498.3,1,323.7,416.9
1990261,18.4,170.9,1,130.7,65.3
1990262,296.0,229.5,0,131.1,484.4
1990263,45.8,42.6,1,415.4,315.8
1990264,108.4,290.3,1,411.9,212.3
1990265,497.4,108.8,1,303.0,473.4
1990266,162.2,216.8,1,153.7,101.4
1990267,392.0,392.8,0,371.8,286.3
1990268,149.0,372.3,1,48.0,31.0
1990269,387.1,346.5,1,84.9,40.2
1990270,431.7,43.8,1,283.2,291.1
1990271,383.0,198.2,0,51.5,62.9
1990272,72.3,327.3,1,172.7,401.2
1990273,47.8,136.9,1,255.2,339.7
1990274,474.1,385.6,0,58.6,159.1
1990275,91.0,77.8,0,366.6,259.8
1990276,14.6,409.4,0,244.0,346.2
1990277,138.0,,1,492.3,67.5
1990278,470.6,62.7,1,249.5,422.2
1990279,473.9,12.3,1,87.6,365.2
1990280,494.0,193.6,1,432.5,335.3
1990281,225.4,89.8,1,246.0,377.1
1990282,64.6,406.2,1,493.6,82.6
1990283,347.2,63.9,0,271.5,178.9
1990284,24.9,238.4,0,346.0,381.9
1990285,224.9,98.7,0,389.9,106.0
1990286,387.6,225.0,0,250.0,388.7
1990287,226.0,265.1,1,11.3,367.9
1990288,144.9,98.4,0,475.3,297.6
1990289,124.5,19.7,1,311.0,497.7
1990290,352.5,53.4,0,120.8,221.0
1990291,93.6,298.0,1,139.0,481.4
1990292,218.1,220.5,1,475.0,49.2
1990293,323.9,362.8,1,275.0,455.9
1990294,107.8,127.0,0,367.2,440.3
1990295,314.6,490.3,0,399.1,89.9
1990296,399.9,276.1,1,460.5,215.3
1990297,218.0,323.1,0,437.8,233.6
1990298,370.1,386.8,1,492.7,374.8
1990299,271.1,44.6,1,22.1,100.7
1990300,198.5,82.2,0,219.0,237.4
1990301,416.4,205.9,0,88.5,470.6
1990302,45.7,299.6,1,173.2,10.6
1990303,208.4,310.3,1,227.1,167.4
1990304,268.9,330.3,0,420.8,207.5
1990305,498.3,377.8,0,92.3,374.3
1990306,466.7,254.2,0,53.4,345.8
1990307,144.9,292.8,1,190.4,402.4
1990308,417.0,154.3,0,280.0,314.6
1990309,136.2,143.0,1,394.4,447.9
1990310,303.1,181.0,0,140.1,404.6
1990311,225.6,333.9,0,143.2,291.8
1990312,53.4,341.9,1,235.0,196.2
1990313,421.5,327.8,1,33.6,276.9
1990314,99.1,308.0,1,383.5,361.3
1990315,245.4,332.1,1,164.3,37.8
1990316,433.3,328.6,1,428.9,365.0
1990317,264.1,48.2,1,347.9,428.9
1990318,485.9,44.4,0,54.2,218.0
1990319,34.8,193.8,1,34.7,144.8
1990320,474.8,134.4,0,221.9,392.2
1990321,205.3,38.7,1,110.5,432.1
1990322,115.8,313.0,1,499.1,440.8
1990323,106.3,273.3,0,444.6,262.9
1990324,249.8,235.0,1,407.1,444.5
1990325,248.8,400.8,1,498.9,27.2
1990326,300.1,439.4,1,262.5,463.7
1990327,380.5,129.6,1,34.2,209.0
1990328,39.5,25.9,0,399.1,95.6
1990329,444.0,257.6,0,494.2,153.0
1990330,31.9,19.3,0,142.0,334.2
1990331,407.2,424.0,1,200.8,369.7
1990332,93.9,67.5,0,297.4,367.7
1990333,482.7,165.4,1,112.5,460.4
1990334,320.7,225.0,0,419.7,124.0
1990335,108.6,397.5,0,319.6,26.1
1990336,27.8,330.9,0,176.7,396.6
1990337,109.6,433.0,0,474.6,246.6
1990338,462.3,252.2,1,300.7,137.5
1990339,16.2,318.7,0,119.0,162.4
1990340,155.6,283.9,0,399.9,134.1
1990341,498.3,493.0,0,445.2,160.0
1990342,345.8,460.6,1,195.3,303.8
1990343,59.3,219.7,1,389.3,61.4
1990344,217.5,395.6,1,175.5,216.2
1990345,261.9,68.0,1,397.5,150.2
1990346,145.2,419.7,1,126.6,379.0
1990347,430.2,342.0,0,187.2,153.2
1990348,288.1,327.5,1,154.4,262.9
1990349,59.6,248.6,0,423.6,449.9
1990350,394.9,67.0,1,76.5,168.9
1990351,43.9,330.9,1,151.6,487.6
1990352,464.3,306.3,1,257.3,64.4
1990353,292.8,80.5,1,317.7,308.7
1990354,402.1,287.1,0,273.9,56.8
1990355,435.0,230.8,0,12.7,107.8
1990356,58.2,373.1,1,437.9,138.3
1990357,63.9,390.9,0,234.0,41.7
1990358,154.1,490.8,1,258.8,432.3
1990359,23.8,100.0,1,303.6,277.6
1990360,238.5,87.5,1,467.8,472.7
1990361,286.6,111.3,1,309.2,96.2
1990362,204.5,27.2,1,110.3,220.8
1990363,62.4,480.4,0,100.0,103.4
1990364,412.3,17.5,1,458.5,278.5
1990365,443.7,220.0,0,418.0,26.8
1990366,462.8,356.2,0,341.0,187.7
1990367,385.5,250.4,0,418.9,420.3
1990368,380.9,77.6,1,157.6,224.6
1990369,412.8,458.8,0,151.7,99.2
1990370,366.5,200.4,1,301.7,10.9
1990371,188.5,412.5,1,57.9,392.7
1990372,486.2,367.0,1,24.6,154.9
1990373,17.2,351.3,1,254.2,379.2
1990374,446.6,178.1,0,401.2,226.4
1990375,496.8,229.6,1,269.0,253.6
1990376,365.0,391.7,1,118.0,399.4
1990377,63.7,394.4,1,161.0,256.8
1990378,243.4,84.1,1,16.6,257.0
1990379,214.0,142.0,1,172.9,327.7
1990380,214.9,54.9,0,136.2,305.1
1990381,376.4,317.2,1,339.7,261.9
1990382,130.7,293.8,1,260.6,50.0
1990383,480.4,405.5,1,190.5,19.0
1990384,214.7,178.7,1,370.6,492.0
1990385,446.7,479.2,0,166.5,195.0
1990386,257.3,235.8,1,470.6,236.9
1990387,421.2,361.8,1,167.1,291.5
1990388,216.1,443.5,0,163.9,160.9
1990389,285.0,159.0,0,121.8,79.9
1990390,62.8,263.7,0,255.3,149.0
1990391,338.4,304.7,1,336.7,171.1
1990392,153.2,200.8,0,15.7,36.7
1990393,302.0,104.5,1,323.4,137.3
1990394,377.6,275.9,0,328.0,199.0
1990395,58.6,497.0,1,131.4,224.1
1990396,354.2,392.3,0,190.0,171.4
1990397,265.5,237.0,1,126.7,62.0
1990398,258.0,451.0,0,190.3,69.5
1990399,349.0,444.3,1,315.7,195.2
1990400,148.6,27.8,0,426.9,192.8
1990401,436.7,369.1,0,406.5,348.1
1990402,61.7,431.6,1,437.5,289.1
1990403,107.8,284.8,0,67.9,468.8
1990404,285.9,122.2,1,125.2,129.9
1990405,396.2,56.0,1,173.5,43.0
1990406,24.5,71.1,0,50.7,192.7
1990407,99.2,319.0,0,128.2,447.0
1990408,105.6,389.3,1,292.2,355.0
1990409,316.0,499.4,0,421.9,450.1
1990410,413.7,287.8,0,303.2,249.9
1990411,213.2,415.9,1,167.4,21.7
1990412,222.1,406.1,0,193.6,289.1
1990413,161.9,477.1,0,458.3,429.2
1990414,77.0,390.8,0,159.2,18.9
1990415,293.1,12.2,1,476.0,63.6
1990416,12.6,253.1,1,288.8,122.6
1990417,130.0,233.1,1,336.6,491.1
1990418,195.0,218.1,1,331.2,348.8
1990419,145.6,452.7,1,15.2,303.6
1990420,478.0,112.2,1,220.5,390.3
1990421,353.9,32.4,1,398.7,362.3
1990422,273.1,407.1,1,71.8,176.3
1990423,437.3,152.2,1,239.3,425.8
1990424,184.5,55.3,0,103.6,235.5
1990425,204.7,163.1,0,459.4,208.7
1990426,81.9,390.1,1,405.2,13.7
1990427,136.2,91.3,1,189.0,45.1
1990428,429.2,279.1,0,460.5,360.8
1990429,308.0,334.4,0,312.8,122.4
1990430,25.4,420.0,1,119.1,488.1
1990431,12.6,266.4,1,431.6,489.4
1990432,117.8,150.5,1,339.0,495.1
1990433,365.4,360.5,0,60.5,199.6
1990434,74.7,176.9,0,82.5,234.2
1990435,227.8,121.4,0,322.4,405.2
1990436,161.8,42.9,1,448.9,418.2
1990437,93.0,361.0,0,356.3,268.8
1990438,219.5,408.2,1,288.1,392.4
1990439,63.2,227.6,0,410.0,206.2
1990440,222.5,488.0,1,475.8,259.5
1990441,487.6,451.9,0,365.6,83.2
1990442,456.6,393.0,0,376.8,365.5
1990443,260.4,211.7,1,294.7,102.9
1990444,221.3,295.3,1,371.8,125.4
1990445,56.7,363.9,1,169.3,492.4
1990446,169.3,119.4,1,411.0,329.2
1990447,13.2,87.3,0,217.5,197.2
1990448,141.0,428.5,1,16.4,281.2
1990449,388.5,379.1,1,50.3,18.8
1990450,477.2,432.1,0,66.3,341.2
1990451,483.3,109.6,1,64.1,405.6
1990452,451.8,24.8,0,112.1,461.5
1990453,479.8,111.6,1,242.7,340.2
1990454,343.2,36.0,1,385.1,420.4
1990455,428.9,376.8,0,231.4,198.2
1990456,498.2,264.4,1,162.3,432.8
1990457,73.4,211.8,1,54.2,193.6
1990458,226.7,382.8,0,222.0,282.7
1990459,102.9,73.9,0,231.2,388.2
1990460,63.9,439.6,1,169.7,56.5
1990461,195.3,10.4,1,476.9,264.3
1990462,11.9,263.1,1,388.2,75.9
1990463,149.9,98.5,0,336.7,399.5
1990464,223.5,86.5,1,122.4,252.3
1990465,33.2,365.8,1,17.7,219.1
1990466,19.4,50.6,0,181.2,169.4
1990467,498.0,369.0,0,17.3,274.7
1990468,85.1,413.6,1,40.8,306.2
1990469,102.6,281.2,0,94.8,360.2
1990470,368.6,260.5,1,388.6,39.0
1990471,211.8,497.4,1,297.8,118.4
1990472,226.7,155.0,0,447.3,101.3
1990473,182.3,205.9,1,317.1,428.3
1990474,165.4,270.7,1,122.6,243.7
1990475,37.9,11.9,1,443.2,283.8
1990476,467.9,304.5,1,360.4,273.4
1990477,277.9,460.6,1,392.9,246.0
1990478,186.3,164.1,1,76.9,369.2
1990479,53.2,389.4,1,166.5,252.6
1990480,209.2,354.4,0,327.6,423.4
1990481,453.3,141.5,1,419.3,164.4
1990482,138.0,344.0,1,54.1,103.5
1990483,452.6,190.7,1,350.8,462.5
1990484,492.0,51.2,0,37.9,435.9
1990485,425.0,485.9,1,107.0,133.5
1990486,187.9,451.3,0,107.7,482.9
1990487,89.5,92.7,1,492.9,33.8
1990488,26.8,227.0,0,113.4,422.0
1990489,162.8,56.5,0,189.7,293.2
1990490,385.5,126.6,0,298.7,324.1
1990491,448.5,276.4,0,281.0,355.9
1990492,477.6,421.7,0,291.3,319.6
1990493,86.2,237.9,0,59.8,481.2
1990494,301.8,153.3,0,494.2,469.6
1990495,167.9,253.7,1,467.0,182.6
1990496,320.6,468.6,0,495.1,142.5
1990497,480.3,241.9,0,233.6,290.5
1990498,400.5,469.6,1,409.5,358.2
1990499,417.2,59.9,0,465.4,97.0
1990500,35.8,125.8,1,47.4,23.3
1990501,411.5,397.7,0,271.9,387.1
1990502,227.2,268.2,1,350.5,261.6
1990503,22.5,479.5,0,90.6,485.4
1990504,263.9,199.4,0,167.2,275.0
1990505,148.9,232.7,1,223.1,48.5
1990506,216.6,336.4,0,151.3,63.9
1990507,327.9,313.3,0,354.9,393.4
1990508,218.9,493.5,0,274.0,116.4
1990509,149.8,57.5,0,179.0,446.8
1990510,477.6,144.5,1,131.8,413.6
1990511,104.5,443.5,1,316.6,32.8
1990512,384.9,359.7,0,382.7,379.1
1990513,187.6,395.5,1,454.2,84.5
1990514,353.2,,1,44.5,348.8
1990515,32.7,58.2,0,404.0,43.1
1990516,105.8,325.3,0,188.1,388.9
1990517,482.2,383.2,1,331.7,44.4
1990518,271.8,129.4,1,347.6,49.7
1990519,290.5,155.7,1,57.1,229.4
1990520,130.9,378.2,0,131.0,141.6
1990521,83.8,352.9,1,410.6,98.2
1990522,264.6,438.0,1,397.1,203.5
1990523,305.6,374.4,0,204.9,151.0
1990524,382.9,196.2,1,282.5,435.5
1990525,305.8,473.8,1,102.9,260.3
1990526,88.2,156.4,1,245.8,311.6
1990527,490.2,15.1,1,339.1,32.2
1990528,164.6,425.9,1,443.6,293.4
1990529,166.5,57.9,0,183.8,114.7
1990530,356.2,265.0,1,44.0,425.2
1990531,96.5,424.1,0,213.8,229.2
1990532,460.0,288.7,1,466.7,233.9
1990533,144.5,298.0,0,478.7,207.0
1990534,373.2,349.9,1,25.3,27.6
1990535,375.0,196.6,1,377.6,128.4
1990536,399.2,341.0,1,161.2,259.7
1990537,108.9,458.4,0,240.0,368.7
1990538,60.0,93.8,0,57.6,30.8
1990539,463.8,161.3,1,271.2,137.8
1990540,17.6,196.2,1,150.7,81.6
1990541,468.8,165.6,1,428.9,423.0
1990542,303.8,450.6,0,318.2,62.4
1990543,253.7,57.1,0,46.1,110.2
1990544,415.3,355.0,0,386.7,166.2
1990545,433.1,210.5,0,74.8,438.9
1990546,47.8,43.0,0,126.0,155.9
1990547,472.5,485.3,0,436.0,62.7
1990548,412.5,364.2,0,252.2,216.5
1990549,383.8,232.1,0,60.7,14.5
1990550,492.8,314.4,0,426.1,430.8
1990551,70.5,360.5,1,49.1,26.4
1990552,28.8,16.2,0,375.7,347.5
1990553,70.1,431.8,1,387.2,73.1
1990554,449.2,329.8,1,470.1,111.8
1990555,301.6,280.9,0,45.6,370.8
1990556,216.8,380.9,1,469.2,481.0
1990557,458.3,45.1,1,199.2,45.9
1990558,369.0,186.0,0,162.3,101.5
1990559,221.7,187.0,1,318.2,421.5
1990560,441.4,296.5,0,395.9,213.8
1990561,95.6,142.3,0,85.8,186.9
1990562,356.0,179.7,1,437.6,296.0
1990563,156.9,185.4,1,120.0,259.6
1990564,37.7,235.4,0,399.0,208.2
1990565,95.1,311.5,0,144.0,361.6
1990566,248.0,113.8,0,167.8,345.8
1990567,264.6,309.4,0,440.1,163.7
1990568,460.8,496.1,0,382.8,309.0
1990569,313.3,257.2,0,211.5,248.2
1990570,334.3,381.4,0,362.2,69.7
1990571,96.9,60.0,1,81.7,185.7
1990572,231.3,339.7,0,153.9,371.7
1990573,437.3,222.6,0,177.6,332.3
1990574,73.5,125.8,1,463.5,496.8
1990575,108.4,364.1,0,131.6,63.6
1990576,227.7,245.8,0,23.3,269.2
1990577,59.9,335.1,1,425.3,480.1
1990578,180.5,394.1,0,413.9,292.7
1990579,208.6,23.3,1,105.0,480.7
1990580,190.3,392.9,1,355.8,163.3
1990581,89.6,279.5,1,13.8,88.1
1990582,191.8,25.1,1,152.2,382.6
1990583,12.4,275.2,0,387.7,456.2
1990584,235.8,415.6,0,137.5,372.1
1990585,294.5,21.7,0,268.8,284.7
1990586,118.6,196.3,0,14.6,208.8
1990587,107.1,342.1,1,440.2,470.5
1990588,217.6,38.8,1,295.7,428.5
1990589,463.5,408.3,1,460.9,373.0
1990590,307.2,329.5,1,396.6,72.7
1990591,17.1,392.1,1,282.1,285.1
1990592,141.4,385.0,1,380.5,225.2
1990593,334.2,331.2,1,165.6,75.2
1990594,286.6,343.1,0,61.0,391.7
1990595,288.5,245.5,1,373.3,176.7
1990596,461.9,436.7,0,96.6,447.3
1990597,76.0,162.3,1,163.4,154.2
1990598,422.1,345.9,0,388.6,149.5
1990599,333.3,285.6,0,42.8,98.2
1990600,148.3,352.3,1,331.4,492.7
1990601,288.9,29.2,1,310.5,233.0
1990602,484.8,125.1,0,260.0,439.4
1990603,403.1,62.4,1,106.5,271.7
1990604,281.8,358.8,1,252.1,336.9
1990605,418.3,183.7,1,417.5,342.8
1990606,304.5,132.0,1,302.5,268.5
1990607,329.3,76.4,0,263.9,152.5
1990608,394.1,143.2,0,413.0,327.7
1990609,207.8,41.7,1,232.2,348.6
1990610,202.4,122.0,1,28.3,86.3
1990611,497.9,339.0,0,90.6,352.9
1990612,465.8,235.2,1,44.4,394.8
1990613,306.0,66.5,0,413.3,90.6
1990614,304.1,349.5,0,358.0,488.5
1990615,405.5,54.8,0,449.4,336.2
1990616,474.7,55.2,0,52.1,270.7
1990617,131.2,142.2,0,246.5,18.4
1990618,322.5,189.2,1,23.8,412.9
1990619,388.3,219.8,1,37.1,317.7
1990620,306.7,300.0,1,64.2,251.8
1990621,470.7,468.6,1,294.5,318.9
1990622,275.3,300.6,1,205.0,102.5
1990623,222.5,117.2,1,295.3,490.6
1990624,145.5,140.0,1,158.4,390.8
1990625,184.8,393.5,0,91.7,110.1
1990626,360.3,97.8,0,103.2,486.1
1990627,409.5,389.9,0,91.3,170.5
1990628,201.1,162.2,1,241.7,108.5
1990629,87.2,250.0,0,201.2,457.5
1990630,311.0,225.1,0,374.3,110.0
1990631,437.5,22.9,0,291.5,226.6
1990632,176.3,64.0,1,412.3,239.5
1990633,415.7,96.2,0,32.5,238.6
1990634,127.1,491.1,1,132.6,380.6
1990635,320.2,432.4,1,48.2,135.8
1990636,436.6,153.8,1,369.1,421.5
1990637,176.4,238.7,1,197.6,410.8
1990638,303.6,303.9,0,115.6,185.3
1990639,322.1,199.8,1,189.0,407.1
1990640,202.9,54.4,0,314.6,460.1
1990641,206.9,314.6,1,213.9,142.5
1990642,271.8,363.1,1,473.2,499.5
1990643,498.5,312.5,0,277.1,248.5
1990644,479.5,172.6,1,148.8,425.2
1990645,71.1,471.5,0,154.0,342.6
1990646,270.6,194.1,0,245.5,416.1
1990647,137.7,343.9,0,418.1,193.1
1990648,265.5,405.7,1,372.2,51.4
1990649,353.2,31.6,1,296.5,204.4
1990650,260.1,412.7,1,453.8,474.3
1990651,458.1,53.2,1,442.4,196.5
1990652,404.6,138.8,0,365.4,21.8
1990653,54.7,22.6,1,279.9,115.7
1990654,202.1,251.3,1,317.2,172.2
1990655,101.2,272.0,0,259.0,482.4
1990656,175.4,495.2,1,389.9,485.3
1990657,202.5,194.2,1,93.9,449.5
1990658,11.4,17.6,0,369.0,187.4
1990659,35.8,438.8,1,101.9,471.0
1990660,167.4,201.5,1,26.8,94.9
1990661,279.3,326.6,0,20.9,265.9
1990662,342.2,185.7,0,419.4,497.8
1990663,389.2,231.3,0,395.0,401.7
1990664,242.2,100.1,1,227.8,38.1
1990665,64.7,267.2,0,397.6,457.6
1990666,360.0,462.8,1,181.8,304.4
1990667,443.5,294.9,0,30.8,340.2
1990668,210.5,142.8,0,493.2,172.3
1990669,38.1,455.6,0,454.9,284.6
1990670,237.0,337.1,0,210.5,195.2
1990671,77.5,270.5,1,368.2,458.8
1990672,478.1,48.9,1,122.3,258.6
1990673,170.8,214.8,0,440.4,216.0
1990674,151.4,268.6,0,347.2,483.4
1990675,199.7,79.4,0,350.7,117.6
1990676,428.7,79.8,0,60.5,362.9
1990677,148.3,281.9,1,300.6,210.9
1990678,379.6,392.5,0,59.5,452.8
1990679,360.6,198.1,1,22.7,170.6
1990680,445.4,397.2,0,192.5,326.2
1990681,303.0,253.3,1,472.9,301.4
1990682,414.7,202.8,1,68.4,29.9
1990683,201.4,117.3,0,250.1,313.3
1990684,105.5,390.9,0,456.8,136.6
1990685,361.8,363.4,0,398.0,200.9
1990686,490.6,36.9,0,52.1,308.9
1990687,125.5,318.4,1,353.7,460.4
1990688,55.5,47.7,1,81.5,489.9
1990689,111.5,74.4,0,50.9,227.2
1990690,486.9,133.9,1,292.5,452.6
1990691,487.5,395.0,0,488.7,391.8
1990692,277.4,174.9,0,487.4,260.1
1990693,146.0,273.0,1,352.3,304.3
1990694,208.3,93.6,0,397.9,464.0
1990695,443.7,428.6,0,353.1,173.7
1990696,458.2,,1,349.7,180.2
1990697,252.3,365.7,1,441.3,272.0
1990698,365.2,224.7,1,124.0,184.4
1990699,174.2,353.8,0,172.3,420.0
1990700,371.9,146.6,0,98.8,403.5
1990701,152.3,326.7,0,410.7,195.0
1990702,24.2,219.6,0,409.7,305.7
1990703,338.2,346.1,1,116.7,365.0
1990704,246.0,235.6,0,186.4,488.7
1990705,199.4,166.1,0,382.6,421.5
1990706,132.3,451.7,0,423.8,495.7
1990707,238.2,147.1,0,13.3,270.5
1990708,281.1,90.1,0,354.5,337.2
1990709,223.1,74.8,1,362.7,164.7
1990710,103.3,462.2,0,38.7,274.0
1990711,486.8,394.1,1,96.8,347.0
1990712,317.7,340.0,0,448.5,18.7
1990713,310.4,24.5,0,109.5,40.0
1990714,339.2,480.6,0,361.1,487.6
1990715,386.0,20.7,0,71.1,269.3
1990716,71.4,214.6,0,366.9,36.3
1990717,280.4,19.0,1,325.3,302.7
1990718,447.1,160.5,0,110.1,50.1
1990719,150.3,421.0,0,185.2,478.4
1990720,16.7,200.2,1,305.0,417.6
1990721,371.8,356.5,0,444.6,167.3
1990722,75.3,152.5,0,35.9,377.0
1990723,217.0,14.4,0,391.3,150.2
1990724,359.0,42.6,0,128.2,237.1
1990725,464.8,450.2,0,52.4,156.2
1990726,74.1,142.4,0,377.2,420.5
1990727,486.6,432.8,1,28.2,410.9
1990728,70.7,86.0,1,170.3,223.8
1990729,356.4,217.3,1,481.0,220.0
1990730,392.7,38.5,1,182.5,329.9
1990731,401.4,492.9,0,109.7,315.0
1990732,267.3,265.3,1,84.5,18.4
1990733,275.7,214.6,0,227.0,23.0
1990734,452.4,328.8,1,289.5,273.2
1990735,377.2,108.7,1,226.9,465.7
1990736,417.3,338.5,1,152.3,112.1
1990737,278.1,139.9,1,259.8,275.3
1990738,214.2,97.2,1,224.4,66.3
1990739,339.7,129.9,0,272.9,105.4
1990740,428.4,121.8,1,288.5,283.8
1990741,23.0,67.9,1,463.7,165.3
1990742,191.5,286.3,0,92.6,467.8
1990743,471.6,303.2,0,281.1,320.5
1990744,436.3,254.9,0,258.4,377.6
1990745,431.7,362.6,1,369.1,416.8
1990746,498.3,498.0,0,172.7,345.2
1990747,207.8,268.9,0,92.3,316.1
1990748,357.6,459.0,1,307.0,98.5
1990749,477.6,436.1,1,133.7,491.1
1990750,449.3,227.9,1,292.3,457.1
1990751,497.3,239.0,0,423.5,51.4
1990752,370.0,442.0,1,382.5,292.2
1990753,275.5,394.5,0,117.0,483.0
1990754,207.4,68.1,1,361.5,256.3
1990755,337.7,288.5,1,351.1,242.1
1990756,250.6,111.6,0,147.8,171.1
1990757,332.8,470.0,1,155.3,319.5
1990758,279.2,144.2,0,107.3,95.5
1990759,165.7,351.6,0,241.0,173.3
1990760,292.5,245.6,1,416.5,59.1
1990761,287.9,394.4,0,101.2,18.0
1990762,414.4,257.9,0,333.2,182.3
1990763,151.1,405.0,0,60.3,448.8
1990764,423.7,191.5,0,64.5,209.4
1990765,254.6,244.7,1,83.7,147.1
1990766,171.1,182.7,0,26.4,392.9
1990767,290.2,328.2,1,56.5,454.5
1990768,491.8,276.4,1,95.1,134.3
1990769,108.1,289.7,1,120.0,400.0
1990770,124.7,370.3,0,203.2,416.5
1990771,489.9,234.0,1,11.6,96.8
1990772,149.5,306.1,1,195.7,382.1
1990773,275.8,125.6,0,198.9,105.5
1990774,95.5,38.0,0,285.9,484.3
1990775,20.7,25.3,1,125.6,478.7
1990776,166.0,222.5,1,18.5,304.6
1990777,357.4,448.7,1,374.3,53.1
1990778,411.7,237.6,0,439.0,264.5
1990779,353.2,364.2,1,157.1,196.3
1990780,152.5,18.9,1,182.3,401.9
1990781,100.7,77.9,1,203.6,185.3
1990782,10.2,235.7,0,273.8,481.5
1990783,216.7,225.8,0,490.5,263.9
1990784,144.3,100.9,0,322.2,306.2
1990785,214.1,271.6,1,67.0,429.0
1990786,104.9,424.2,0,484.1,400.6
1990787,456.0,256.2,0,136.5,66.1
1990788,204.2,328.6,1,90.0,266.4
1990789,51.2,329.3,0,62.7,68.9
1990790,428.6,268.4,0,386.0,93.0
1990791,397.9,334.6,0,257.5,34.0
1990792,130.0,187.8,0,120.1,360.0
1990793,173.1,391.6,1,146.1,176.4
1990794,219.0,486.6,0,450.5,137.3
1990795,338.9,93.1,0,266.6,460.2
1990796,407.1,83.0,1,231.7,305.0
1990797,19.5,386.3,1,139.4,155.6
1990798,165.1,,0,109.7,234.5
1990799,441.5,374.5,1,183.1,457.3
1990800,73.0,321.5,1,269.1,312.6
1990801,497.5,131.4,1,212.8,475.3
1990802,363.5,,1,209.3,107.8
1990803,132.9,244.2,1,143.0,399.3
1990804,178.3,69.1,0,481.4,395.7
1990805,110.8,430.8,0,488.0,107.2
1990806,484.2,425.4,0,138.6,158.4
1990807,489.8,397.6,1,329.4,235.0
1990808,180.8,452.6,0,137.8,76.8
1990809,232.3,212.0,1,23.7,363.4
1990810,107.4,106.8,0,314.7,375.0
1990811,407.3,75.4,0,170.9,205.0
1990812,313.1,77.3,1,44.7,195.1
1990813,147.8,494.8,1,342.0,457.7
1990814,470.3,86.7,0,46.6,25.2
1990815,293.2,240.1,1,115.6,154.3
1990816,78.9,133.5,1,48.9,229.1
1990817,130.1,398.7,0,229.0,493.8
1990818,36.9,319.6,1,294.3,117.3
1990819,133.0,241.1,1,339.0,51.2
1990820,164.6,178.2,0,209.4,407.0
1990821,259.5,412.8,1,20.2,162.6
1990822,378.6,364.2,0,32.4,278.3
1990823,254.4,342.6,1,388.3,110.7
1990824,34.3,199.8,1,459.7,170.6
1990825,310.8,369.2,1,172.4,59.0
1990826,108.0,25.6,1,83.9,483.3
1990827,495.4,457.0,1,325.5,95.3
1990828,138.3,434.8,1,314.1,40.8
1990829,127.9,37.8,0,275.8,343.3
1990830,217.6,250.3,0,218.2,433.1
1990831,11.0,374.6,0,440.6,473.1
1990832,418.7,203.0,0,158.7,63.4
1990833,277.2,471.9,0,50.5,319.4
1990834,174.6,245.6,1,276.1,165.4
1990835,229.2,426.7,0,241.2,402.5
1990836,75.6,320.8,1,259.8,178.3
1990837,141.7,52.7,1,123.4,239.8
1990838,27.5,228.3,1,287.5,338.2
1990839,114.3,106.0,1,65.3,225.3
1990840,65.7,379.5,1,321.0,330.1
1990841,216.2,44.9,1,69.6,211.0
1990842,30.9,131.9,0,242.7,314.5
1990843,242.4,88.0,1,437.2,286.3
1990844,127.0,181.1,0,190.7,372.8
1990845,225.7,366.5,0,313.9,215.4
1990846,231.9,270.9,1,400.1,339.2
1990847,139.8,50.7,0,471.5,271.6
1990848,63.7,105.7,0,494.1,376.0
1990849,342.6,204.4,0,416.3,481.7
1990850,117.6,186.6,1,21.4,101.7
1990851,262.0,98.7,1,306.7,497.7
1990852,225.4,164.9,1,120.4,136.5
1990853,466.4,244.6,0,160.4,429.3
1990854,320.2,231.2,1,85.7,109.2
1990855,272.0,240.2,0,115.2,234.7
1990856,406.7,355.5,1,241.1,198.6
1990857,498.2,484.7,0,480.1,414.9
1990858,444.0,140.9,0,379.2,457.0
1990859,181.9,20.8,0,480.3,128.4
1990860,394.7,48.9,1,397.8,130.3
1990861,243.1,468.1,1,18.0,38.5
1990862,460.6,386.2,0,29.4,283.1
1990863,469.6,79.5,0,12.3,386.4
1990864,157.0,497.4,0,361.3,125.7
1990865,476.1,134.5,0,474.9,288.1
1990866,353.5,102.8,1,14.4,213.4
1990867,362.5,133.0,1,421.6,186.5
1990868,94.8,368.6,0,342.9,129.3
1990869,133.5,297.1,1,284.2,447.2
1990870,447.4,166.8,1,237.0,16.5
1990871,354.3,238.0,1,310.6,332.0
1990872,342.3,83.5,0,442.0,286.1
1990873,424.4,281.8,1,142.0,458.7
1990874,470.1,12.6,0,12.6,320.2
1990875,441.5,477.2,1,73.2,411.8
1990876,116.8,434.8,0,114.7,73.5
1990877,337.7,133.3,1,318.5,378.5
1990878,477.5,241.9,1,137.3,254.7
1990879,417.3,168.8,0,432.6,270.6
1990880,169.8,157.8,0,406.7,149.0
1990881,288.7,489.2,0,369.6,184.0
1990882,186.0,175.2,0,265.8,251.0
1990883,12.8,,0,422.1,144.3
1990884,171.4,208.5,0,459.0,101.8
1990885,397.7,40.9,0,307.2,181.5
1990886,185.6,122.2,0,91.7,254.5
1990887,109.1,206.0,1,111.4,60.5
1990888,433.0,200.7,0,489.4,26.8
1990889,485.1,214.7,0,118.8,305.8
1990890,197.3,162.4,0,313.5,450.1
1990891,304.0,432.2,0,182.7,51.1
1990892,477.1,221.6,1,413.1,323.2
1990893,386.6,101.8,0,414.1,450.3
1990894,482.3,274.8,0,472.4,226.9
1990895,364.6,426.9,1,223.3,446.4
1990896,59.9,401.4,1,484.3,349.2
1990897,270.8,421.2,1,68.7,125.3
1990898,182.6,427.1,1,459.0,13.1
1990899,206.9,491.5,0,207.3,366.1
1990900,480.4,42.1,1,11.6,312.7
1990901,200.5,,0,246.7,187.1
1990902,193.5,247.5,0,260.4,82.9
1990903,442.7,471.9,0,407.2,438.6
1990904,218.3,66.6,0,67.7,438.4
1990905,303.1,129.7,0,401.2,249.4
1990906,209.9,153.1,0,85.6,30.6
1990907,145.4,48.4,1,172.8,395.5
1990908,339.1,256.6,1,396.7,222.7
1990909,444.3,11.1,0,217.9,411.6
1990910,441.3,480.9,1,295.9,470.3
1990911,57.5,25.7,0,176.9,77.8
1990912,36.4,105.5,1,322.1,267.9
1990913,443.0,52.3,0,254.7,268.8
1990914,337.3,309.9,0,410.4,471.8
1990915,203.0,317.9,1,402.6,387.6
1990916,187.3,229.4,1,113.3,150.7
1990917,398.3,22.7,1,430.1,419.9
1990918,281.3,368.0,1,271.4,120.7
1990919,392.3,14.7,0,51.0,252.4
1990920,215.5,421.4,1,234.1,219.7
1990921,388.1,89.6,1,163.4,194.2
1990922,189.7,189.6,1,327.4,450.6
1990923,343.2,444.2,0,168.5,138.8
1990924,76.8,15.2,0,18.1,280.9
1990925,479.9,368.6,0,12.3,117.0
1990926,191.5,447.4,1,479.6,129.7
1990927,190.8,202.8,1,173.8,387.1
1990928,111.7,277.1,0,309.2,434.1
1990929,206.9,29.1,1,367.0,464.6
1990930,111.3,47.2,1,10.2,196.7
1990931,237.7,330.0,0,368.4,309.0
1990932,350.1,169.2,1,379.0,401.9
1990933,90.0,255.9,1,87.3,76.5
1990934,102.1,483.5,1,41.9,21.8
1990935,166.9,88.3,1,183.4,366.2
1990936,358.6,,0,141.0,245.6
1990937,452.5,327.1,1,282.4,253.7
1990938,225.5,211.9,0,268.5,23.1
1990939,121.1,304.2,1,341.4,411.7
1990940,370.7,159.0,0,406.1,496.2
1990941,446.7,303.1,1,404.5,466.5
1990942,119.5,490.9,1,358.5,254.4
1990943,444.0,96.4,1,189.8,357.4
1990944,252.8,69.8,1,356.5,274.0
1990945,258.9,446.7,0,258.6,381.3
1990946,129.0,54.3,1,400.6,389.9
1990947,376.0,290.5,1,358.5,40.3
1990948,261.5,468.6,1,369.4,433.2
1990949,223.5,440.5,1,356.9,147.6
1990950,138.7,376.6,1,122.0,194.7
1990951,345.9,255.5,1,357.3,399.8
1990952,277.3,423.5,1,265.4,106.7
1990953,276.4,185.7,0,204.8,305.4
1990954,336.5,254.8,1,203.4,54.6
1990955,410.4,333.0,1,13.4,378.6
1990956,253.5,400.5,0,445.9,307.7
1990957,141.1,320.3,0,483.1,235.4
1990958,256.7,337.6,1,357.0,373.4
1990959,297.8,406.6,0,473.5,146.6
1990960,129.0,100.9,0,169.2,323.5
1990961,396.8,323.1,1,411.0,242.7
1990962,101.4,224.3,0,269.2,368.1
1990963,313.0,446.0,1,248.5,487.4
1990964,495.7,315.0,1,265.4,389.1
1990965,65.9,54.5,0,290.8,165.6
1990966,443.7,67.3,0,403.1,242.4
1990967,417.4,46.0,0,324.9,288.1
1990968,113.9,453.6,1,209.6,343.4
1990969,274.1,301.5,0,78.3,384.4
1990970,38.4,38.7,0,221.6,433.6
1990971,126.9,488.9,0,75.0,155.9
1990972,190.1,394.5,0,30.3,302.9
1990973,438.7,275.3,0,446.7,210.2
1990974,285.0,143.0,1,229.6,111.4
1990975,31.0,382.4,0,126.8,407.8
1990976,443.6,404.8,0,387.8,429.4
1990977,297.4,457.0,0,368.8,61.6
1990978,91.3,285.9,0,364.1,398.2
1990979,100.4,310.5,0,384.7,98.3
1990980,317.5,68.3,0,252.2,221.5
1990981,200.5,75.0,1,376.9,366.2
1990982,39.3,216.6,1,321.5,191.0
1990983,264.8,338.7,1,358.1,339.1
1990984,75.8,110.5,1,447.3,474.8
1990985,153.7,411.5,0,46.4,307.4
1990986,360.9,389.3,0,296.4,350.5
1990987,15.0,294.1,1,371.6,483.0
1990988,62.4,20.4,0,297.5,386.4
1990989,133.1,459.9,1,195.9,374.4
1990990,192.9,300.3,1,66.8,398.4
1990991,464.4,294.5,1,31.3,382.6
1990992,227.7,251.6,0,491.0,189.4
1990993,364.8,91.1,1,398.9,164.4
1990994,337.2,189.3,0,134.4,358.9
1990995,224.2,255.7,0,461.2,84.7
1990996,23.9,338.6,0,136.5,485.7
1990997,31.7,336.7,1,71.2,388.6
1990998,484.8,274.9,0,485.4,63.9
1990999,243.7,228.1,0,98.6,482.6
1991000,249.9,389.3,1,333.4,223.7
