CustomerID,TotalPurchases,AvgOrderValue,Tenure_Months,ChurnRisk,CustomerLifetimeValue
1110001,310.0,265.1,398.7,445.6,148.2
1110002,92.8,393.5,43.1,451.4,455.4
1110003,223.7,406.2,448.8,461.7,223.2
1110004,386.9,132.3,269.0,15.8,283.8
1110005,154.7,480.3,207.1,196.8,240.2
1110006,83.1,102.5,189.1,125.2,155.5
1110007,21.0,149.1,334.8,14.6,141.2
1110008,215.9,380.5,110.1,387.2,314.8
1110009,127.0,251.7,48.2,494.5,210.3
1110010,175.5,481.1,185.4,271.8,310.2
1110011,495.4,466.9,298.2,156.5,209.7
1110012,126.5,223.1,112.8,408.5,418.7
1110013,49.8,351.3,255.4,137.9,213.1
1110014,338.1,371.2,490.9,320.4,277.0
1110015,314.4,28.3,397.0,61.8,145.7
1110016,144.4,302.4,410.4,177.1,202.0
1110017,238.4,407.0,487.4,248.8,216.2
1110018,68.0,492.2,211.2,94.4,265.5
1110019,46.2,321.5,292.1,256.3,37.1
1110020,451.4,404.8,223.8,38.7,50.8
1110021,399.0,364.6,398.6,202.6,363.1
1110022,421.9,124.5,261.7,291.7,274.9
1110023,409.5,171.1,184.4,443.1,72.5
1110024,495.6,230.1,279.7,406.8,383.4
1110025,292.9,,492.0,182.8,200.0
1110026,408.7,77.0,341.2,221.6,460.8
1110027,216.4,,168.9,430.6,126.8
1110028,23.4,490.0,451.8,306.6,218.2
1110029,232.5,104.1,76.8,374.9,63.1
1110030,61.6,216.8,436.6,100.7,447.7
1110031,410.4,45.0,191.2,266.3,439.9
1110032,351.9,383.5,292.8,284.9,348.7
1110033,287.0,418.2,446.8,11.9,62.2
1110034,144.4,200.0,475.5,223.6,353.4
1110035,499.3,242.7,169.9,23.4,261.0
1110036,77.6,309.2,360.5,175.8,101.3
1110037,311.6,352.9,177.6,62.1,140.5
1110038,247.7,231.8,313.0,38.2,419.4
1110039,208.5,249.3,406.4,284.0,381.1
1110040,366.6,57.8,486.6,469.9,237.7
1110041,168.2,461.1,290.2,485.4,85.3
1110042,206.3,449.2,482.9,455.7,444.8
1110043,166.3,342.6,372.2,246.1,420.6
1110044,474.1,376.4,405.0,88.8,180.1
1110045,460.2,21.3,88.3,378.2,433.2
1110046,408.8,234.1,346.1,472.1,187.5
1110047,26.7,152.9,71.5,84.1,250.4
1110048,472.3,23.2,403.1,476.6,208.7
1110049,475.7,183.4,309.1,219.8,364.4
1110050,405.2,291.6,116.2,21.6,135.6
1110051,245.8,222.8,85.9,460.1,77.3
1110052,483.7,350.5,452.7,77.7,458.0
1110053,214.3,,23.6,13.5,449.0
1110054,166.2,412.0,162.4,279.5,20.6
1110055,18.1,365.4,435.3,222.7,85.5
1110056,28.7,323.3,202.0,380.0,212.0
1110057,36.0,184.6,401.3,468.7,322.0
1110058,72.7,386.2,255.2,352.8,359.1
1110059,26.4,490.4,349.2,429.1,408.5
1110060,120.9,199.1,285.9,88.7,110.1
1110061,276.5,421.4,348.5,73.7,329.9
1110062,97.5,136.1,52.2,493.3,435.5
1110063,97.9,360.4,288.1,108.4,403.7
1110064,83.3,197.7,493.1,200.9,335.9
1110065,344.7,216.2,50.9,269.3,383.2
1110066,239.8,482.0,445.3,213.6,387.0
1110067,386.4,360.6,474.4,273.3,435.5
1110068,337.7,228.4,307.3,434.3,493.5
1110069,226.2,56.8,216.4,37.4,258.0
1110070,301.7,230.2,307.8,262.1,138.7
1110071,236.2,106.4,333.9,264.4,350.8
1110072,482.0,435.8,254.9,240.0,82.2
1110073,82.4,242.9,264.6,210.2,452.5
1110074,454.3,357.4,432.1,78.3,439.3
1110075,254.0,313.7,21.8,66.9,405.5
1110076,300.3,233.5,18.7,495.8,350.0
1110077,345.5,286.4,180.6,144.9,217.0
1110078,97.0,122.9,233.9,21.6,181.0
1110079,433.7,261.3,221.7,157.4,212.2
1110080,246.2,141.7,260.6,453.5,29.7
1110081,44.0,412.5,155.6,291.3,404.7
1110082,188.7,410.5,92.9,110.6,191.1
1110083,187.1,167.5,281.8,247.1,351.8
1110084,241.3,359.6,255.2,328.7,75.1
1110085,97.9,423.2,26.2,258.6,443.3
1110086,95.9,45.9,341.8,232.6,53.4
1110087,475.1,144.3,326.7,106.3,332.7
1110088,331.3,346.2,389.1,291.2,348.2
1110089,76.1,315.8,31.9,491.2,144.6
1110090,464.6,374.9,48.0,121.4,26.9
1110091,422.5,303.0,364.3,81.8,405.2
1110092,35.9,98.0,263.4,131.0,128.3
1110093,109.8,233.4,157.9,119.8,460.9
1110094,437.5,148.5,446.4,480.3,195.6
1110095,340.2,30.3,81.8,415.0,72.5
1110096,155.7,211.0,28.0,130.8,301.5
1110097,369.9,225.4,109.4,234.4,15.7
1110098,313.0,82.2,229.8,367.9,328.1
1110099,113.1,161.1,80.0,58.5,24.7
1110100,403.0,346.8,413.3,214.9,57.0
1110101,39.0,200.9,18.0,43.4,181.9
1110102,161.0,432.7,418.9,268.0,384.3
1110103,111.6,444.9,400.3,65.6,16.7
1110104,486.4,67.5,318.4,263.2,431.1
1110105,455.6,433.1,242.6,497.5,216.9
1110106,341.5,79.5,254.8,227.4,446.9
1110107,66.4,308.9,232.4,420.1,212.9
1110108,479.4,12.0,28.1,194.7,287.1
1110109,54.9,331.0,384.5,246.8,196.0
1110110,318.6,242.7,272.1,480.4,28.4
1110111,452.4,376.6,114.3,74.5,422.6
1110112,176.5,152.7,298.9,427.1,348.3
1110113,329.9,39.6,249.9,305.6,316.8
1110114,463.3,187.5,269.7,282.2,421.0
1110115,193.3,36.9,306.1,420.3,223.9
1110116,388.0,236.1,285.5,484.4,355.5
1110117,449.1,12.9,367.3,300.0,45.5
1110118,313.9,361.9,105.6,69.5,437.8
1110119,84.0,284.2,412.9,356.8,304.7
1110120,193.7,126.0,488.4,164.3,74.8
1110121,321.6,284.7,81.8,78.6,175.2
1110122,234.9,407.5,196.2,155.7,431.6
1110123,270.8,135.8,393.3,238.1,405.0
1110124,182.6,242.9,484.2,463.6,192.5
1110125,333.3,37.9,146.5,180.9,336.6
1110126,243.5,402.2,165.8,465.2,96.5
1110127,232.8,464.4,194.7,218.8,355.1
1110128,71.2,189.4,462.8,109.3,18.7
1110129,212.1,311.2,54.7,368.7,401.9
1110130,143.8,230.7,85.4,126.9,293.8
1110131,179.9,194.4,73.9,144.0,256.7
1110132,487.4,310.3,419.8,386.6,426.2
1110133,115.6,103.9,28.6,201.3,176.9
1110134,344.6,44.4,34.0,13.1,481.1
1110135,25.6,274.0,285.8,237.8,63.5
1110136,419.3,296.5,229.0,347.5,96.5
1110137,353.8,249.3,150.1,432.6,364.9
1110138,483.3,423.9,207.2,38.6,162.8
1110139,300.0,328.0,365.4,433.7,158.6
1110140,116.5,430.0,457.4,161.4,474.4
1110141,362.4,398.2,316.1,204.4,218.4
1110142,25.1,494.0,468.9,64.9,45.0
1110143,215.2,481.0,439.6,382.2,115.4
1110144,147.8,292.3,407.6,406.9,130.9
1110145,62.1,133.1,270.5,161.6,56.7
1110146,218.9,172.0,21.2,209.9,372.5
1110147,421.9,421.2,480.1,335.3,275.2
1110148,64.1,126.3,239.7,498.9,423.0
1110149,493.5,60.4,303.3,57.6,302.4
1110150,124.3,20.0,218.3,209.2,194.2
1110151,363.5,490.2,476.4,253.8,486.7
1110152,333.8,390.7,318.7,160.5,288.6
1110153,48.1,36.6,272.9,108.8,325.6
1110154,351.7,162.6,294.3,463.3,486.8
1110155,140.0,225.7,205.9,316.9,62.3
1110156,451.9,298.2,169.3,149.0,345.1
1110157,410.9,264.9,395.5,456.1,385.2
1110158,205.6,444.6,283.6,428.5,12.6
1110159,411.9,148.1,27.6,332.7,295.8
1110160,106.9,289.8,91.2,34.0,190.4
1110161,266.0,122.2,300.8,126.2,390.9
1110162,212.1,284.2,474.5,132.7,325.8
1110163,463.7,403.0,259.9,492.1,315.2
1110164,414.4,94.5,238.6,234.0,392.0
1110165,255.5,76.2,406.6,466.2,200.1
1110166,67.2,175.5,230.9,160.2,347.4
1110167,15.7,102.0,212.9,464.8,491.1
1110168,457.4,53.4,407.9,218.8,139.7
1110169,261.1,346.9,374.8,85.0,252.3
1110170,423.1,454.0,493.7,382.4,362.8
1110171,56.5,148.9,454.9,56.8,151.1
1110172,403.7,64.6,210.3,251.3,229.7
1110173,40.5,363.5,294.0,285.2,203.8
1110174,321.4,187.6,373.6,452.2,54.0
1110175,484.7,144.0,218.5,341.8,189.8
1110176,204.7,253.8,228.5,364.2,73.4
1110177,333.2,118.8,205.1,150.9,42.4
1110178,115.3,98.1,125.3,465.3,383.0
1110179,446.0,271.1,75.5,145.1,472.7
1110180,493.4,152.6,376.5,457.0,458.2
1110181,372.0,288.6,79.7,68.0,31.9
1110182,324.3,200.5,212.0,434.7,178.7
1110183,133.6,385.2,298.1,89.0,37.5
1110184,243.1,433.0,71.0,90.8,82.7
1110185,141.3,355.9,89.3,28.6,119.3
1110186,435.4,159.3,186.4,462.0,106.1
1110187,140.8,443.5,189.9,63.4,279.0
1110188,486.8,375.9,241.1,154.8,119.1
1110189,114.6,398.9,60.7,18.9,16.0
1110190,155.9,432.1,389.7,257.1,343.8
1110191,371.0,418.6,15.3,479.0,53.6
1110192,16.3,419.0,415.7,347.1,281.4
1110193,24.8,422.7,487.5,212.1,290.4
1110194,369.6,424.9,130.1,234.7,449.8
1110195,254.1,101.6,281.3,208.1,77.1
1110196,116.9,154.7,281.0,16.9,257.4
1110197,14.4,28.2,181.9,396.9,184.3
1110198,426.8,142.4,162.8,334.7,360.9
1110199,272.8,455.5,196.8,416.7,385.7
1110200,364.5,490.7,461.9,313.3,15.1
1110201,334.2,486.2,445.1,240.0,31.0
1110202,421.0,183.1,177.2,410.0,34.3
1110203,200.2,57.1,406.5,112.7,74.1
1110204,218.8,473.7,115.3,442.3,378.7
1110205,415.8,347.0,42.0,342.4,428.5
1110206,239.8,67.1,144.2,251.4,250.5
1110207,411.8,184.4,153.7,206.2,49.6
1110208,16.9,168.1,190.1,106.1,257.1
1110209,204.4,109.4,94.7,138.1,27.0
1110210,72.9,221.1,324.9,309.5,412.7
1110211,67.9,468.9,261.8,221.9,197.6
1110212,110.9,182.4,44.2,170.9,66.2
1110213,376.3,229.4,479.1,69.6,263.5
1110214,465.7,459.2,430.3,283.9,450.1
1110215,196.5,349.0,387.3,366.1,43.6
1110216,235.7,408.9,323.7,157.4,146.7
1110217,437.9,492.8,32.1,465.0,156.0
1110218,409.1,471.1,38.1,389.0,430.7
1110219,22.2,290.3,364.6,193.0,165.5
1110220,437.8,472.6,250.7,134.5,469.9
1110221,306.2,122.0,45.2,181.3,111.1
1110222,263.1,433.4,149.9,361.1,213.9
1110223,298.7,282.4,474.4,152.9,301.7
1110224,401.9,113.7,28.8,84.2,404.8
1110225,94.9,19.9,368.4,283.5,88.3
1110226,101.6,293.7,426.8,430.7,363.2
1110227,136.5,255.6,178.5,431.4,168.5
1110228,35.0,302.2,454.2,280.5,73.8
1110229,280.8,120.3,170.3,26.2,222.3
1110230,182.4,65.9,488.8,156.5,18.7
1110231,459.3,448.7,59.7,455.9,44.9
1110232,243.5,369.8,307.3,18.6,414.6
1110233,61.2,380.2,305.6,23.4,236.7
1110234,84.7,448.7,469.8,228.4,363.5
1110235,144.0,163.4,362.2,369.2,101.6
1110236,393.0,485.0,405.9,187.8,51.1
1110237,202.6,46.6,489.7,109.2,253.8
1110238,401.5,400.1,175.8,366.4,328.7
1110239,222.2,209.8,254.4,100.9,254.6
1110240,50.0,310.6,308.0,229.0,20.1
1110241,15.2,99.6,59.3,205.6,439.0
1110242,221.1,234.5,346.8,58.9,403.1
1110243,334.8,286.5,345.8,128.2,167.0
1110244,262.4,127.3,133.6,271.4,93.9
1110245,294.3,444.7,499.6,269.7,147.1
1110246,251.6,262.8,184.9,406.4,102.8
1110247,372.8,367.8,151.2,455.5,26.4
1110248,396.8,258.0,448.3,102.6,75.2
1110249,392.7,95.3,163.3,438.5,26.6
1110250,72.5,389.9,194.2,170.3,29.9
1110251,470.7,319.0,75.3,39.4,133.2
1110252,440.1,431.2,310.3,354.4,38.0
1110253,352.8,453.0,274.6,464.4,480.0
1110254,469.1,81.6,433.4,365.1,384.1
1110255,340.2,430.8,204.0,108.5,93.0
1110256,301.3,200.5,315.0,330.6,68.7
1110257,179.1,316.4,398.7,325.6,70.9
1110258,50.9,16.3,103.5,366.3,327.5
1110259,293.9,417.0,180.9,252.1,367.4
1110260,18.6,452.2,93.6,211.7,76.3
1110261,280.7,140.3,371.3,447.1,163.8
1110262,320.0,55.0,384.8,153.5,60.5
1110263,342.4,104.1,51.1,234.5,480.6
1110264,93.6,355.1,21.1,125.2,320.1
1110265,292.8,487.9,413.2,213.1,183.9
1110266,110.9,386.3,76.2,102.7,405.9
1110267,133.2,319.6,22.9,493.5,426.5
1110268,484.9,360.5,102.0,281.9,371.7
1110269,449.3,117.1,332.6,422.3,42.6
1110270,70.2,34.4,137.1,74.1,45.4
1110271,441.8,462.4,125.3,428.5,408.1
1110272,474.5,493.3,63.8,328.4,186.1
1110273,235.4,253.6,385.0,210.1,413.3
1110274,212.3,386.8,260.1,116.3,489.5
1110275,292.8,398.6,246.4,88.8,433.3
1110276,197.9,300.8,242.0,138.4,110.9
1110277,90.5,487.7,264.2,210.8,268.0
1110278,327.9,98.7,225.6,152.8,115.7
1110279,132.0,321.5,60.8,17.6,176.1
1110280,332.9,300.6,216.8,250.2,229.9
1110281,451.2,260.6,348.1,175.0,361.2
1110282,454.7,464.5,408.4,371.6,317.2
1110283,367.4,20.2,247.7,314.3,56.6
1110284,95.7,143.9,354.3,274.0,131.7
1110285,214.6,291.9,200.5,381.0,215.2
1110286,134.6,206.1,350.4,498.2,367.8
1110287,371.2,302.8,107.7,329.3,302.6
1110288,192.1,250.3,93.3,102.3,399.0
1110289,230.1,76.6,250.9,212.8,471.9
1110290,469.1,428.3,29.6,317.8,357.0
1110291,408.4,233.5,168.6,305.9,145.4
1110292,24.8,458.9,433.2,168.8,176.6
1110293,135.6,405.9,70.3,386.4,418.3
1110294,293.9,303.7,204.1,445.9,93.1
1110295,197.9,20.3,208.9,135.9,311.8
1110296,391.2,419.1,108.2,219.1,279.4
1110297,269.5,154.7,50.8,220.8,284.2
1110298,66.8,426.8,107.7,191.2,50.1
1110299,384.6,240.9,359.2,246.2,133.9
1110300,104.2,109.2,14.1,409.7,418.8
1110301,194.1,427.5,114.0,118.6,188.7
1110302,10.0,131.2,424.3,140.3,254.9
1110303,474.0,272.7,178.9,101.6,394.5
1110304,352.3,484.3,174.8,94.6,475.1
1110305,55.8,331.5,332.3,246.2,67.6
1110306,470.3,494.6,314.5,214.4,397.0
1110307,164.3,373.1,85.3,214.2,84.7
1110308,137.1,459.1,329.5,292.6,373.5
1110309,139.5,297.4,220.0,163.0,223.2
1110310,370.3,178.8,275.2,477.5,447.1
1110311,432.7,229.7,126.2,497.1,151.0
1110312,37.2,410.2,46.8,47.5,91.6
1110313,15.7,456.6,226.9,127.2,170.2
1110314,499.1,280.4,181.4,24.8,332.2
1110315,208.6,412.0,324.5,421.9,464.1
1110316,421.9,302.0,216.2,314.0,58.9
1110317,48.4,339.3,170.6,440.9,266.5
1110318,422.5,306.9,457.6,398.7,50.3
1110319,20.9,477.1,341.2,233.1,450.9
1110320,215.7,355.4,264.6,57.5,211.5
1110321,239.6,121.6,51.8,422.8,211.2
1110322,121.1,84.2,420.7,366.4,416.6
1110323,197.4,437.0,91.3,461.9,473.8
1110324,199.7,297.5,415.4,144.6,162.1
1110325,428.2,490.9,39.4,208.2,377.2
1110326,78.1,106.9,115.4,444.1,471.0
1110327,337.9,470.7,404.4,344.3,157.2
1110328,292.1,297.7,59.9,268.8,360.2
1110329,74.7,,97.3,139.1,179.3
1110330,90.5,214.7,352.9,324.9,446.0
1110331,215.4,327.4,289.6,38.8,457.7
1110332,15.5,205.8,359.0,311.6,409.1
1110333,115.8,315.5,361.6,444.1,483.9
1110334,167.4,490.2,71.5,212.8,286.9
1110335,410.7,45.8,142.8,44.0,281.5
1110336,421.7,,437.0,297.0,339.1
1110337,268.4,191.4,364.5,157.5,248.8
1110338,135.6,472.4,318.4,11.6,226.9
1110339,44.1,58.5,200.0,233.6,244.5
1110340,438.8,112.7,70.3,334.9,146.8
1110341,234.8,189.8,487.9,30.3,180.6
1110342,202.4,162.4,297.7,494.4,312.8
1110343,218.5,474.7,497.6,91.4,299.9
1110344,325.0,360.3,162.3,199.4,207.3
1110345,275.3,14.6,455.1,373.6,331.1
1110346,357.5,333.8,356.6,369.4,355.1
1110347,31.9,410.6,180.8,58.6,427.5
1110348,317.2,38.0,461.2,213.5,24.6
1110349,485.0,290.8,284.2,229.7,315.0
1110350,410.5,331.2,356.7,264.4,480.3
1110351,383.1,306.9,160.6,340.7,142.7
1110352,249.3,405.5,370.7,59.7,493.8
1110353,71.5,70.3,83.1,479.6,306.6
1110354,154.6,83.4,474.3,82.4,220.5
1110355,22.7,419.4,48.7,135.2,360.1
1110356,49.5,179.3,102.8,381.2,296.2
1110357,30.7,48.0,208.4,132.6,388.0
1110358,233.1,199.8,98.1,277.3,388.2
1110359,25.2,486.1,473.5,25.8,156.0
1110360,480.9,15.5,456.5,128.3,399.3
1110361,215.3,264.7,296.6,161.8,370.2
1110362,193.2,456.4,430.7,298.3,118.0
1110363,257.7,50.9,359.1,399.9,362.3
1110364,33.1,184.9,318.1,77.3,150.4
1110365,367.3,439.3,109.8,365.9,469.7
1110366,55.4,463.6,425.5,118.7,81.3
1110367,488.1,313.5,310.6,113.9,236.8
1110368,211.9,330.1,63.0,304.3,25.4
1110369,396.0,162.6,90.4,223.7,374.8
1110370,484.0,53.6,388.8,445.5,257.0
1110371,465.1,402.3,456.7,307.5,285.3
1110372,409.7,461.3,310.9,462.4,121.5
1110373,461.4,448.4,362.6,135.5,22.7
1110374,358.7,274.2,29.6,149.1,322.0
1110375,288.4,122.2,151.6,377.8,147.2
1110376,421.0,202.3,17.5,110.1,337.5
1110377,316.8,480.2,36.4,418.8,406.0
1110378,49.8,178.6,161.9,436.9,499.8
1110379,392.6,417.3,153.4,441.5,334.5
1110380,185.2,244.5,473.8,470.8,14.0
1110381,397.0,77.7,496.1,467.5,36.7
1110382,293.3,196.1,136.2,169.6,183.9
1110383,393.7,228.3,164.3,172.7,441.9
1110384,406.1,146.7,238.1,201.1,377.0
1110385,172.3,138.1,241.9,223.2,43.1
1110386,484.4,284.8,458.7,252.6,393.3
1110387,451.4,231.7,62.9,326.7,148.1
1110388,414.5,470.2,416.1,181.7,367.4
1110389,216.0,255.2,128.0,147.5,100.8
1110390,53.6,404.3,221.2,291.6,263.6
1110391,329.6,163.5,163.2,154.4,158.9
1110392,163.4,59.4,358.9,305.5,282.1
1110393,249.6,55.0,92.6,397.1,494.3
1110394,396.0,73.0,462.5,419.2,21.5
1110395,190.6,,450.5,387.1,127.9
1110396,475.4,112.7,278.1,266.7,332.7
1110397,142.2,233.7,461.7,103.8,42.2
1110398,71.5,414.9,42.3,480.7,290.2
1110399,368.3,161.1,377.2,402.4,147.2
1110400,66.8,,146.0,290.7,284.4
1110401,466.9,47.3,448.4,256.4,38.5
1110402,23.2,288.7,357.3,403.2,274.7
1110403,227.9,96.5,367.4,354.8,296.3
1110404,333.2,379.5,480.8,64.5,302.6
1110405,54.0,365.7,251.6,379.0,302.8
1110406,39.6,284.0,447.7,155.8,491.0
1110407,470.4,413.6,490.7,39.2,326.1
1110408,469.0,286.3,410.7,141.1,122.9
1110409,470.9,140.7,38.1,53.2,413.4
1110410,80.1,296.3,461.4,66.9,391.0
1110411,282.1,378.9,142.0,344.5,381.9
1110412,86.1,374.3,45.5,178.5,472.9
1110413,217.8,286.8,445.2,51.0,406.0
1110414,400.9,329.0,268.2,294.1,429.8
1110415,106.2,169.7,315.5,490.7,348.0
1110416,264.2,77.1,30.4,409.8,303.0
1110417,89.1,132.1,398.6,283.2,389.7
1110418,12.0,254.3,403.7,162.9,293.3
1110419,307.3,461.5,90.7,43.3,32.3
1110420,482.5,273.9,366.7,436.9,426.1
1110421,424.7,65.4,37.8,379.8,23.6
1110422,336.4,408.4,306.0,331.4,35.4
1110423,380.2,252.0,41.4,310.0,152.4
1110424,41.0,456.1,450.5,258.3,399.3
1110425,240.4,196.7,110.3,272.3,449.7
1110426,165.0,321.3,307.2,199.6,34.5
1110427,98.5,199.0,459.1,264.0,266.5
1110428,261.6,291.5,345.9,24.1,250.2
1110429,162.8,388.0,310.6,188.1,88.4
1110430,391.3,138.4,183.0,28.8,402.5
1110431,139.6,442.1,425.4,21.4,319.6
1110432,461.2,76.9,245.0,322.1,165.1
1110433,371.2,246.8,234.1,25.5,129.3
1110434,11.4,261.5,118.4,155.6,494.0
1110435,481.9,455.9,174.6,455.1,209.5
1110436,337.1,235.5,426.1,324.9,202.9
1110437,60.6,113.8,282.3,39.0,99.3
1110438,418.9,221.8,235.2,320.5,186.2
1110439,170.1,256.2,341.2,383.6,353.2
1110440,358.1,464.2,189.9,73.7,185.0
1110441,266.6,311.1,93.2,195.3,50.8
1110442,21.5,207.1,165.1,476.6,158.8
1110443,27.3,289.6,366.9,40.3,332.9
1110444,351.8,267.0,48.9,82.8,352.4
1110445,155.8,285.4,414.3,215.8,18.4
1110446,162.3,162.6,285.0,253.2,139.7
1110447,88.9,119.0,48.8,426.5,296.7
1110448,498.6,479.6,128.4,143.4,478.5
1110449,130.1,146.7,343.4,48.4,220.6
1110450,493.3,349.4,48.1,300.3,238.7
1110451,159.2,356.2,165.0,262.8,471.9
1110452,137.4,216.7,230.4,45.3,268.6
1110453,217.1,21.9,84.8,59.5,437.1
1110454,266.2,295.1,491.3,61.1,153.8
1110455,191.2,185.9,293.0,262.1,108.5
1110456,114.3,357.5,417.2,58.4,343.3
1110457,72.4,471.3,248.1,71.4,148.9
1110458,131.7,101.2,84.2,104.0,376.5
1110459,257.7,79.9,224.0,291.5,336.5
1110460,40.2,313.1,219.8,230.5,202.4
1110461,157.3,298.6,402.5,370.8,24.4
1110462,323.5,493.7,118.3,107.1,80.4
1110463,275.5,445.3,25.0,376.7,457.2
1110464,240.2,321.0,378.2,346.6,104.8
1110465,268.8,200.9,358.5,124.7,247.8
1110466,374.7,135.5,266.0,271.0,67.9
1110467,199.9,259.4,166.2,180.9,325.4
1110468,341.3,440.4,137.3,52.6,487.7
1110469,434.0,360.1,427.1,446.6,36.2
1110470,307.2,345.0,171.4,188.6,302.8
1110471,365.1,63.3,401.1,385.4,215.8
1110472,26.4,386.2,373.6,375.7,224.9
1110473,230.4,288.6,459.5,433.1,28.5
1110474,192.1,278.3,349.0,173.2,55.1
1110475,82.4,252.6,385.9,218.9,290.9
1110476,260.5,137.5,427.8,382.5,206.7
1110477,14.9,72.2,455.2,495.4,352.0
1110478,427.1,402.1,487.6,302.8,118.1
1110479,282.9,315.1,12.3,240.9,460.6
1110480,199.5,338.1,459.6,362.9,123.4
1110481,326.4,449.5,177.1,226.4,55.6
1110482,383.7,131.4,83.0,390.9,455.5
1110483,131.7,72.1,115.0,315.8,206.1
1110484,208.1,157.3,343.9,202.1,492.6
1110485,97.7,163.6,361.8,438.5,155.6
1110486,333.6,112.1,444.7,297.3,237.4
1110487,499.7,386.1,150.4,246.2,111.2
1110488,26.0,141.0,421.0,58.8,91.3
1110489,77.6,357.6,172.2,474.4,59.1
1110490,113.1,280.1,493.7,457.1,410.8
1110491,31.5,71.3,103.5,282.6,78.6
1110492,162.6,162.5,33.9,456.9,381.4
1110493,82.5,278.3,369.4,207.5,125.1
1110494,249.4,224.4,77.4,314.0,204.3
1110495,197.3,321.2,405.0,112.0,280.2
1110496,268.0,186.1,396.1,144.1,426.1
1110497,43.3,345.2,470.4,50.3,238.0
1110498,177.3,171.6,423.4,69.5,328.5
1110499,329.3,342.8,283.6,496.7,340.8
1110500,311.0,454.4,478.2,408.4,374.4
1110501,117.7,357.5,251.9,41.2,158.3
1110502,177.3,406.3,208.2,185.2,253.1
1110503,139.0,426.3,284.1,275.2,406.1
1110504,20.3,352.4,391.2,383.2,431.6
1110505,70.4,141.8,60.5,195.0,95.6
1110506,243.6,284.0,31.5,426.1,114.3
1110507,247.2,435.8,457.0,163.5,247.9
1110508,250.5,498.9,156.2,348.7,334.7
1110509,496.3,453.8,442.6,40.6,104.8
1110510,303.2,485.9,53.8,337.5,452.6
1110511,159.7,395.7,278.4,456.4,60.8
1110512,428.2,58.2,416.8,154.3,484.1
1110513,375.7,472.4,201.7,99.1,477.8
1110514,154.4,365.7,385.7,179.0,473.6
1110515,421.9,265.6,317.3,86.1,246.8
1110516,139.7,486.2,220.2,31.2,310.5
1110517,247.2,322.6,129.1,243.8,158.2
1110518,279.0,,91.4,47.5,455.0
1110519,179.5,29.3,139.9,338.6,377.5
1110520,296.8,413.4,110.2,14.4,257.3
1110521,287.0,93.3,214.0,92.3,81.9
1110522,191.3,144.2,302.5,233.1,95.5
1110523,321.4,32.6,381.3,114.3,373.7
1110524,422.9,215.0,331.1,221.2,180.8
1110525,323.4,386.2,37.0,223.0,148.9
1110526,221.7,128.9,93.0,220.0,416.6
1110527,397.2,386.0,192.1,358.9,431.6
1110528,65.2,415.7,72.7,197.4,458.9
1110529,151.8,465.1,230.7,85.0,100.4
1110530,493.7,359.3,10.8,433.0,475.5
1110531,152.7,33.5,314.6,151.8,251.1
1110532,274.5,289.5,52.2,392.8,426.2
1110533,231.9,285.7,450.5,459.4,282.9
1110534,49.4,107.2,257.6,239.3,102.1
1110535,277.8,430.1,407.2,363.6,248.6
1110536,380.5,385.9,226.8,325.4,443.8
1110537,378.9,47.4,365.3,302.4,348.1
1110538,363.6,388.9,26.7,414.8,107.4
1110539,190.1,296.5,379.4,475.3,59.4
1110540,115.8,287.4,415.0,248.7,416.8
1110541,226.4,230.1,362.0,388.0,205.0
1110542,313.2,387.8,337.1,419.0,364.5
1110543,308.0,42.3,294.0,58.9,480.1
1110544,223.8,14.2,292.9,230.1,112.6
1110545,393.9,195.2,412.2,132.6,159.1
1110546,404.8,388.7,167.9,330.1,354.9
1110547,303.6,481.8,58.7,120.8,417.3
1110548,117.0,479.0,370.7,110.9,119.5
1110549,94.1,175.4,217.2,415.3,401.6
1110550,322.0,62.5,476.5,484.3,13.8
1110551,206.4,417.6,30.3,205.8,179.0
1110552,409.3,246.0,17.7,226.3,67.0
1110553,102.5,303.8,66.3,183.9,319.2
1110554,337.1,391.0,136.7,379.4,437.3
1110555,242.8,398.1,103.3,49.6,27.0
1110556,391.5,112.5,154.2,382.4,257.0
1110557,276.7,387.8,27.3,241.4,442.3
1110558,212.1,334.3,299.4,63.1,147.3
1110559,430.4,299.2,461.6,348.2,189.7
1110560,20.7,142.4,365.0,488.5,87.8
1110561,481.0,205.1,133.4,195.6,341.6
1110562,486.7,232.5,64.4,193.6,296.1
1110563,123.5,282.5,56.3,432.4,178.7
1110564,211.2,29.7,304.8,449.8,245.1
1110565,226.8,189.7,276.9,205.3,96.0
1110566,214.6,208.9,359.4,58.7,405.8
1110567,102.0,258.3,335.9,402.5,434.3
1110568,328.4,336.3,257.9,396.3,456.1
1110569,170.4,71.2,337.7,60.7,25.8
1110570,368.0,217.3,473.2,57.1,149.9
1110571,370.0,473.6,98.3,152.0,227.5
1110572,486.0,375.0,174.3,444.4,157.5
1110573,461.8,321.7,176.5,99.5,392.8
1110574,86.1,402.8,79.0,197.4,398.1
1110575,322.9,359.6,450.2,32.1,64.2
1110576,421.6,63.1,348.0,49.8,337.2
1110577,33.3,320.7,27.8,415.5,282.5
1110578,32.3,72.9,456.5,437.9,167.4
1110579,62.7,162.9,265.8,421.0,25.0
1110580,416.4,264.1,359.8,113.0,112.6
1110581,200.1,418.0,225.0,70.7,170.6
1110582,218.1,80.8,393.9,366.5,156.3
1110583,167.0,256.2,279.6,126.2,221.3
1110584,443.6,469.2,265.0,373.7,308.7
1110585,83.3,169.9,395.0,477.8,404.9
1110586,466.6,441.7,160.0,49.0,373.7
1110587,210.0,262.3,436.2,374.3,419.0
1110588,332.6,327.0,48.2,111.4,261.4
1110589,302.0,115.1,405.6,14.7,235.7
1110590,132.1,413.7,368.1,438.3,492.0
1110591,397.1,101.5,220.1,158.3,473.1
1110592,400.1,189.5,387.6,76.3,13.3
1110593,115.4,438.1,419.9,401.4,106.0
1110594,340.1,,80.3,383.9,55.9
1110595,142.6,426.2,412.4,491.3,319.4
1110596,189.0,232.0,493.8,470.5,393.6
1110597,50.0,300.2,405.4,403.6,187.8
1110598,18.7,142.9,22.2,359.4,378.6
1110599,455.5,397.4,298.1,107.0,303.4
1110600,385.6,432.9,369.7,50.6,76.5
1110601,377.6,420.2,134.3,255.3,446.4
1110602,44.6,381.7,289.9,462.6,246.9
1110603,134.0,102.9,477.9,183.1,128.8
1110604,118.6,343.3,321.0,302.8,423.0
1110605,78.0,69.7,325.1,327.3,375.3
1110606,258.5,78.2,240.2,359.7,34.6
1110607,302.3,61.2,194.7,232.8,306.0
1110608,321.6,61.7,260.0,178.7,212.8
1110609,75.7,362.1,89.5,433.8,271.3
1110610,486.2,429.9,330.1,52.2,338.0
1110611,438.4,245.0,370.9,86.0,24.9
1110612,217.8,292.7,461.6,120.8,145.7
1110613,288.2,375.2,407.8,145.3,355.0
1110614,229.6,447.0,268.4,255.4,492.0
1110615,357.4,285.6,388.2,192.3,64.7
1110616,241.9,305.9,203.1,74.6,284.6
1110617,316.7,273.3,396.0,19.0,230.1
1110618,78.4,441.5,383.0,196.2,415.2
1110619,345.0,479.5,176.9,262.5,16.6
1110620,472.6,171.7,386.3,227.5,12.6
1110621,171.1,373.0,430.9,149.9,399.1
1110622,100.2,490.1,174.7,407.8,166.4
1110623,367.4,433.9,58.5,313.6,137.3
1110624,235.5,239.4,263.4,451.5,427.3
1110625,290.6,399.9,387.8,268.8,398.4
1110626,241.7,105.8,450.6,285.6,351.5
1110627,90.3,461.7,381.1,87.0,471.8
1110628,383.0,345.8,490.7,398.3,180.1
1110629,176.8,168.2,475.5,229.8,297.5
1110630,442.5,221.5,179.4,111.2,179.7
1110631,114.2,274.2,326.4,313.8,499.5
1110632,473.8,479.9,80.6,491.2,202.5
1110633,155.4,11.3,249.0,467.6,294.9
1110634,57.9,291.0,488.5,51.8,377.3
1110635,143.7,408.9,207.7,184.1,119.4
1110636,398.8,107.8,76.6,485.0,122.9
1110637,301.2,124.3,222.6,159.1,479.0
1110638,393.6,443.9,499.6,334.9,448.6
1110639,429.6,33.6,286.4,90.5,353.4
1110640,331.6,18.6,428.8,70.2,264.6
1110641,38.9,193.4,342.6,497.0,135.3
1110642,157.4,171.6,161.9,292.7,460.6
1110643,12.4,346.3,355.3,483.5,478.2
1110644,344.6,298.8,258.2,210.3,239.4
1110645,480.5,291.4,146.1,124.9,35.8
1110646,427.8,204.6,61.0,262.6,88.6
1110647,102.4,437.3,41.0,459.9,428.4
1110648,172.4,182.8,133.5,181.3,234.8
1110649,430.0,478.1,185.5,329.6,353.9
1110650,424.9,,332.0,77.3,227.1
1110651,384.3,56.4,119.4,74.1,264.1
1110652,43.1,308.1,498.9,495.2,15.5
1110653,41.4,87.6,459.9,48.7,453.7
1110654,353.8,488.1,261.9,208.2,260.6
1110655,199.5,156.4,248.8,197.0,316.7
1110656,66.7,254.3,179.1,185.4,15.5
1110657,459.7,429.2,364.8,61.2,37.5
1110658,258.4,242.5,138.9,210.2,11.2
1110659,255.1,48.9,98.4,348.2,240.5
1110660,272.0,12.5,281.1,365.3,448.3
1110661,445.4,499.3,89.3,294.2,344.5
1110662,88.0,73.3,197.7,440.3,313.2
1110663,195.1,28.9,352.1,264.8,393.8
1110664,50.3,378.3,367.9,64.3,223.6
1110665,419.6,66.2,454.2,261.5,347.5
1110666,382.4,15.1,110.6,211.1,356.0
1110667,13.7,463.4,99.6,188.8,459.7
1110668,202.6,258.9,76.6,423.6,102.0
1110669,470.7,72.0,14.0,96.2,320.8
1110670,101.4,373.1,142.9,234.6,321.9
1110671,282.6,,96.0,50.7,165.1
1110672,285.4,297.1,340.7,467.4,25.8
1110673,62.6,82.3,312.3,375.1,454.9
1110674,428.7,211.7,334.8,305.8,122.9
1110675,440.3,219.0,249.3,171.2,54.2
1110676,326.2,155.1,190.4,14.7,284.2
1110677,481.3,41.1,373.1,36.5,170.6
1110678,66.8,84.5,116.4,381.4,405.6
1110679,486.5,45.2,251.7,162.6,375.0
1110680,314.5,294.5,117.9,499.5,378.3
1110681,418.9,495.7,194.2,54.1,326.2
1110682,125.7,238.3,274.0,382.4,261.3
1110683,224.3,266.4,122.4,305.9,283.9
1110684,96.7,68.5,267.2,250.9,23.5
1110685,90.9,22.1,121.9,318.0,94.6
1110686,96.0,268.4,151.3,17.1,116.1
1110687,451.5,121.8,490.5,332.4,153.4
1110688,147.8,82.7,330.5,86.0,134.7
1110689,474.6,357.4,92.9,106.3,249.0
1110690,72.4,494.6,33.8,490.2,261.6
1110691,373.9,66.2,35.2,380.9,426.3
1110692,353.5,57.0,180.2,295.4,99.9
1110693,323.2,85.9,322.8,377.5,470.5
1110694,49.3,228.4,118.8,20.0,57.1
1110695,166.6,286.9,424.6,14.7,162.0
1110696,71.2,425.0,145.6,71.0,122.4
1110697,413.0,121.5,48.2,205.2,334.4
1110698,383.1,463.6,355.3,254.3,441.1
1110699,25.3,482.2,347.0,196.9,280.6
1110700,101.5,99.8,175.2,36.8,451.3
1110701,456.8,292.0,147.0,331.2,444.9
1110702,309.6,319.7,308.9,473.6,273.7
1110703,326.4,384.4,173.8,147.4,493.0
1110704,123.6,190.9,264.1,227.1,57.5
1110705,293.9,97.3,40.3,63.6,145.2
1110706,174.0,327.4,304.4,470.4,427.7
1110707,174.6,206.5,353.7,79.0,192.7
1110708,459.3,408.1,303.4,107.2,421.7
1110709,130.6,41.2,107.3,338.2,219.6
1110710,52.1,452.5,23.8,308.1,213.0
1110711,129.1,363.2,192.0,116.6,425.9
1110712,395.5,305.2,112.6,399.3,58.5
1110713,310.4,378.1,342.2,236.2,385.3
1110714,166.0,288.5,216.0,385.3,474.2
1110715,423.3,142.8,279.0,433.5,263.3
1110716,172.0,452.0,225.8,389.4,186.6
1110717,154.8,332.4,134.4,497.2,214.4
1110718,52.5,271.2,184.8,460.5,346.3
1110719,377.2,96.7,465.2,448.8,269.9
1110720,475.3,126.4,255.3,93.0,373.8
1110721,74.2,377.3,48.3,330.6,121.8
1110722,104.7,399.8,486.8,63.8,67.8
1110723,78.0,206.4,103.2,48.9,379.8
1110724,438.5,299.4,155.9,26.1,315.0
1110725,268.9,360.6,373.4,410.6,141.4
1110726,168.7,244.0,441.5,136.2,393.0
1110727,127.2,214.2,381.9,232.9,183.5
1110728,358.7,177.1,331.1,73.5,16.6
1110729,34.9,294.6,99.3,99.8,332.7
1110730,32.3,73.5,353.8,274.4,163.4
1110731,189.1,482.0,212.3,378.7,150.7
1110732,301.8,437.7,68.7,412.4,49.4
1110733,19.9,410.9,442.7,99.2,355.2
1110734,233.7,302.0,366.4,452.4,114.0
1110735,253.1,489.3,162.6,428.8,489.6
1110736,143.9,356.4,268.5,405.7,356.6
1110737,463.7,90.2,240.4,294.0,68.2
1110738,158.3,307.9,101.8,101.5,417.2
1110739,244.8,,215.7,97.0,413.7
1110740,227.7,144.0,138.7,238.7,455.0
1110741,184.2,202.2,115.7,88.2,337.8
1110742,464.0,455.5,239.0,58.4,401.9
1110743,314.8,342.7,196.0,433.5,122.5
1110744,59.3,93.6,149.0,455.9,382.4
1110745,87.0,127.8,294.5,407.0,281.6
1110746,102.3,397.5,302.7,138.1,159.0
1110747,496.9,219.7,380.0,282.3,183.3
1110748,247.1,208.7,232.1,118.9,234.0
1110749,281.2,29.4,421.3,339.5,466.2
1110750,385.8,244.4,347.2,134.2,351.3
1110751,27.7,93.2,196.1,182.5,261.0
1110752,389.5,229.6,471.0,241.8,175.5
1110753,124.6,77.9,187.8,339.3,236.9
1110754,94.3,71.9,184.4,178.9,216.1
1110755,367.8,438.5,133.2,158.5,67.8
1110756,180.6,251.8,13.5,455.4,473.2
1110757,43.5,75.3,201.7,170.2,151.1
1110758,298.5,137.9,291.6,148.8,201.0
1110759,486.4,167.1,60.4,108.7,281.8
1110760,231.8,129.9,143.1,243.1,441.1
1110761,149.5,359.7,450.2,268.9,410.8
1110762,385.1,491.2,119.9,469.0,391.5
1110763,314.3,156.8,189.5,337.0,211.8
1110764,226.7,117.0,388.1,421.1,169.3
1110765,136.6,247.3,24.4,60.0,475.2
1110766,95.9,198.3,148.0,322.7,273.8
1110767,107.2,313.8,242.6,208.7,343.5
1110768,313.4,344.1,432.7,287.5,405.8
1110769,242.0,115.2,287.7,21.4,412.4
1110770,232.9,,427.4,213.0,138.0
1110771,421.6,47.8,177.5,259.8,440.5
1110772,438.5,97.8,11.9,139.0,214.8
1110773,297.4,263.7,409.4,276.0,164.5
1110774,264.4,260.3,467.0,233.7,75.1
1110775,376.7,16.3,289.9,153.8,132.8
1110776,195.1,450.3,306.5,104.3,22.4
1110777,372.1,257.5,105.2,362.0,108.1
1110778,423.7,138.7,474.0,139.8,138.7
1110779,353.5,54.0,335.3,177.8,37.2
1110780,259.7,306.9,85.1,29.9,114.9
1110781,344.8,230.1,416.9,93.0,496.8
1110782,275.1,485.7,85.6,466.5,270.7
1110783,55.7,383.8,188.6,459.9,388.4
1110784,258.2,362.8,179.0,455.4,116.2
1110785,375.9,126.8,98.5,475.2,409.9
1110786,58.3,202.3,392.9,129.0,156.2
1110787,478.6,499.2,122.0,427.2,482.7
1110788,285.4,336.4,401.0,370.5,359.9
1110789,228.2,291.0,372.1,80.3,353.1
1110790,166.0,81.1,367.9,272.4,225.7
1110791,227.8,301.5,234.6,23.1,86.9
1110792,359.0,470.2,309.2,455.6,497.1
1110793,49.2,467.8,37.6,50.6,235.5
1110794,437.7,112.4,498.9,324.8,398.0
1110795,148.6,314.2,82.9,299.0,200.1
1110796,376.3,66.8,443.4,315.5,211.2
1110797,307.6,204.2,202.0,99.8,152.8
1110798,232.7,284.0,137.1,499.0,207.6
1110799,22.1,452.0,391.0,444.1,431.7
1110800,216.5,297.2,454.8,430.2,317.6
1110801,256.4,39.2,276.3,130.9,376.1
1110802,176.8,315.2,38.7,273.1,173.5
1110803,119.8,414.2,327.5,141.3,369.0
1110804,278.7,441.6,326.6,142.2,398.8
1110805,50.0,322.5,180.3,289.9,307.7
1110806,141.3,53.2,144.5,361.7,382.9
1110807,412.9,297.2,379.0,280.4,386.2
1110808,451.4,162.2,431.0,55.0,387.5
1110809,495.4,57.2,335.1,427.9,254.5
1110810,290.9,410.5,475.2,446.7,402.7
1110811,451.6,79.5,238.5,444.2,75.6
1110812,358.6,364.9,400.0,387.9,78.8
1110813,94.2,438.0,317.7,162.0,347.8
1110814,276.6,283.9,361.7,454.9,50.1
1110815,381.5,156.9,471.4,87.7,346.7
1110816,214.7,138.3,67.1,111.0,131.7
1110817,130.8,244.4,265.0,347.0,484.6
1110818,56.4,296.8,173.6,106.1,315.7
1110819,264.4,113.0,236.5,203.2,86.9
1110820,227.0,143.9,435.3,21.1,152.3
1110821,239.0,37.2,390.4,276.5,223.1
1110822,415.9,41.8,353.9,386.2,167.0
1110823,24.6,161.3,56.4,269.0,320.7
1110824,451.6,366.4,14.8,141.7,253.6
1110825,402.1,295.7,186.1,72.8,276.5
1110826,357.1,180.0,96.1,299.2,462.1
1110827,186.3,15.0,207.1,335.6,288.9
1110828,27.9,266.7,470.6,153.2,190.3
1110829,394.7,476.7,356.1,145.4,250.7
1110830,381.8,485.3,346.7,23.7,171.9
1110831,321.9,23.7,295.4,279.0,86.1
1110832,291.3,102.7,114.4,251.2,450.4
1110833,479.4,355.2,377.2,163.4,339.2
1110834,219.1,56.6,149.8,216.3,77.5
1110835,441.4,388.8,353.6,93.5,128.9
1110836,59.0,212.0,175.6,150.2,279.0
1110837,393.7,286.1,258.4,21.8,448.1
1110838,361.1,270.7,29.7,320.2,201.7
1110839,312.7,112.2,189.8,390.9,189.9
1110840,327.9,120.4,208.2,103.1,87.5
1110841,437.2,367.9,441.8,400.3,220.5
1110842,437.1,459.3,65.4,166.8,68.8
1110843,22.6,132.9,165.7,307.2,347.7
1110844,110.9,138.4,196.1,66.9,302.3
1110845,251.0,386.4,488.4,209.2,339.5
1110846,53.0,207.3,498.3,219.1,354.6
1110847,139.5,290.2,424.0,188.5,492.6
1110848,449.0,,378.7,224.7,24.4
1110849,241.5,440.7,374.8,121.7,66.8
1110850,39.4,377.4,225.6,27.9,78.0
1110851,373.9,168.1,419.3,22.5,120.5
1110852,215.1,245.7,266.7,381.1,314.1
1110853,432.8,384.5,35.3,128.6,470.4
1110854,17.5,478.2,271.0,224.0,93.9
1110855,195.9,,164.2,357.0,154.2
1110856,184.1,476.4,446.0,153.5,323.9
1110857,340.8,78.7,75.4,225.0,277.2
1110858,179.9,463.0,328.7,452.8,103.6
1110859,496.1,223.5,69.3,233.2,10.4
1110860,49.2,387.3,410.1,60.8,21.7
1110861,150.1,286.0,452.6,250.9,425.5
1110862,28.1,388.4,52.1,449.7,176.4
1110863,182.7,83.6,186.0,129.8,203.0
1110864,176.0,272.8,451.7,304.2,408.3
1110865,291.1,388.3,389.3,449.1,441.0
1110866,126.3,134.7,306.8,47.8,101.9
1110867,294.7,111.1,211.5,233.6,473.0
1110868,53.6,471.8,311.9,55.6,143.0
1110869,238.0,95.9,181.8,43.6,486.7
1110870,147.1,18.0,324.9,104.2,231.9
1110871,194.5,181.9,158.3,60.0,339.6
1110872,477.8,189.3,321.1,238.5,274.1
1110873,214.0,83.7,418.9,333.0,107.0
1110874,464.4,385.1,165.6,233.6,48.8
1110875,304.2,459.9,471.8,177.1,135.0
1110876,189.6,436.8,156.4,499.5,207.1
1110877,385.2,138.4,494.4,28.3,146.2
1110878,318.4,27.4,92.5,94.0,478.5
1110879,55.1,202.6,433.8,191.7,426.3
1110880,30.0,295.3,429.8,339.0,285.3
1110881,444.3,133.3,415.8,497.5,329.7
1110882,207.2,475.1,139.6,495.6,471.4
1110883,491.0,129.6,422.4,373.6,119.6
1110884,45.8,156.9,364.4,377.8,10.8
1110885,238.2,324.9,56.0,407.1,180.2
1110886,25.4,360.5,497.1,114.3,172.6
1110887,391.5,325.3,38.5,82.2,100.5
1110888,29.7,239.6,85.6,448.2,60.3
1110889,452.7,10.4,340.6,282.7,244.0
1110890,165.1,97.3,171.3,358.9,117.5
1110891,165.8,179.4,81.5,319.8,137.7
1110892,416.5,90.7,105.2,157.6,164.9
1110893,366.9,470.8,260.3,311.3,351.5
1110894,292.2,445.6,43.4,445.4,468.7
1110895,133.5,162.0,465.1,180.2,137.2
1110896,252.4,480.6,257.5,430.0,482.7
1110897,41.2,284.0,137.7,325.4,478.6
1110898,226.5,425.6,314.5,167.8,302.4
1110899,262.1,156.4,286.9,256.0,14.0
1110900,305.3,313.2,339.7,201.5,271.9
1110901,436.8,354.0,278.9,205.8,297.2
1110902,418.1,357.3,187.9,43.9,441.8
1110903,347.1,139.5,210.8,334.9,491.7
1110904,220.7,107.5,212.5,10.3,282.1
1110905,216.9,299.3,186.7,126.9,112.8
1110906,113.3,231.0,97.3,364.3,79.0
1110907,489.3,33.8,276.4,418.3,128.3
1110908,243.9,256.6,46.1,491.8,76.0
1110909,395.3,325.5,426.2,450.8,484.0
1110910,236.2,53.7,437.4,212.4,86.4
1110911,33.5,34.6,356.2,394.6,234.1
1110912,352.4,336.0,122.8,65.8,436.6
1110913,273.1,57.9,305.8,435.5,81.0
1110914,217.9,254.2,399.8,393.2,117.8
1110915,72.9,179.4,250.8,340.9,245.6
1110916,93.4,39.4,144.6,155.2,340.6
1110917,325.1,156.9,180.0,115.8,267.4
1110918,263.5,246.6,334.1,89.6,472.5
1110919,226.2,311.3,134.4,492.5,394.0
1110920,444.5,132.2,62.7,272.6,86.9
1110921,66.5,290.3,424.7,262.9,108.2
1110922,144.5,287.4,171.7,198.6,188.3
1110923,127.6,413.2,73.1,375.5,266.1
1110924,279.4,59.0,175.4,483.6,82.4
1110925,154.0,232.7,83.1,378.0,310.2
1110926,426.8,173.4,71.8,90.2,496.9
1110927,78.4,229.2,119.0,298.2,300.1
1110928,260.5,362.2,177.1,324.0,89.0
1110929,134.5,38.7,301.3,346.6,153.1
1110930,499.5,406.6,286.3,206.3,138.7
1110931,480.2,17.5,336.1,345.7,240.0
1110932,288.0,85.9,141.1,468.4,94.1
1110933,43.9,415.3,469.5,392.8,298.7
1110934,385.9,236.0,341.8,479.2,73.7
1110935,448.2,483.3,276.3,275.0,65.2
1110936,240.7,420.1,464.5,285.0,53.7
1110937,232.5,432.8,109.0,24.1,244.7
1110938,140.3,286.2,357.1,230.8,341.3
1110939,267.1,347.8,72.5,89.4,263.9
1110940,174.6,95.7,44.1,183.0,494.8
1110941,432.7,376.0,18.4,348.9,437.0
1110942,162.6,71.2,255.0,470.0,154.2
1110943,51.6,306.2,479.0,296.8,426.1
1110944,339.3,89.2,60.3,203.3,332.0
1110945,276.7,252.0,377.9,106.2,317.7
1110946,431.1,474.0,30.7,492.1,270.6
1110947,373.7,462.4,453.9,68.1,422.6
1110948,249.4,328.7,389.1,30.7,332.7
1110949,108.6,88.4,472.4,277.6,59.3
1110950,276.9,141.9,162.1,131.3,233.9
1110951,20.5,343.4,376.5,379.9,46.5
1110952,331.7,226.9,20.8,464.3,113.4
1110953,495.5,60.1,174.3,315.5,97.4
1110954,250.0,171.5,208.0,255.0,428.6
1110955,242.7,238.6,308.3,300.3,367.7
1110956,209.2,368.8,212.6,298.7,70.1
1110957,349.6,372.5,476.4,88.6,52.5
1110958,489.9,419.6,445.0,412.8,457.7
1110959,85.0,476.0,433.5,231.5,371.7
1110960,311.4,449.1,303.6,107.0,256.7
1110961,57.6,122.7,185.2,273.0,284.7
1110962,445.6,140.3,458.9,431.9,46.4
1110963,453.4,422.1,374.1,440.8,72.1
1110964,412.7,403.4,319.9,148.5,483.9
1110965,160.3,162.5,12.6,10.4,143.6
1110966,56.1,80.2,67.8,357.3,250.4
1110967,353.9,293.9,233.4,188.6,363.5
1110968,120.4,33.3,296.2,346.0,186.8
1110969,211.1,88.5,495.5,448.4,71.7
1110970,124.5,147.5,229.7,442.9,69.4
1110971,90.4,436.7,226.6,225.6,421.7
1110972,23.8,242.4,27.6,285.5,168.3
1110973,216.8,493.8,397.7,75.1,176.5
1110974,215.3,322.9,362.3,353.6,24.6
1110975,53.3,411.9,131.3,172.8,295.1
1110976,185.1,393.1,299.2,497.3,26.4
1110977,18.5,63.4,18.3,172.9,336.9
1110978,359.5,83.3,109.5,402.2,106.2
1110979,303.0,232.7,379.3,61.9,143.2
1110980,213.8,191.9,106.7,73.2,147.4
1110981,424.1,400.4,343.8,102.2,489.3
1110982,128.5,121.9,244.0,105.1,408.3
1110983,179.8,17.0,207.9,498.2,83.6
1110984,136.4,279.9,197.4,403.5,450.7
1110985,389.8,268.4,445.6,20.8,29.7
1110986,213.5,66.7,410.4,362.3,459.1
1110987,71.0,312.2,287.9,52.9,426.6
1110988,316.7,334.7,12.6,138.4,480.1
1110989,151.2,347.9,364.8,294.3,168.5
1110990,169.8,433.4,348.0,197.8,207.5
1110991,479.7,113.5,407.2,262.9,84.6
1110992,249.6,94.6,255.3,186.9,480.3
1110993,164.7,246.0,393.9,135.9,126.5
1110994,468.0,245.8,300.5,457.8,173.8
1110995,240.4,431.5,191.8,122.9,426.0
1110996,450.4,468.6,227.8,374.7,468.0
1110997,117.9,136.7,239.1,446.6,290.7
1110998,115.1,37.2,290.8,332.6,31.9
1110999,421.0,149.3,434.0,226.2,338.9
1111000,60.3,23.7,108.4,57.5,180.2
