track_name,artist_name,popularity,duration_ms,danceability,energy,tempo
Spotify Track 1,Bruno Mars,66,286446,0.8153335603758239,0.7832716212557087,116
Spotify Track 2,NewJeans,52,152877,0.523626692985168,0.6988056191302987,113
Spotify Track 3,BLACKPINK,50,244266,0.6330772667991581,0.6766805245725591,93
Spotify Track 4,BLACKPINK,49,178826,0.8733939293950607,0.5150094983081686,102
Spotify Track 5,Coldplay,60,217860,0.7420017588067344,0.7594125328210735,139
Spotify Track 6,BTS,63,214001,0.7897230834674885,0.5930847221636004,119
Spotify Track 7,BLACKPINK,63,261113,0.3606519361851748,0.751848628712713,141
Spotify Track 8,Bruno Mars,58,253976,0.8570928422447622,0.48591208059020735,103
Spotify Track 9,BTS,52,182529,0.6654655013947857,0.7345539099018976,102
Spotify Track 10,BTS,50,178528,0.657932061673965,0.6762490418739993,148
Spotify Track 11,NewJeans,66,190868,0.35507048087772125,0.43668004267410304,115
Spotify Track 12,Bruno Mars,32,207005,0.5071117459832146,0.37490998891928695,132
Spotify Track 13,Coldplay,40,177828,0.6976515139113526,0.7457288720364816,126
Spotify Track 14,BTS,75,164244,0.5650280930767415,0.8677513808942596,112
Spotify Track 15,BTS,32,200465,0.6308926718363764,0.34386106663567667,117
Spotify Track 16,BLACKPINK,37,201452,0.7222274948562502,0.24254508233180824,102
Spotify Track 17,IU,33,231270,0.6536407387809094,0.34197425795065906,141
Spotify Track 18,Bruno Mars,12,202888,0.329959655649328,0.3350654141705419,128
Spotify Track 19,NewJeans,46,207914,0.6370751039608781,0.3412119577428391,139
Spotify Track 20,BTS,44,199885,0.7598150834245269,0.29247830938162866,156
Spotify Track 21,IU,39,199037,0.8465449978006561,0.24246725469907662,123
Spotify Track 22,IU,43,240217,0.3557459681027931,0.45471709753298006,154
Spotify Track 23,BTS,72,245158,0.8415128340673296,0.7996173631944132,105
Spotify Track 24,IU,37,153264,0.576576243529448,0.36122199925011717,112
Spotify Track 25,Coldplay,59,228133,0.5712110817490443,0.7039609605898184,141
Spotify Track 26,Coldplay,74,168596,0.8996552922482131,0.7801396838336141,99
Spotify Track 27,Coldplay,43,192441,0.39745424613165287,0.292099537572019,153
Spotify Track 28,NewJeans,65,207400,0.7256223505194914,0.5924803133102334,103
Spotify Track 29,BLACKPINK,66,138080,0.3963744463186454,0.7240799493478189,131
Spotify Track 30,IU,52,203432,0.7864660608537584,0.6530226777115063,129
Spotify Track 31,NewJeans,61,165783,0.3210883047755116,0.9445877973778904,106
Spotify Track 32,BLACKPINK,55,217138,0.6209320372471614,0.5854322592278145,85
Spotify Track 33,BTS,54,251205,0.3999000738156175,0.6304767804805802,124
Spotify Track 34,Bruno Mars,46,230409,0.4850462279806409,0.5825057807331038,125
Spotify Track 35,Taylor Swift,49,241049,0.32703744773485843,0.8996334459060715,111
Spotify Track 36,Bruno Mars,39,227522,0.4431456757943471,0.517923118392408,122
Spotify Track 37,Coldplay,68,238831,0.7049007178382533,0.6244308365161975,101
Spotify Track 38,Coldplay,58,239709,0.7694296497105817,0.4036854611661007,162
Spotify Track 39,Taylor Swift,50,188166,0.717120980726645,0.5490292463247809,98
Spotify Track 40,Bruno Mars,39,230322,0.49737266964249033,0.44402303265112947,124
Spotify Track 41,Bruno Mars,55,184609,0.5964191197811507,0.34115878424269963,56
Spotify Track 42,BTS,59,181075,0.6144728176328597,0.5446135719802774,126
Spotify Track 43,BTS,52,188399,0.47912474717215386,0.4316461752555928,81
Spotify Track 44,NewJeans,36,198761,0.5778648841004652,0.6700739175592997,106
Spotify Track 45,Bruno Mars,79,211873,0.890870575574378,0.9332055722639613,101
Spotify Track 46,IU,44,214609,0.6006809526188295,0.32216478966986384,90
Spotify Track 47,BLACKPINK,48,192281,0.5388434681262241,0.8777729286984303,109
Spotify Track 48,NewJeans,39,198469,0.7367431901234384,0.24942147120293026,134
Spotify Track 49,BLACKPINK,74,195581,0.8179985822239255,0.6207622556888976,129
Spotify Track 50,Taylor Swift,56,210619,0.31570172233857813,0.7974229852426737,145
Spotify Track 51,BLACKPINK,54,197750,0.47401030864527777,0.933447138630302,125
Spotify Track 52,Bruno Mars,71,180147,0.7734415164847489,0.6635512217468207,113
Spotify Track 53,NewJeans,49,256611,0.5742718016881075,0.5214217264905496,100
Spotify Track 54,Bruno Mars,40,224118,0.3041570882669203,0.6215416459245483,101
Spotify Track 55,BTS,47,191537,0.5516012740640219,0.3583911010345184,121
Spotify Track 56,BLACKPINK,51,236861,0.498404858294579,0.8556105198693654,74
Spotify Track 57,BTS,52,187921,0.6624912766155812,0.3181457143145885,126
Spotify Track 58,NewJeans,53,158900,0.49477250198987704,0.6022431100819944,122
Spotify Track 59,NewJeans,63,186199,0.8887506483725033,0.5697293777810285,109
Spotify Track 60,Bruno Mars,79,229015,0.6529391705380435,0.8507223906947832,105
Spotify Track 61,IU,53,135943,0.3786551689876364,0.8622402283792252,99
Spotify Track 62,BLACKPINK,44,235531,0.6125866221824128,0.2607166721234232,116
Spotify Track 63,BLACKPINK,62,227773,0.5147870401705754,0.4375440545684818,94
Spotify Track 64,Taylor Swift,69,271761,0.3089999864482334,0.4398074921804487,116
Spotify Track 65,BLACKPINK,57,180116,0.3578579439831392,0.5006681562083216,122
Spotify Track 66,BLACKPINK,51,239307,0.7705408719955698,0.5722701493482182,129
Spotify Track 67,NewJeans,77,216206,0.5562018266089885,0.9498485561298191,103
Spotify Track 68,Coldplay,54,215455,0.41877109366308035,0.7888436454831441,107
Spotify Track 69,Bruno Mars,53,209114,0.6744609160035765,0.49445326109396837,136
Spotify Track 70,IU,83,228736,0.6841733635459804,0.6563886276208015,132
Spotify Track 71,Taylor Swift,56,247004,0.4624216487564089,0.5509574842642628,103
Spotify Track 72,BTS,69,195995,0.3778906700808991,0.9341093526362896,136
Spotify Track 73,Coldplay,35,192172,0.5836338700817607,0.5478873953768485,156
Spotify Track 74,IU,56,207681,0.5343758860241355,0.9268353671329038,116
Spotify Track 75,NewJeans,58,177516,0.5430480695062814,0.6186982653008147,129
Spotify Track 76,BTS,43,189266,0.5256894244414009,0.2890896161116715,139
Spotify Track 77,NewJeans,58,191074,0.47530484869442297,0.6814062293743279,181
Spotify Track 78,BLACKPINK,39,199888,0.6317295540992033,0.31513066489747,103
Spotify Track 79,Bruno Mars,72,182263,0.5587113669862768,0.9212668133717141,126
Spotify Track 80,IU,70,207840,0.7702569773020533,0.871610263072693,116
Spotify Track 81,Coldplay,40,189881,0.720463918165552,0.29722689968080485,138
Spotify Track 82,BLACKPINK,52,189041,0.7658456738066801,0.47005809409334876,143
Spotify Track 83,NewJeans,65,214437,0.4726977273111608,0.9223727359108378,147
Spotify Track 84,NewJeans,54,208230,0.4261887270712295,0.8423327560429219,75
Spotify Track 85,Taylor Swift,45,224929,0.6024681139831034,0.34966038564325974,92
Spotify Track 86,BTS,42,175746,0.3798750803404455,0.2334606901388925,87
Spotify Track 87,Bruno Mars,67,249439,0.4028183208567712,0.8198347815197297,139
Spotify Track 88,BLACKPINK,42,224910,0.44727853079194907,0.38518184753461226,131
Spotify Track 89,Bruno Mars,55,268011,0.32559812484414713,0.736595599722775,106
Spotify Track 90,BLACKPINK,65,239552,0.43583211259031884,0.7720416961850209,152
Spotify Track 91,Taylor Swift,48,213824,0.6754392725905852,0.5821572705120031,142
Spotify Track 92,BLACKPINK,68,212131,0.6805938201687449,0.5200412057001547,124
Spotify Track 93,Coldplay,47,189836,0.6197638064603862,0.8271263250732971,160
Spotify Track 94,Taylor Swift,47,217242,0.7412313290309249,0.43405673608591744,113
Spotify Track 95,Bruno Mars,44,197172,0.7890993534980536,0.2306622546366654,134
Spotify Track 96,BTS,24,150950,0.5249137061058458,0.2147789790755203,116
Spotify Track 97,Bruno Mars,74,211199,0.7829535054617724,0.7172614181199393,97
Spotify Track 98,Coldplay,40,193556,0.827789639955144,0.20419479740203286,126
Spotify Track 99,Bruno Mars,44,186640,0.6521335450403666,0.3397267367967968,112
Spotify Track 100,IU,81,210891,0.693508411992185,0.6698718475704459,99
Spotify Track 101,Bruno Mars,46,182100,0.47426174342167443,0.2134203705554225,96
Spotify Track 102,BLACKPINK,64,292251,0.533020315838996,0.6678687351140956,131
Spotify Track 103,BLACKPINK,43,202029,0.37638329130772946,0.20941215494371102,123
Spotify Track 104,IU,48,216509,0.42768690551911226,0.41710054746676006,130
Spotify Track 105,BLACKPINK,65,253733,0.7530322118741035,0.45598200673119826,122
Spotify Track 106,IU,61,219431,0.6473224107541916,0.6708179165146038,131
Spotify Track 107,NewJeans,61,165075,0.6790990242060524,0.3051230375827796,140
Spotify Track 108,Bruno Mars,82,231942,0.8745374425246257,0.9043978031885203,112
Spotify Track 109,NewJeans,35,242537,0.3565520190215887,0.5020709600044102,112
Spotify Track 110,BTS,53,127154,0.37663613123370937,0.5354977159665416,126
Spotify Track 111,NewJeans,38,206794,0.5440053183408166,0.2005264920607673,96
Spotify Track 112,Taylor Swift,45,184569,0.4336316472992618,0.387597846065744,136
Spotify Track 113,Coldplay,49,220684,0.6189566801491855,0.5231481310725525,104
Spotify Track 114,Taylor Swift,67,166344,0.7983473851200749,0.7818656639859463,159
Spotify Track 115,NewJeans,66,173775,0.6625293172367129,0.9348165068467822,129
Spotify Track 116,BTS,52,233329,0.41123369002837606,0.696730730544926,104
Spotify Track 117,BLACKPINK,70,185335,0.5287851198539693,0.8624635460182976,140
Spotify Track 118,IU,51,250780,0.47007992934296117,0.8425910230154118,137
Spotify Track 119,BTS,59,222795,0.7219874723987011,0.2770454206998148,94
Spotify Track 120,Coldplay,39,252424,0.45227876457719696,0.5138281832104749,145
Spotify Track 121,BTS,60,253593,0.7568346042413356,0.2298815482049081,85
Spotify Track 122,Bruno Mars,43,253974,0.466232350874767,0.5052657296918874,149
Spotify Track 123,BLACKPINK,17,227740,0.32707249031112984,0.5483775449324672,107
Spotify Track 124,Taylor Swift,80,218772,0.8655333041292758,0.8289292707349956,123
Spotify Track 125,BLACKPINK,28,159478,0.6097435404842515,0.28424589934570366,129
Spotify Track 126,BLACKPINK,40,257841,0.7447127282291917,0.356484672267828,105
Spotify Track 127,IU,59,284863,0.6590461982951619,0.35887123365679136,153
Spotify Track 128,Coldplay,68,205172,0.8969628324789615,0.44204314949205614,133
Spotify Track 129,Coldplay,50,230592,0.3957506821625306,0.4322707347553025,137
Spotify Track 130,Coldplay,73,240133,0.5505674817043499,0.9039287220045302,110
Spotify Track 131,IU,53,221206,0.5996114382178476,0.664822219425375,116
Spotify Track 132,NewJeans,69,230812,0.709508918692452,0.6184084430205848,148
Spotify Track 133,Coldplay,44,220826,0.7461377631456855,0.7371172049219603,130
Spotify Track 134,NewJeans,41,277783,0.32742523447430083,0.2562942519211616,118
Spotify Track 135,Bruno Mars,55,184169,0.6395995221690327,0.33759200337911804,132
Spotify Track 136,Coldplay,51,166009,0.8712460847672797,0.46091495469287497,140
Spotify Track 137,BLACKPINK,48,218583,0.8201371920114523,0.3153291177287002,79
Spotify Track 138,NewJeans,64,210359,0.4235914522624614,0.6692587770330813,115
Spotify Track 139,IU,55,170640,0.6667347692128106,0.24958490428017854,132
Spotify Track 140,BTS,46,201272,0.5531457607055535,0.32516962488462675,84
Spotify Track 141,Coldplay,63,225863,0.570165278102128,0.48239331585525924,103
Spotify Track 142,Bruno Mars,62,212154,0.3264031684010323,0.8157854167506391,112
Spotify Track 143,NewJeans,77,213255,0.30410750047802515,0.8952070244706909,138
Spotify Track 144,Bruno Mars,32,165452,0.6050102270084751,0.24014261320461447,139
Spotify Track 145,Coldplay,44,244460,0.5333056169003602,0.23493952978633975,125
Spotify Track 146,Taylor Swift,41,197720,0.6470135013288548,0.2107069966227793,115
Spotify Track 147,BTS,44,236957,0.39391944239559745,0.34135955624213277,114
Spotify Track 148,BTS,60,189658,0.8360329205023885,0.6890262974683343,64
Spotify Track 149,Coldplay,76,217079,0.30665815793563955,0.8091552021376294,97
Spotify Track 150,Taylor Swift,64,231231,0.7580857062788053,0.5224602219076467,135
Spotify Track 151,Taylor Swift,67,217205,0.7638343566668075,0.499611448306749,145
Spotify Track 152,BTS,62,255538,0.6436753320027874,0.5124636871858265,87
Spotify Track 153,Coldplay,68,245613,0.888893993426508,0.8845338725358844,129
Spotify Track 154,Coldplay,47,221864,0.3052063956843111,0.44862252146570347,130
Spotify Track 155,NewJeans,59,239630,0.3841205589990245,0.8477419713152418,103
Spotify Track 156,Bruno Mars,76,173701,0.428171357110242,0.6611060520808187,107
Spotify Track 157,Bruno Mars,29,212047,0.5803920217214383,0.2926858763935053,115
Spotify Track 158,Bruno Mars,42,214792,0.7848674671308563,0.31317730137390787,97
Spotify Track 159,BTS,53,255567,0.6607173425344417,0.6935389143934911,151
Spotify Track 160,IU,68,224952,0.5481364344784991,0.8200985707994172,124
Spotify Track 161,Taylor Swift,68,226574,0.5214124046535445,0.929121696094858,127
Spotify Track 162,BTS,64,242922,0.7131154439251608,0.4969505857438973,117
Spotify Track 163,BLACKPINK,30,201290,0.6729618185976747,0.27275899387686975,106
Spotify Track 164,Taylor Swift,91,189421,0.7735385836347276,0.7864515211110549,97
Spotify Track 165,BLACKPINK,49,245153,0.35138350914228866,0.7041927795039915,94
Spotify Track 166,BLACKPINK,46,203116,0.33100135481330567,0.32215660344706504,134
Spotify Track 167,Coldplay,53,156858,0.5332982884945022,0.42006133964661374,107
Spotify Track 168,Bruno Mars,35,187446,0.5855804824313057,0.6090946120986405,114
Spotify Track 169,Taylor Swift,64,195134,0.7595328291765459,0.9222595282933599,98
Spotify Track 170,Taylor Swift,57,225280,0.6376437954270476,0.3545464333693794,106
Spotify Track 171,NewJeans,47,210320,0.4270293450973424,0.3290004015767358,161
Spotify Track 172,Bruno Mars,75,127243,0.8510708109347854,0.8138049232548893,130
Spotify Track 173,Bruno Mars,50,170933,0.4137183435174041,0.5373034879701439,100
Spotify Track 174,IU,49,250597,0.44202724641561353,0.3865136399112987,98
Spotify Track 175,Bruno Mars,56,279944,0.3846291802661599,0.723241603575501,145
Spotify Track 176,BLACKPINK,43,208812,0.4139017086555661,0.7851697212734772,120
Spotify Track 177,BLACKPINK,32,263605,0.7202200361769179,0.20460578447483146,125
Spotify Track 178,IU,34,247378,0.64033349715828,0.341295901188879,104
Spotify Track 179,Bruno Mars,67,200164,0.730238686345197,0.8882981915805531,123
Spotify Track 180,Coldplay,47,249973,0.40046056647580164,0.7214780548208021,125
Spotify Track 181,NewJeans,31,224066,0.5874559760197497,0.23953654940386235,85
Spotify Track 182,BLACKPINK,49,224589,0.8067775762428375,0.6396651984282116,111
Spotify Track 183,Coldplay,48,171317,0.6313833023832635,0.3533748713372191,117
Spotify Track 184,BLACKPINK,71,210233,0.8247209696447125,0.700614764472388,157
Spotify Track 185,IU,35,225188,0.3264150476624134,0.44109035278819203,145
Spotify Track 186,Coldplay,27,212601,0.4717562927585894,0.429009808521737,97
Spotify Track 187,NewJeans,24,197025,0.48320395269802063,0.34699903295445444,150
Spotify Track 188,IU,34,197055,0.8144578257798085,0.23749726361646278,156
Spotify Track 189,Bruno Mars,64,236194,0.7360221506652033,0.8133335887496853,95
Spotify Track 190,BTS,34,227831,0.5113173214508477,0.20717333381757194,122
Spotify Track 191,Coldplay,44,191613,0.5568809899091153,0.4563713787196576,149
Spotify Track 192,BTS,40,251254,0.8000306438405614,0.26449670895603006,128
Spotify Track 193,Bruno Mars,58,211007,0.3550638702737946,0.7567902922107784,85
Spotify Track 194,NewJeans,55,219615,0.41665496625887816,0.8513665906486544,177
Spotify Track 195,Taylor Swift,54,282802,0.4720023978025924,0.7898710591130812,113
Spotify Track 196,Coldplay,57,186036,0.6355983448401682,0.38072682009888925,133
Spotify Track 197,Coldplay,49,251514,0.40216825759020636,0.7606431667221447,115
Spotify Track 198,BLACKPINK,31,226553,0.418941067611049,0.27370175599238433,142
Spotify Track 199,IU,56,247994,0.8503599137070391,0.34447410428013336,137
Spotify Track 200,BTS,43,205519,0.3499617850171851,0.6723671544873867,111
Spotify Track 201,BLACKPINK,55,214495,0.5967582861426576,0.26305459440223206,141
Spotify Track 202,Taylor Swift,45,240554,0.64562260897117,0.4431720003326646,146
Spotify Track 203,Bruno Mars,33,191224,0.32948883824669534,0.2075022059468886,141
Spotify Track 204,NewJeans,66,198222,0.8740701201293847,0.6159937882730216,140
Spotify Track 205,IU,73,248680,0.3991088723042339,0.9155797691339471,136
Spotify Track 206,Coldplay,60,197186,0.34544625671027407,0.7316308196577805,86
Spotify Track 207,IU,88,184792,0.745131946195226,0.8443821057364659,116
Spotify Track 208,Taylor Swift,57,223207,0.6592125603290405,0.34839561506366556,123
Spotify Track 209,Taylor Swift,61,228690,0.8076408025481453,0.22334230704830568,134
Spotify Track 210,Taylor Swift,65,192561,0.8147284422498996,0.5892844037564621,92
Spotify Track 211,BLACKPINK,57,196850,0.8405630697414528,0.7777744336371227,123
Spotify Track 212,BLACKPINK,69,172976,0.662563812255462,0.647553460589793,90
Spotify Track 213,BTS,42,202296,0.403950788828901,0.4289617480052459,107
Spotify Track 214,BTS,58,188967,0.797099913806274,0.24709065714248427,111
Spotify Track 215,Bruno Mars,59,261355,0.45869712766846354,0.8552223020231735,148
Spotify Track 216,Taylor Swift,31,260384,0.48188892809783274,0.22671777263124268,112
Spotify Track 217,IU,48,219387,0.3743175032578241,0.2477327934618448,91
Spotify Track 218,NewJeans,72,223384,0.44653924873094447,0.9444881258996896,102
Spotify Track 219,Coldplay,51,171229,0.6515829573684052,0.46139360754345377,129
Spotify Track 220,BTS,65,189737,0.45675070828784553,0.6947143727513868,135
Spotify Track 221,NewJeans,39,250155,0.4233533954417303,0.339075897224562,94
Spotify Track 222,BLACKPINK,90,177078,0.8379059535400701,0.7249850885282723,155
Spotify Track 223,BLACKPINK,44,235121,0.3560675123629299,0.6259567103487009,105
Spotify Track 224,Taylor Swift,54,194766,0.42534547913605864,0.940371291681715,129
Spotify Track 225,BTS,52,259469,0.7173005827527973,0.8212942094763783,110
Spotify Track 226,IU,22,185476,0.7306300261790591,0.25114952139891156,120
Spotify Track 227,BLACKPINK,67,285486,0.6388700559410817,0.7124054088073145,118
Spotify Track 228,NewJeans,71,203880,0.8682423139818655,0.9421361644361985,137
Spotify Track 229,Bruno Mars,89,201227,0.881003776399586,0.6474398792494658,123
Spotify Track 230,BTS,67,231140,0.681908227105114,0.7862111547225148,134
Spotify Track 231,Taylor Swift,76,202105,0.5917765642180182,0.7620201684730453,124
Spotify Track 232,Bruno Mars,52,216013,0.6546095262530262,0.20331245305875426,107
Spotify Track 233,Bruno Mars,45,231279,0.597575688509985,0.639835464189444,102
Spotify Track 234,BTS,71,197662,0.8918506786373762,0.6550592227165504,120
Spotify Track 235,Taylor Swift,63,256422,0.8070514577310194,0.6191561773066001,154
Spotify Track 236,BTS,49,228086,0.6441691104887988,0.7847550452460752,123
Spotify Track 237,IU,66,192666,0.7925788674087719,0.7499650609001487,109
Spotify Track 238,NewJeans,63,218700,0.812292969933542,0.4072492863808218,132
Spotify Track 239,NewJeans,50,191282,0.44457732516889176,0.7785078215932209,124
Spotify Track 240,Bruno Mars,36,207356,0.4432160296942478,0.4027265198809604,134
Spotify Track 241,Bruno Mars,74,245492,0.8246546334019574,0.8245926477870711,115
Spotify Track 242,BLACKPINK,38,179234,0.7809987866113148,0.4022207253377902,121
Spotify Track 243,Bruno Mars,54,210735,0.49465633062850445,0.8677736579536499,126
Spotify Track 244,NewJeans,39,226833,0.6826430961150627,0.3791030412932605,93
Spotify Track 245,IU,50,210487,0.770145595865067,0.4373338450300018,105
Spotify Track 246,BTS,59,207953,0.7586989875645251,0.813447187754292,118
Spotify Track 247,NewJeans,54,141474,0.8824084842387161,0.3166840519013421,110
Spotify Track 248,Coldplay,59,212697,0.7843200502518606,0.635655129299882,124
Spotify Track 249,Bruno Mars,38,187064,0.4548975273917803,0.35228653626108497,116
Spotify Track 250,BLACKPINK,74,243343,0.8851580199827502,0.8281673132565959,104
Spotify Track 251,NewJeans,63,209112,0.610732816387259,0.7529644617774236,115
Spotify Track 252,Taylor Swift,53,200804,0.38128768821789977,0.4478114366222093,105
Spotify Track 253,BTS,61,172432,0.5922796249123233,0.8220286572840135,147
Spotify Track 254,BTS,78,226191,0.6553007349112148,0.7766615178539218,115
Spotify Track 255,IU,43,205960,0.6071464835013654,0.41045962523778456,116
Spotify Track 256,NewJeans,37,189690,0.4556434195622118,0.5823113380362803,115
Spotify Track 257,Taylor Swift,68,194617,0.882717396583782,0.6837731227242582,142
Spotify Track 258,Bruno Mars,70,261572,0.30492710119736877,0.7815530018052761,97
Spotify Track 259,BTS,70,223653,0.5949959737159354,0.8956911419447945,119
Spotify Track 260,IU,51,208604,0.4613019836058061,0.39961333872741295,101
Spotify Track 261,Coldplay,73,187658,0.8761197171796344,0.7522569074332726,131
Spotify Track 262,BTS,44,203249,0.6804591052833963,0.42542286860390977,116
Spotify Track 263,BLACKPINK,56,197958,0.6889883230164736,0.37854746800715133,117
Spotify Track 264,Taylor Swift,45,137192,0.8072344570642138,0.36203009514649004,116
Spotify Track 265,Bruno Mars,60,241949,0.3088622447367195,0.8384412510543574,107
Spotify Track 266,IU,29,242631,0.32217283886708775,0.4534662613730475,139
Spotify Track 267,IU,49,213956,0.4826016566377327,0.8193740382999137,125
Spotify Track 268,Taylor Swift,74,208719,0.8680628173059555,0.7407487408712362,119
Spotify Track 269,NewJeans,47,166438,0.7429568428455531,0.4498003740217523,103
Spotify Track 270,IU,39,185994,0.4565103915843034,0.28763267162608597,151
Spotify Track 271,BTS,26,230969,0.37257668502574737,0.2567289873212657,134
Spotify Track 272,IU,50,209274,0.5388976507671069,0.6475881562424477,141
Spotify Track 273,IU,24,279969,0.5895861691253179,0.2444551471174318,104
Spotify Track 274,Taylor Swift,68,218044,0.7375882125487323,0.7586092883702871,106
Spotify Track 275,BTS,35,221671,0.36379494394981804,0.2095001937990506,90
Spotify Track 276,BLACKPINK,65,195033,0.7993575271655924,0.24990715614500808,110
Spotify Track 277,IU,67,249367,0.6992009255593598,0.7057879593188598,120
Spotify Track 278,NewJeans,40,188297,0.46657032882320976,0.5431530951509784,114
Spotify Track 279,IU,37,214749,0.3289524320632037,0.6517335178280249,104
Spotify Track 280,BLACKPINK,72,202001,0.5176348925674823,0.9416026366625141,137
Spotify Track 281,Coldplay,56,193185,0.6630701207798647,0.4195113046029961,104
Spotify Track 282,Coldplay,56,207798,0.6872571208445598,0.4145784632393692,127
Spotify Track 283,Taylor Swift,41,192390,0.41520494660677065,0.6393106176891532,125
Spotify Track 284,NewJeans,78,189987,0.837682440285518,0.9107677754699199,131
Spotify Track 285,Coldplay,73,220772,0.810361765261732,0.6734361901668284,152
Spotify Track 286,Taylor Swift,59,258583,0.7478003903882331,0.5553327371249821,118
Spotify Track 287,BLACKPINK,38,196567,0.40816435452318306,0.5753310631177666,120
Spotify Track 288,BTS,47,187139,0.40964080692842,0.6572716239247816,117
Spotify Track 289,NewJeans,73,177299,0.6850961874346639,0.5055929405290924,101
Spotify Track 290,Taylor Swift,50,238522,0.7135850402801681,0.21643182443428205,150
Spotify Track 291,Bruno Mars,47,186414,0.6088232135611764,0.4118026021703075,106
Spotify Track 292,BLACKPINK,70,163359,0.7766717574608486,0.6351897518704643,151
Spotify Track 293,Taylor Swift,41,193408,0.6641310982275228,0.28133887447655725,113
Spotify Track 294,Taylor Swift,72,234068,0.7681068350670718,0.8734399213638362,105
Spotify Track 295,BLACKPINK,48,157157,0.39346313098827407,0.35775524518379725,102
Spotify Track 296,IU,50,229527,0.31915430565891184,0.9317400011275763,93
Spotify Track 297,Coldplay,59,297510,0.5372012754641864,0.9209796407989058,133
Spotify Track 298,IU,49,257296,0.7692527333081762,0.34673057129038304,141
Spotify Track 299,Bruno Mars,49,217300,0.3952483078157581,0.884916890154701,127
Spotify Track 300,BTS,76,151067,0.6739154137086096,0.6811518476448104,118
Spotify Track 301,BTS,49,210792,0.3029268238229162,0.8192456883898094,144
Spotify Track 302,NewJeans,31,256352,0.3140454374143349,0.6442238552107804,143
Spotify Track 303,NewJeans,47,162139,0.45890475749157417,0.7229987984555107,125
Spotify Track 304,NewJeans,45,196657,0.5979944507407264,0.7557345084494123,135
Spotify Track 305,Coldplay,67,207558,0.5136884028853763,0.8158576840464898,124
Spotify Track 306,Coldplay,45,255468,0.7890736486550302,0.39184270068357757,111
Spotify Track 307,Taylor Swift,46,259069,0.5863299856441925,0.5183321379693122,134
Spotify Track 308,BTS,44,252073,0.38644271211763026,0.36897468743104084,153
Spotify Track 309,NewJeans,60,254672,0.8124294074061582,0.22729177008964946,132
Spotify Track 310,Coldplay,76,261992,0.6849965040006893,0.762982544555754,119
Spotify Track 311,BTS,44,203051,0.473603210546696,0.8201248290017813,118
Spotify Track 312,Bruno Mars,89,200547,0.883182230578843,0.9111467813793317,87
Spotify Track 313,Taylor Swift,47,191061,0.6312824048116293,0.33292188678746093,145
Spotify Track 314,IU,77,184559,0.5646056102883235,0.7498878278006782,119
Spotify Track 315,Coldplay,62,238970,0.5789279979063219,0.6692578985638177,111
Spotify Track 316,Taylor Swift,40,187559,0.35686172484409673,0.3524526863041114,119
Spotify Track 317,Coldplay,65,242693,0.6241668089817826,0.4772316971061564,137
Spotify Track 318,Bruno Mars,58,214889,0.5901970879922881,0.37998458099913657,163
Spotify Track 319,IU,44,207407,0.38374006864870597,0.924257208714492,117
Spotify Track 320,Taylor Swift,37,208495,0.5610714221301707,0.47960008539065535,110
Spotify Track 321,Taylor Swift,83,206292,0.4682879857700097,0.9182272700947827,139
Spotify Track 322,Coldplay,72,217267,0.5003022249837779,0.8302770957164382,138
Spotify Track 323,Coldplay,68,228438,0.7538193486515291,0.9394401928792565,150
Spotify Track 324,Taylor Swift,59,187574,0.7607602269054345,0.40431211859783506,144
Spotify Track 325,NewJeans,49,199527,0.5356581556572129,0.5420749044822403,115
Spotify Track 326,Taylor Swift,48,240096,0.5721343330787669,0.3319532618729825,125
Spotify Track 327,BLACKPINK,40,182450,0.3279738639083392,0.22900460213150078,141
Spotify Track 328,BTS,48,259197,0.5165242249778498,0.2523713058935277,129
Spotify Track 329,Coldplay,45,243923,0.473363011560628,0.25260649596816476,113
Spotify Track 330,Coldplay,45,188135,0.8016758295747062,0.356472032099007,137
Spotify Track 331,Coldplay,37,204712,0.6952156473123624,0.4130760590517333,110
Spotify Track 332,BTS,68,155843,0.31584847877513106,0.8724202369438885,112
Spotify Track 333,Bruno Mars,63,209388,0.7755356567672905,0.4073303003903893,133
Spotify Track 334,NewJeans,67,171363,0.4962334869493277,0.9170119213711083,109
Spotify Track 335,BLACKPINK,50,259362,0.6615344564472528,0.20192774066935126,165
Spotify Track 336,Coldplay,52,194924,0.8444094719780018,0.30826407007284456,89
Spotify Track 337,BLACKPINK,67,186231,0.8498539414590233,0.7416145640348234,102
Spotify Track 338,Taylor Swift,44,173195,0.5581192064124836,0.23968873408390912,78
Spotify Track 339,Taylor Swift,76,267587,0.8636015031392541,0.8275592888800183,135
Spotify Track 340,NewJeans,41,164676,0.7775621669901889,0.20763888274186443,122
Spotify Track 341,IU,66,227075,0.8739046341703512,0.39455981374681476,92
Spotify Track 342,BLACKPINK,47,229551,0.5020031246225664,0.7532183904765519,86
Spotify Track 343,NewJeans,60,221710,0.592851147114757,0.42215946337276333,122
Spotify Track 344,BLACKPINK,68,242158,0.7735663442906887,0.673009999632238,132
Spotify Track 345,BTS,65,179559,0.5242556188832476,0.3503949569587994,128
Spotify Track 346,BTS,49,209959,0.3863864742616683,0.7011668373355286,115
Spotify Track 347,Taylor Swift,30,276858,0.4654134493113323,0.3422557758142436,171
Spotify Track 348,IU,27,197508,0.5949457102202433,0.4581188800001861,136
Spotify Track 349,BTS,52,170081,0.5257875874179729,0.7798884548685998,114
Spotify Track 350,NewJeans,80,222697,0.45982558570742094,0.6019258989163995,122
Spotify Track 351,BLACKPINK,38,227244,0.36134941690807876,0.361395323897935,111
Spotify Track 352,NewJeans,55,210446,0.6403382581512091,0.9274865839288751,125
Spotify Track 353,BTS,66,239758,0.7351398525096456,0.5772353145943658,98
Spotify Track 354,BTS,90,213026,0.8051716151826072,0.865015237870852,136
Spotify Track 355,BLACKPINK,59,210429,0.8975622822318887,0.4024392502262507,139
Spotify Track 356,BLACKPINK,64,250269,0.7835024716479932,0.3198891722390962,107
Spotify Track 357,Bruno Mars,56,199638,0.5083888504617863,0.930345118890269,134
Spotify Track 358,Taylor Swift,64,171183,0.46219130087979016,0.7810528451584866,154
Spotify Track 359,IU,84,259266,0.8319854523348102,0.7997721440569102,118
Spotify Track 360,Coldplay,72,223851,0.86232040987775,0.7840886475043013,122
Spotify Track 361,BTS,80,239265,0.8882565523324609,0.827200114265306,105
Spotify Track 362,Bruno Mars,48,202530,0.8739677335909446,0.4411585461867674,90
Spotify Track 363,Coldplay,52,165190,0.8586262438567409,0.25894984973005264,141
Spotify Track 364,IU,69,181521,0.4710410587399472,0.8834236021624488,119
Spotify Track 365,IU,61,166102,0.8289799944144219,0.4939497079668339,103
Spotify Track 366,BTS,51,220628,0.8293586028025425,0.4130300338651157,120
Spotify Track 367,NewJeans,56,194083,0.8576760275367122,0.2624443241937683,143
Spotify Track 368,Bruno Mars,46,242318,0.7076442269891025,0.8209083344308438,110
Spotify Track 369,NewJeans,57,231256,0.7833083852251946,0.6999541514285947,104
Spotify Track 370,Bruno Mars,26,180319,0.3077464908569407,0.3134489101310969,113
Spotify Track 371,IU,65,129798,0.6007756113815182,0.8939291212791461,129
Spotify Track 372,Taylor Swift,55,232948,0.8244617786748711,0.4682683835967061,123
Spotify Track 373,Bruno Mars,48,266875,0.618778016598726,0.41963009776255433,122
Spotify Track 374,BTS,92,175909,0.8044881296306764,0.8813699333181164,136
Spotify Track 375,IU,53,228887,0.5544874027179992,0.43712019801402147,158
Spotify Track 376,IU,56,240080,0.43146588404567854,0.6833069562596926,88
Spotify Track 377,Bruno Mars,71,142715,0.5770375587412706,0.8547747186290806,136
Spotify Track 378,Taylor Swift,31,236409,0.3019405726368321,0.40633309919383137,148
Spotify Track 379,BTS,64,190036,0.5833807978652684,0.8122238824304961,141
Spotify Track 380,Coldplay,78,247448,0.5349702609732968,0.9024188341851759,115
Spotify Track 381,Bruno Mars,56,200459,0.3130103498043066,0.9486894251511502,167
Spotify Track 382,IU,80,273019,0.5230389095221087,0.8756663143896752,133
Spotify Track 383,Coldplay,44,217725,0.8956848914355748,0.3447448850367715,92
Spotify Track 384,Bruno Mars,53,248841,0.6947762967937109,0.47074138369281243,119
Spotify Track 385,IU,36,245983,0.43462305024220765,0.23318511848141718,65
Spotify Track 386,BTS,29,243850,0.472202565311333,0.23671098989706285,113
Spotify Track 387,BTS,53,185105,0.5686058889627489,0.8613053166266925,132
Spotify Track 388,BTS,70,183721,0.6863742773397739,0.6300250005704838,110
Spotify Track 389,BLACKPINK,52,195328,0.5593786198108398,0.3503122817346687,142
Spotify Track 390,Bruno Mars,40,205108,0.3281940425460963,0.5487681345248125,154
Spotify Track 391,BLACKPINK,55,233473,0.8613355215006577,0.5173502756821038,121
Spotify Track 392,BLACKPINK,63,290833,0.6296693202427958,0.8955210950320097,143
Spotify Track 393,Coldplay,58,209256,0.6392861259923909,0.22246010519975476,118
Spotify Track 394,IU,77,243416,0.7870786974142421,0.8093308523417381,131
Spotify Track 395,BLACKPINK,81,189471,0.5966399894877978,0.8785242246976994,143
Spotify Track 396,IU,71,220088,0.7123851148331,0.6156677401854074,123
Spotify Track 397,Bruno Mars,57,224754,0.7282944700904154,0.49234487498815727,130
Spotify Track 398,BTS,65,193223,0.5433590583186032,0.9383284657537431,113
Spotify Track 399,Bruno Mars,64,225691,0.890829385296047,0.4821210376648857,123
Spotify Track 400,BTS,52,221293,0.6464828458938818,0.33054921485412303,159
Spotify Track 401,Coldplay,73,227941,0.6820682447212335,0.8656382270170234,121
Spotify Track 402,BLACKPINK,53,202974,0.3358966580397255,0.9060365620928541,103
Spotify Track 403,NewJeans,49,259553,0.7109650886854021,0.34187136105892213,75
Spotify Track 404,Taylor Swift,52,156072,0.6809012859191012,0.6368645926947495,147
Spotify Track 405,Bruno Mars,46,234076,0.80908461609207,0.6436785402083468,119
Spotify Track 406,BTS,65,207014,0.8673931367251531,0.4939440813226054,124
Spotify Track 407,BTS,47,178578,0.8811445528309285,0.2715693267437285,127
Spotify Track 408,BLACKPINK,49,222171,0.8655572342605037,0.27066043551572005,128
Spotify Track 409,BLACKPINK,56,211143,0.6033658514164688,0.5843119513194166,125
Spotify Track 410,NewJeans,72,210472,0.5051698250793742,0.8467097422050798,147
Spotify Track 411,NewJeans,27,265019,0.4530826564330685,0.2923901000385416,120
Spotify Track 412,IU,30,143912,0.6205277994425988,0.25995645503813075,115
Spotify Track 413,Coldplay,33,267839,0.40235782971013034,0.6261713249742509,115
Spotify Track 414,BTS,42,156829,0.5024094316608864,0.40495501232026654,141
Spotify Track 415,Coldplay,87,246403,0.5887229170996006,0.9396721332824066,127
Spotify Track 416,NewJeans,46,224631,0.7497560996022952,0.35217173600425733,127
Spotify Track 417,BTS,54,189735,0.6944952545983042,0.5417815021175761,126
Spotify Track 418,Taylor Swift,49,171715,0.4189796855691587,0.6993961228676556,95
Spotify Track 419,Bruno Mars,39,202070,0.5580610199289089,0.6950877004736924,115
Spotify Track 420,BLACKPINK,54,220739,0.8376701242174422,0.4925291880345384,102
Spotify Track 421,NewJeans,41,243852,0.3072037598380914,0.8153766744641436,139
Spotify Track 422,Bruno Mars,82,223696,0.8437437210254567,0.6254646302789918,134
Spotify Track 423,IU,42,182270,0.47040733002604296,0.49482235470213365,161
Spotify Track 424,NewJeans,33,225432,0.5270963311878613,0.2515842567287623,138
Spotify Track 425,Bruno Mars,47,192550,0.8555292950859124,0.6424413785925436,115
Spotify Track 426,Coldplay,73,198511,0.7392873522071653,0.8241440100978277,78
Spotify Track 427,BLACKPINK,63,218944,0.7612401486250435,0.39916016737837967,140
Spotify Track 428,IU,50,243707,0.6571631944149151,0.33672528189193257,110
Spotify Track 429,NewJeans,80,178454,0.5754662805207102,0.8335317384987222,122
Spotify Track 430,BTS,50,189806,0.4696376292218037,0.3776322444609327,83
Spotify Track 431,BTS,52,238057,0.7527656661694028,0.5655539914817747,143
Spotify Track 432,BLACKPINK,53,228569,0.6454805557824638,0.6520372953796095,108
Spotify Track 433,BTS,27,181981,0.7510934852312943,0.2664291226003753,115
Spotify Track 434,Bruno Mars,24,221653,0.8279101271470019,0.35044627363488823,99
Spotify Track 435,IU,59,210572,0.6375587905910337,0.40457789854177806,136
Spotify Track 436,Taylor Swift,21,166558,0.35883758796562487,0.3295387518909374,101
Spotify Track 437,Coldplay,40,220385,0.48434809708171433,0.3399328871305391,99
Spotify Track 438,BTS,55,216223,0.5622953523607064,0.6687101347895326,122
Spotify Track 439,Bruno Mars,37,189914,0.30341676642428095,0.5481223846940125,117
Spotify Track 440,NewJeans,34,253142,0.33518819137546857,0.3774705889683445,114
Spotify Track 441,Coldplay,77,211330,0.6404294537404885,0.8425389882363743,88
Spotify Track 442,BTS,68,271431,0.5581353643015006,0.6412476327371445,95
Spotify Track 443,Coldplay,68,204607,0.40951370907439255,0.8120878862719421,120
Spotify Track 444,BTS,55,211417,0.5991766274842336,0.6380339820425736,113
Spotify Track 445,Taylor Swift,82,185013,0.5596948641167485,0.6800640908250061,112
Spotify Track 446,BTS,68,199114,0.557898334743302,0.8954333783786794,137
Spotify Track 447,Bruno Mars,38,259956,0.4771862384419107,0.3102659773853719,113
Spotify Track 448,BLACKPINK,56,221990,0.6376896262098094,0.23407965136603984,73
Spotify Track 449,BTS,78,192984,0.7616759279622354,0.900685769821026,116
Spotify Track 450,Bruno Mars,53,185081,0.5697719312281474,0.8100264779610822,132
Spotify Track 451,Bruno Mars,62,235276,0.7017696563553557,0.9338770519086815,115
Spotify Track 452,Taylor Swift,51,250519,0.6143352538654101,0.49044220077007905,134
Spotify Track 453,Coldplay,42,237746,0.35154054338607194,0.2993513720970014,88
Spotify Track 454,BLACKPINK,64,248181,0.7742288093207801,0.6511844129571093,124
Spotify Track 455,Coldplay,31,178901,0.7512221111526535,0.27515347660567346,111
Spotify Track 456,BLACKPINK,78,187346,0.3934206095131543,0.9459911286303566,131
Spotify Track 457,Bruno Mars,55,217774,0.46817104860996667,0.5954994762536959,129
Spotify Track 458,Bruno Mars,66,263214,0.8849243392870914,0.34828242170421375,104
Spotify Track 459,Taylor Swift,47,192708,0.7964763425964688,0.2461425454268031,108
Spotify Track 460,IU,87,186703,0.813279955899129,0.9034877392774865,85
Spotify Track 461,Coldplay,59,167761,0.8612530153927844,0.943609437082237,104
Spotify Track 462,BLACKPINK,68,225497,0.6565813495599843,0.738891599124482,79
Spotify Track 463,BTS,62,183451,0.5288929516079608,0.5229573696159395,140
Spotify Track 464,BTS,44,235254,0.613324285813402,0.5492530933886963,123
Spotify Track 465,Taylor Swift,60,200510,0.5819330967230397,0.9075928088480864,89
Spotify Track 466,Bruno Mars,81,190177,0.8940849791289605,0.8264323384821297,107
Spotify Track 467,BTS,59,227385,0.6193168074379605,0.8099148163786462,124
Spotify Track 468,BLACKPINK,67,239637,0.4764804423799918,0.4768592892063693,78
Spotify Track 469,Coldplay,64,206282,0.4221916716258252,0.836619325010413,105
Spotify Track 470,Taylor Swift,68,166490,0.34734625005542763,0.6983549624940937,126
Spotify Track 471,BTS,88,212405,0.5284191933410509,0.6655044809205379,121
Spotify Track 472,NewJeans,68,181905,0.899203544494426,0.5686791950637898,76
Spotify Track 473,Taylor Swift,45,236227,0.4854744840164636,0.43262001992423316,161
Spotify Track 474,NewJeans,46,185308,0.3341443154390095,0.41361706464670334,108
Spotify Track 475,BTS,66,151733,0.8673690469314813,0.6775906367362378,131
Spotify Track 476,IU,45,214568,0.305447485570123,0.3259541807058896,134
Spotify Track 477,Bruno Mars,56,195875,0.31969668235994775,0.8154789905226629,81
Spotify Track 478,Coldplay,39,275323,0.49685691770184337,0.2946273747869732,122
Spotify Track 479,Taylor Swift,53,199168,0.4051006106605995,0.5033130628396074,118
Spotify Track 480,Coldplay,62,154839,0.7792506372602503,0.21020593901663687,132
Spotify Track 481,Coldplay,84,202527,0.5732386260599465,0.9157786854666964,126
Spotify Track 482,BLACKPINK,56,199591,0.43106980694687297,0.2988661442280585,112
Spotify Track 483,NewJeans,53,210693,0.4483991302244209,0.8304763128724244,170
Spotify Track 484,BLACKPINK,72,251914,0.6715853827404255,0.2035580932794205,132
Spotify Track 485,Bruno Mars,60,186101,0.809218938798779,0.35956805646143447,133
Spotify Track 486,BLACKPINK,71,209422,0.8531806178286017,0.32263501560916985,160
Spotify Track 487,BTS,54,206717,0.5383344896967659,0.5367912311777157,143
Spotify Track 488,BLACKPINK,58,207823,0.3746519130189995,0.5662620714764,125
Spotify Track 489,BLACKPINK,56,210403,0.8682121579597524,0.8794141912924995,128
Spotify Track 490,IU,64,181585,0.7442465719219881,0.6316067123957866,139
Spotify Track 491,NewJeans,40,197214,0.685661079359631,0.3721735725936727,128
Spotify Track 492,BTS,51,240209,0.5521643531641918,0.33776698165852254,117
Spotify Track 493,IU,29,183985,0.5176483878937346,0.3083978793037603,125
Spotify Track 494,Taylor Swift,65,245285,0.585782242473618,0.6657984310200721,144
Spotify Track 495,Bruno Mars,45,197652,0.40683841726814707,0.6293842691098852,134
Spotify Track 496,IU,58,190897,0.7254450282339214,0.5331747659131539,98
Spotify Track 497,NewJeans,33,253515,0.5882921072585661,0.22828400815920613,127
Spotify Track 498,Coldplay,44,179730,0.4797882960044119,0.5491248850307768,141
Spotify Track 499,BTS,56,181484,0.39840145042518227,0.4964235431202145,117
Spotify Track 500,IU,69,241512,0.4994704078322415,0.6640287227241237,123
Spotify Track 501,BLACKPINK,57,219251,0.3491015527675278,0.8103645331164716,123
Spotify Track 502,Taylor Swift,20,180124,0.42754438077115536,0.23900606259712803,142
Spotify Track 503,NewJeans,63,189343,0.686464105027402,0.27305398729456515,112
Spotify Track 504,Coldplay,51,231310,0.4242933075457533,0.5919917399220032,127
Spotify Track 505,IU,54,240781,0.8997137969378771,0.5362645167428417,126
Spotify Track 506,Bruno Mars,60,259264,0.3175689164983379,0.6436198695112363,128
Spotify Track 507,BLACKPINK,23,235609,0.46211839885536904,0.30106930206167853,117
Spotify Track 508,BTS,54,242664,0.49135444663302225,0.5561010867062155,89
Spotify Track 509,Coldplay,60,233596,0.43175341015251273,0.5316534638778526,124
Spotify Track 510,IU,61,223260,0.5273623255537494,0.7219837362017676,111
Spotify Track 511,IU,64,231660,0.4062725018508314,0.8349787545975503,102
Spotify Track 512,Coldplay,47,218136,0.36519218741701454,0.5403413278029362,120
Spotify Track 513,BTS,46,174546,0.3874036856862351,0.8578838360939145,106
Spotify Track 514,Bruno Mars,66,197380,0.8685556650207712,0.8291134627327154,112
Spotify Track 515,BTS,63,223984,0.8190300267978246,0.7599495673867441,87
Spotify Track 516,Taylor Swift,76,202288,0.8775420765370707,0.8513315011365038,112
Spotify Track 517,Coldplay,49,225418,0.34874381532246623,0.9253524715490578,139
Spotify Track 518,IU,54,206568,0.3436773528881403,0.8807039464333644,107
Spotify Track 519,Taylor Swift,63,169152,0.5821883128716712,0.6435129338660677,117
Spotify Track 520,NewJeans,57,227739,0.781805248852053,0.23440403939434248,125
Spotify Track 521,Taylor Swift,53,236077,0.6908384799243136,0.5288613850600676,115
Spotify Track 522,Taylor Swift,56,203059,0.4384994542189109,0.2787653958859641,101
Spotify Track 523,Bruno Mars,51,239464,0.3870981403138263,0.28713599358011854,136
Spotify Track 524,BTS,56,238581,0.31867508262067074,0.7219144651682655,106
Spotify Track 525,BLACKPINK,51,204126,0.810247381863859,0.5535905770975307,110
Spotify Track 526,Taylor Swift,56,268428,0.6525100737068664,0.2640632163689635,116
Spotify Track 527,Bruno Mars,70,166924,0.43673867596466204,0.5242431551168126,120
Spotify Track 528,BTS,74,212659,0.6739096481122827,0.6327608741605873,117
Spotify Track 529,BLACKPINK,98,200321,0.8538771897289792,0.8857829370608283,85
Spotify Track 530,BTS,58,159719,0.37782980241466774,0.5252968692403667,114
Spotify Track 531,BLACKPINK,39,233088,0.4078824344968859,0.20684267937229456,88
Spotify Track 532,NewJeans,34,238140,0.36637383280750535,0.3432066399951621,131
Spotify Track 533,NewJeans,28,213997,0.4150793213086698,0.34804781100364723,130
Spotify Track 534,BTS,66,220805,0.86446001102938,0.2236337856639271,103
Spotify Track 535,BTS,41,251156,0.4153807627312395,0.5114179833118669,124
Spotify Track 536,BLACKPINK,57,251502,0.7218437025676089,0.5218148875851132,112
Spotify Track 537,BLACKPINK,36,130116,0.8713467049968443,0.22418072984495369,124
Spotify Track 538,Taylor Swift,43,250072,0.5303109042014384,0.5899292870822427,79
Spotify Track 539,NewJeans,38,259239,0.5748023285639186,0.42581557689166305,72
Spotify Track 540,BTS,70,213336,0.8303799000820694,0.851542658638019,144
Spotify Track 541,NewJeans,59,218573,0.8620113261841377,0.6262667139892497,120
Spotify Track 542,BTS,61,293883,0.419062176645353,0.6644496529270876,124
Spotify Track 543,Taylor Swift,59,150560,0.5959298357650454,0.8523842612788252,145
Spotify Track 544,Bruno Mars,38,218198,0.49161105422726736,0.3005599048951021,142
Spotify Track 545,BTS,32,200885,0.8033208559626142,0.2088215302693057,79
Spotify Track 546,BLACKPINK,39,174933,0.3228738897154692,0.2206385501056988,114
Spotify Track 547,Coldplay,73,226580,0.8400938114937865,0.7422851711389316,107
Spotify Track 548,Taylor Swift,55,205921,0.5465880778131853,0.8628150210163803,98
Spotify Track 549,Bruno Mars,68,187772,0.6586970154841665,0.7159852510816095,124
Spotify Track 550,Taylor Swift,84,180458,0.7573216971421179,0.8740136489783444,123
Spotify Track 551,IU,80,267547,0.3996596459390784,0.9021978803642786,136
Spotify Track 552,NewJeans,71,224044,0.46204374980188373,0.8290910933364797,124
Spotify Track 553,IU,57,215819,0.6310184137838188,0.8694791828124921,93
Spotify Track 554,Coldplay,60,245883,0.779791776685512,0.31867665572897036,122
Spotify Track 555,Taylor Swift,60,236631,0.6471009912379406,0.874567794012651,98
Spotify Track 556,IU,74,191595,0.5952329587396673,0.7438881394017185,140
Spotify Track 557,IU,31,187395,0.6282440467782325,0.4346681464086447,117
Spotify Track 558,Taylor Swift,65,251510,0.8362467260202933,0.8643679954702669,79
Spotify Track 559,BTS,47,201224,0.4915833570859498,0.435335775957364,106
Spotify Track 560,Bruno Mars,61,142924,0.5363711166845292,0.48163896762979175,145
Spotify Track 561,IU,87,224793,0.7613620040420123,0.8841039336454604,102
Spotify Track 562,Bruno Mars,56,176389,0.3958226822411396,0.37536776093729524,109
Spotify Track 563,Taylor Swift,51,218881,0.676542295005328,0.49243993625526883,87
Spotify Track 564,NewJeans,68,209470,0.7234441556704333,0.8806155354526937,116
Spotify Track 565,Coldplay,74,224161,0.7277526342477821,0.7262662192438076,99
Spotify Track 566,Coldplay,78,221003,0.40814541479159666,0.9206259032876791,117
Spotify Track 567,BLACKPINK,68,228344,0.572570652820465,0.8501943655375923,128
Spotify Track 568,IU,70,223118,0.6936228288675527,0.8774373589170873,128
Spotify Track 569,BTS,33,193368,0.46003129535772197,0.47077038562031365,108
Spotify Track 570,Taylor Swift,42,217731,0.7431861796488848,0.5684976098255702,132
Spotify Track 571,Coldplay,70,188941,0.8329977975679608,0.773828877296408,103
Spotify Track 572,BTS,42,184733,0.5984674440922015,0.7427602094394588,103
Spotify Track 573,BLACKPINK,48,143457,0.32813786055112215,0.6435256195524369,170
Spotify Track 574,BTS,41,182048,0.3130690067878726,0.7633375363925621,132
Spotify Track 575,NewJeans,53,216290,0.6333226774526696,0.6621202407000668,115
Spotify Track 576,Bruno Mars,68,205512,0.6553117130668007,0.9072159379691828,137
Spotify Track 577,Taylor Swift,57,176471,0.47736903830135397,0.7170021895186851,100
Spotify Track 578,NewJeans,68,186137,0.44618902443676794,0.8865962669769634,131
Spotify Track 579,Bruno Mars,63,191710,0.8043050809763822,0.9078129816344372,134
Spotify Track 580,Coldplay,65,238191,0.6167527834492452,0.7256836002505672,105
Spotify Track 581,Bruno Mars,74,245907,0.8212051284148857,0.46056717049398294,143
Spotify Track 582,IU,84,216008,0.6757094479234863,0.7032443710928464,127
Spotify Track 583,Bruno Mars,53,224212,0.7592365251129559,0.2774271270704739,116
Spotify Track 584,Taylor Swift,66,218352,0.5342915543331004,0.6396397132756685,97
Spotify Track 585,IU,47,179646,0.8615121436563137,0.2856808964339009,124
Spotify Track 586,BLACKPINK,53,184510,0.5044010264955627,0.22574644702388802,71
Spotify Track 587,Coldplay,65,156912,0.6710920002969409,0.38232847800581393,148
Spotify Track 588,Bruno Mars,70,201353,0.4401824418798224,0.7256328730384621,119
Spotify Track 589,IU,66,252501,0.3934539736273668,0.8077388919773196,123
Spotify Track 590,Coldplay,83,217618,0.8765842915625908,0.5855798354308923,73
Spotify Track 591,NewJeans,63,153524,0.6162548743670867,0.5249389684519208,112
Spotify Track 592,NewJeans,68,205942,0.7963555713148038,0.8292986157729616,107
Spotify Track 593,Taylor Swift,58,197535,0.35895524729127953,0.36041628548561944,129
Spotify Track 594,BTS,50,198517,0.5581064398139314,0.20785244103298348,147
Spotify Track 595,Taylor Swift,45,176884,0.49231563940805023,0.6373944564384038,107
Spotify Track 596,BLACKPINK,29,196981,0.5112490479273921,0.5919763472533108,99
Spotify Track 597,Bruno Mars,53,234487,0.733446103186855,0.32244711683385463,144
Spotify Track 598,Bruno Mars,44,235247,0.517430938904145,0.868270606910089,134
Spotify Track 599,Bruno Mars,40,258345,0.5690171675163478,0.2640593325169991,140
Spotify Track 600,BLACKPINK,54,191185,0.7567884469928841,0.3820812412637711,89
Spotify Track 601,BLACKPINK,42,221703,0.5057882817841982,0.4005901440996584,110
Spotify Track 602,Coldplay,82,233866,0.7470739093300927,0.7828119026358633,94
Spotify Track 603,Bruno Mars,59,233277,0.8152534168583475,0.4310305874923222,156
Spotify Track 604,IU,71,217462,0.38601642884743764,0.8410635078511153,118
Spotify Track 605,Taylor Swift,45,143111,0.7352790224102507,0.35238625282839714,146
Spotify Track 606,BTS,71,292642,0.7438433243441758,0.5718773236529346,112
Spotify Track 607,BTS,59,199482,0.3917089554592686,0.35816093734214405,77
Spotify Track 608,BLACKPINK,60,260042,0.8842927691563256,0.29785192284245177,104
Spotify Track 609,Bruno Mars,52,207402,0.8170056674867433,0.27464777775138605,122
Spotify Track 610,BLACKPINK,57,244376,0.4778585575604473,0.7244091276204386,116
Spotify Track 611,BTS,47,268846,0.4953364159769638,0.7619916520593099,117
Spotify Track 612,Coldplay,50,202668,0.5354259825432037,0.42548688730511286,108
Spotify Track 613,Bruno Mars,72,178999,0.47315995282280265,0.9269471099406388,142
Spotify Track 614,BTS,27,142591,0.3690202862922753,0.3537939331507837,82
Spotify Track 615,NewJeans,65,178693,0.7474282948378752,0.8549874355624896,122
Spotify Track 616,NewJeans,60,205291,0.7357229173546425,0.270305898765859,118
Spotify Track 617,Taylor Swift,58,219475,0.762247072418044,0.2810722076954363,117
Spotify Track 618,BTS,50,195733,0.7191793360538712,0.3696222755826608,135
Spotify Track 619,Taylor Swift,83,271282,0.7198645975930287,0.6131167184148364,97
Spotify Track 620,Bruno Mars,43,114420,0.7121703853556134,0.31260508435891954,102
Spotify Track 621,Taylor Swift,36,209521,0.8037396857519342,0.331424908876474,114
Spotify Track 622,Coldplay,61,239607,0.36614422198049373,0.8654510237796627,122
Spotify Track 623,BTS,71,229558,0.8434075136811848,0.5075186091523451,126
Spotify Track 624,NewJeans,71,193784,0.5436178457855518,0.9275672617704224,114
Spotify Track 625,BTS,71,178939,0.5532570810663511,0.8701908675898892,103
Spotify Track 626,Coldplay,46,186172,0.3738014268944688,0.3389137783330988,90
Spotify Track 627,Coldplay,78,240542,0.8355657416490215,0.7020473363904911,129
Spotify Track 628,Coldplay,44,217414,0.507785079496575,0.27246363159012654,125
Spotify Track 629,NewJeans,95,233133,0.8051103596798579,0.8951079077105782,129
Spotify Track 630,NewJeans,60,225776,0.7123548832425783,0.8827358233463138,172
Spotify Track 631,IU,48,217169,0.6555842864843918,0.4447906000408956,95
Spotify Track 632,Taylor Swift,70,227780,0.46210193557143975,0.7500054279361709,94
Spotify Track 633,BLACKPINK,73,212624,0.8617408821562532,0.500672737622609,142
Spotify Track 634,IU,77,201272,0.8878188881370196,0.5836430971059108,122
Spotify Track 635,NewJeans,25,220705,0.7198676654495616,0.2093510482044279,125
Spotify Track 636,BLACKPINK,48,211155,0.8218841334895853,0.21902778236491263,108
Spotify Track 637,Bruno Mars,74,247959,0.6619442329704843,0.8304821601482918,115
Spotify Track 638,IU,50,259891,0.5581877558202694,0.27137692632869553,98
Spotify Track 639,NewJeans,73,239233,0.837646864776579,0.6836428043272842,136
Spotify Track 640,Coldplay,79,219616,0.680801920054949,0.7540692317353945,125
Spotify Track 641,Coldplay,55,171776,0.5720587672306268,0.44916891528933006,128
Spotify Track 642,Bruno Mars,46,200281,0.3756572664809106,0.26993350261688764,126
Spotify Track 643,Coldplay,70,243693,0.8112885551041638,0.5984081670049448,128
Spotify Track 644,Bruno Mars,72,205128,0.6297195883202589,0.698686141164667,104
Spotify Track 645,Coldplay,47,207526,0.6171324366362109,0.28454843245428646,149
Spotify Track 646,NewJeans,30,185140,0.37040281773605843,0.32776822330505995,151
Spotify Track 647,NewJeans,58,208981,0.8647387598641528,0.600623734744759,129
Spotify Track 648,Taylor Swift,48,202472,0.6053112275378796,0.37445066191140874,130
Spotify Track 649,BLACKPINK,47,230904,0.6348135923756129,0.790119706569054,110
Spotify Track 650,Bruno Mars,40,203579,0.5360841954649995,0.4770960562551493,71
Spotify Track 651,BLACKPINK,48,241627,0.32182358906074365,0.47029884326513993,99
Spotify Track 652,Taylor Swift,54,218233,0.7667353902827629,0.5898851307437585,131
Spotify Track 653,BLACKPINK,64,209465,0.6517222337517349,0.8374945858319316,108
Spotify Track 654,BTS,52,198356,0.3127402519652515,0.5403300615774974,152
Spotify Track 655,BLACKPINK,72,201636,0.7655200945484398,0.7461398381803079,132
Spotify Track 656,Bruno Mars,68,227257,0.6049150399358066,0.2517448576393677,137
Spotify Track 657,Taylor Swift,77,205985,0.8650497218048515,0.5906947245037486,157
Spotify Track 658,BTS,39,213822,0.3090860754156131,0.2867889300908143,124
Spotify Track 659,BTS,59,165986,0.3845980969024095,0.9219214944797669,128
Spotify Track 660,BLACKPINK,59,183405,0.7596683036285425,0.6606110201526894,128
Spotify Track 661,BLACKPINK,49,196428,0.3881413665760887,0.7191102105055047,87
Spotify Track 662,NewJeans,53,254021,0.4921480507492004,0.8255838881263068,91
Spotify Track 663,Taylor Swift,55,256723,0.5817273723530304,0.7920850593638716,92
Spotify Track 664,IU,26,204279,0.5841002915024261,0.2045769327701158,129
Spotify Track 665,Coldplay,55,211667,0.7793700438155013,0.46308636733669406,125
Spotify Track 666,Coldplay,55,213142,0.3587054120524361,0.38722038172384404,96
Spotify Track 667,Coldplay,71,187511,0.7980795407116724,0.9121521028572181,118
Spotify Track 668,IU,43,178436,0.6711784432421578,0.2603139663813866,75
Spotify Track 669,BLACKPINK,58,200238,0.7855153625624148,0.5620491968501602,125
Spotify Track 670,Taylor Swift,44,185439,0.5647526175433215,0.9096755833540171,161
Spotify Track 671,NewJeans,47,162126,0.8268145361658706,0.28739754282427044,118
Spotify Track 672,NewJeans,57,212530,0.7212454750036631,0.7755440456945026,121
Spotify Track 673,BLACKPINK,47,243558,0.382504941567159,0.6492935725786114,140
Spotify Track 674,BLACKPINK,70,220426,0.6472131272143452,0.76607318568653,96
Spotify Track 675,Bruno Mars,92,227202,0.7023074603692012,0.8827562005871885,52
Spotify Track 676,IU,73,246836,0.5463803319442224,0.8924133489908593,143
Spotify Track 677,IU,48,232769,0.35773316989548487,0.6271972151783509,115
Spotify Track 678,Taylor Swift,47,130152,0.5359148999441319,0.2973270629539807,104
Spotify Track 679,BLACKPINK,73,195297,0.8657203826247316,0.5894460285864052,114
Spotify Track 680,Taylor Swift,27,238814,0.40553962020141476,0.4740806216963121,124
Spotify Track 681,NewJeans,52,203214,0.8480866967307088,0.5710664452072132,126
Spotify Track 682,BTS,67,216613,0.4359744322492118,0.5525763764205225,92
Spotify Track 683,BTS,38,193098,0.3462464646732474,0.44228186993613117,157
Spotify Track 684,BTS,45,207948,0.36802669254236975,0.849112107469749,126
Spotify Track 685,Coldplay,33,166154,0.5940742792544381,0.33075417007708124,137
Spotify Track 686,NewJeans,45,241645,0.5611274409883092,0.4864428776766795,118
Spotify Track 687,BLACKPINK,52,255266,0.8486115214895353,0.7420353787615906,91
Spotify Track 688,BLACKPINK,71,236192,0.5191300153930636,0.8239427602216032,117
Spotify Track 689,IU,51,221982,0.6591896075711746,0.8291709491485066,145
Spotify Track 690,Coldplay,71,156980,0.6763986379891347,0.3006853455394412,116
Spotify Track 691,IU,64,161583,0.6883960198858389,0.280636219073892,121
Spotify Track 692,NewJeans,45,223823,0.5125199405120807,0.39005921861644527,127
Spotify Track 693,IU,43,252349,0.47324683304354515,0.3065006640772075,126
Spotify Track 694,IU,45,184576,0.5609659699793119,0.3173202535330836,106
Spotify Track 695,Taylor Swift,69,163227,0.5196118154532837,0.5701684419355126,104
Spotify Track 696,Bruno Mars,46,252103,0.4040978452381626,0.5407415276908547,174
Spotify Track 697,Taylor Swift,69,146240,0.858975516138262,0.8394964642083327,129
Spotify Track 698,NewJeans,63,192572,0.8987352019816207,0.7603217035850904,135
Spotify Track 699,BTS,52,195787,0.8043285071965591,0.33433394746560047,129
Spotify Track 700,Taylor Swift,50,204692,0.4144088549979895,0.6757096022644229,127
Spotify Track 701,Bruno Mars,67,192759,0.8667249840791199,0.674423970094413,134
Spotify Track 702,NewJeans,51,190593,0.5170341071175246,0.3278667585285365,110
Spotify Track 703,IU,46,269825,0.860223638924417,0.2625490637387047,125
Spotify Track 704,Coldplay,57,210584,0.5355843952533158,0.5680196734963052,103
Spotify Track 705,Bruno Mars,62,180800,0.53253409718469,0.9145891646116513,103
Spotify Track 706,Bruno Mars,74,220323,0.8492541326812383,0.7225018648424895,132
Spotify Track 707,Bruno Mars,59,182147,0.8316119624471786,0.5946009048541306,156
Spotify Track 708,Bruno Mars,32,141950,0.3345825516018959,0.2716943207052326,137
Spotify Track 709,BTS,33,189476,0.5124398942123043,0.4829921874982286,122
Spotify Track 710,BLACKPINK,46,195185,0.3795875436547093,0.7836017657889572,137
Spotify Track 711,IU,45,219968,0.692955298190955,0.7045243496137754,139
Spotify Track 712,IU,55,255099,0.63442043730334,0.7739780301708927,112
Spotify Track 713,BTS,66,290794,0.7923278339713435,0.8817851960311384,124
Spotify Track 714,Bruno Mars,78,204043,0.6335644632856822,0.947552535984526,99
Spotify Track 715,NewJeans,54,213799,0.561383714628387,0.6006117241041986,156
Spotify Track 716,Bruno Mars,53,198065,0.42985078312186153,0.7946615480590752,149
Spotify Track 717,IU,31,196719,0.35137865407921176,0.3489925304942693,114
Spotify Track 718,NewJeans,78,215032,0.7376730754842046,0.5248934323081917,154
Spotify Track 719,BTS,43,170966,0.8211184435611337,0.2816656945856954,110
Spotify Track 720,NewJeans,45,244803,0.525073747453106,0.2289169962893584,123
Spotify Track 721,Coldplay,65,160041,0.476232010458637,0.8499805540723029,139
Spotify Track 722,BTS,64,251573,0.7116087757582998,0.36836222869755353,115
Spotify Track 723,IU,12,198708,0.43888723041823746,0.30810965344625607,109
Spotify Track 724,IU,48,244795,0.4958974257705299,0.7892758549425024,131
Spotify Track 725,BLACKPINK,67,205994,0.7903042480745726,0.26124044850405026,126
Spotify Track 726,Coldplay,56,261272,0.6494517249330178,0.7310662297602999,118
Spotify Track 727,IU,57,195782,0.6516850770993129,0.3123292651249154,113
Spotify Track 728,BLACKPINK,56,200203,0.44773578505796613,0.8650095514535039,124
Spotify Track 729,Coldplay,74,190116,0.8406484798460623,0.6047419280085127,103
Spotify Track 730,Coldplay,47,186982,0.3095669272915627,0.21076241662849188,129
Spotify Track 731,BTS,27,135827,0.31727380548648554,0.5298575916579988,94
Spotify Track 732,Taylor Swift,47,234387,0.7549334035887116,0.6604565440435091,122
Spotify Track 733,NewJeans,49,196293,0.6419559465821685,0.27954411418927144,103
Spotify Track 734,Bruno Mars,52,209907,0.3816450107617774,0.7987593675777785,129
Spotify Track 735,NewJeans,72,183666,0.6688541967542706,0.5299525263810946,112
Spotify Track 736,NewJeans,41,214942,0.5103224758090175,0.3273140688359635,98
Spotify Track 737,Taylor Swift,70,198622,0.3195615617741116,0.8585894775644725,140
Spotify Track 738,NewJeans,63,182619,0.4576417282327911,0.7652761304192351,126
Spotify Track 739,NewJeans,65,247615,0.8939208800019532,0.40307065562587663,115
Spotify Track 740,BTS,54,189400,0.7968401411628351,0.6204322494161244,95
Spotify Track 741,Coldplay,58,220589,0.500245082970458,0.6858717299304959,94
Spotify Track 742,NewJeans,45,208441,0.3982322842746267,0.7331883654259018,134
Spotify Track 743,BTS,60,229834,0.4630135305476973,0.8347784807233463,123
Spotify Track 744,BTS,52,238055,0.41341675318487076,0.2699449371972703,102
Spotify Track 745,Bruno Mars,56,190597,0.7821543899049042,0.508736436132163,103
Spotify Track 746,BLACKPINK,50,213230,0.6008727764990175,0.503555097418816,117
Spotify Track 747,Coldplay,60,225997,0.654434762717113,0.4000472312963751,135
Spotify Track 748,BTS,80,191812,0.764965476219105,0.8764530672146579,141
Spotify Track 749,Taylor Swift,71,178765,0.4340225895392626,0.7266473307258974,111
Spotify Track 750,NewJeans,65,194335,0.6367960486331266,0.47909705699059474,117
Spotify Track 751,Taylor Swift,48,208606,0.36491125782088296,0.5777364882572028,101
Spotify Track 752,NewJeans,22,218520,0.48029576384321165,0.3713545704635435,96
Spotify Track 753,NewJeans,58,177446,0.7526319207284949,0.4575429049765657,79
Spotify Track 754,IU,80,194123,0.7552506361572171,0.8427899507172181,141
Spotify Track 755,IU,41,182190,0.6411018613037306,0.45470954411109205,117
Spotify Track 756,NewJeans,57,242988,0.7983009187673185,0.3456387743922203,119
Spotify Track 757,Taylor Swift,86,124044,0.46725536961670605,0.9184874772431687,141
Spotify Track 758,NewJeans,70,211713,0.761606886595094,0.8132134585407256,148
Spotify Track 759,Bruno Mars,66,213237,0.6109976932945472,0.513828473695773,67
Spotify Track 760,IU,40,239413,0.5278734623994018,0.3431539433275753,125
Spotify Track 761,Bruno Mars,59,201470,0.3275293150680402,0.720707465730923,112
Spotify Track 762,NewJeans,51,197238,0.3569106661191751,0.5870650354090838,137
Spotify Track 763,IU,60,211894,0.7146592907205906,0.610990386114509,141
Spotify Track 764,Bruno Mars,27,208537,0.392494938502265,0.2641879320613245,117
Spotify Track 765,BLACKPINK,71,280202,0.47540971211603533,0.9243599907778313,129
Spotify Track 766,BLACKPINK,53,199243,0.8929798239343106,0.23634377725878294,97
Spotify Track 767,Coldplay,54,167896,0.7987172436952464,0.8555304158806372,149
Spotify Track 768,BTS,70,230918,0.7277970792401737,0.9401127250017637,112
Spotify Track 769,IU,46,214106,0.7000991583357704,0.30142795136784994,124
Spotify Track 770,Coldplay,65,133435,0.5123462311858068,0.28484654235068096,148
Spotify Track 771,Taylor Swift,72,201999,0.7660720324405185,0.9019665771607268,100
Spotify Track 772,Taylor Swift,66,232187,0.817033575968767,0.7136486494859781,124
Spotify Track 773,Taylor Swift,32,213017,0.41771377482450595,0.5997119402715139,113
Spotify Track 774,BTS,39,214737,0.6282474583296499,0.37774830757746236,116
Spotify Track 775,BTS,32,251619,0.643981907285473,0.7495242735011952,150
Spotify Track 776,BTS,54,168620,0.6262638652291603,0.6601461065178961,108
Spotify Track 777,IU,31,202235,0.7063594046297892,0.5433618416178352,128
Spotify Track 778,Coldplay,58,204843,0.46800797354596757,0.3489551164074658,118
Spotify Track 779,Taylor Swift,54,192076,0.7642264343885322,0.4474438028356239,134
Spotify Track 780,Bruno Mars,57,249655,0.5799675696753581,0.3206838565798174,134
Spotify Track 781,BTS,78,215691,0.7905606114312947,0.6421550875339547,121
Spotify Track 782,Coldplay,51,209324,0.35811960384407787,0.7328046708654743,178
Spotify Track 783,NewJeans,43,180726,0.5954576082169982,0.9161564858645332,124
Spotify Track 784,Coldplay,62,259953,0.788069922001856,0.48344973053996115,126
Spotify Track 785,BLACKPINK,41,243674,0.3415358553963148,0.5157002989988609,126
Spotify Track 786,BLACKPINK,41,230828,0.41163767585651967,0.42785016375665313,92
Spotify Track 787,Taylor Swift,59,193573,0.705294158372812,0.30047065466602196,121
Spotify Track 788,BTS,44,159478,0.666554267952025,0.33316431378230527,103
Spotify Track 789,Coldplay,59,176001,0.5610735990822857,0.32717912837200014,115
Spotify Track 790,BTS,38,234200,0.32229093915777607,0.3521725870917072,135
Spotify Track 791,BTS,55,197841,0.8862967103146487,0.907894395803491,132
Spotify Track 792,IU,46,189476,0.5964806858382273,0.4616191940927087,102
Spotify Track 793,Taylor Swift,48,217778,0.3200192967745338,0.37430355816979943,91
Spotify Track 794,Bruno Mars,54,277064,0.8741744191290779,0.22169486869345711,120
Spotify Track 795,IU,28,238189,0.33926926116684375,0.205820611162954,112
Spotify Track 796,IU,50,236770,0.7930023418995593,0.274578799893456,118
Spotify Track 797,BTS,66,207184,0.6305028080059362,0.3822124214433027,95
Spotify Track 798,BTS,52,167797,0.46459825481412925,0.5365494821238677,97
Spotify Track 799,BLACKPINK,55,215652,0.3950069120525538,0.8476067593119689,140
Spotify Track 800,NewJeans,80,191678,0.8188301025026469,0.7407884250653649,110
Spotify Track 801,BLACKPINK,56,184161,0.384020127774605,0.781371756574645,133
Spotify Track 802,Coldplay,61,173523,0.3755696322598282,0.350704644105787,97
Spotify Track 803,BTS,51,219106,0.4240319676025136,0.6222380357620766,138
Spotify Track 804,IU,35,198855,0.5152501266240929,0.5735677447165073,141
Spotify Track 805,Coldplay,46,182458,0.8262898869994858,0.7455152981912294,115
Spotify Track 806,IU,68,227668,0.49140026334437276,0.400764793699962,106
Spotify Track 807,IU,61,206405,0.6836417955166709,0.7771224738913481,141
Spotify Track 808,BTS,42,242556,0.8928188602315681,0.21357326971972954,141
Spotify Track 809,BLACKPINK,60,221803,0.6865094372410506,0.36388569362007495,119
Spotify Track 810,Bruno Mars,67,260807,0.5371765445140192,0.7543022775651067,93
Spotify Track 811,Coldplay,49,179294,0.5787768592566371,0.901412900719184,106
Spotify Track 812,Taylor Swift,49,209095,0.44451776381136343,0.8798901474271691,169
Spotify Track 813,Coldplay,53,174686,0.737527253915568,0.4125019048511356,122
Spotify Track 814,Coldplay,44,182362,0.571243598428873,0.5138152026285351,136
Spotify Track 815,Taylor Swift,55,209949,0.8982942714615119,0.694337562490918,110
Spotify Track 816,BTS,65,268086,0.6032053497971576,0.7755704848266768,105
Spotify Track 817,NewJeans,24,196177,0.6813332765825106,0.2781403307186791,115
Spotify Track 818,BTS,64,151148,0.5359155524683479,0.8336452260657004,117
Spotify Track 819,NewJeans,63,203010,0.7966325206529865,0.508722735172803,99
Spotify Track 820,NewJeans,56,253849,0.48817234528248105,0.7125108970290085,144
Spotify Track 821,BLACKPINK,57,247499,0.6179586236705878,0.6566397521284818,125
Spotify Track 822,IU,75,165861,0.8334743956489495,0.36410748506956214,94
Spotify Track 823,Coldplay,32,210504,0.3199654570540985,0.41797051503283145,110
Spotify Track 824,Taylor Swift,65,157242,0.770206998942978,0.8017764781122967,146
Spotify Track 825,BTS,37,174784,0.5540805063483764,0.25077952088578126,168
Spotify Track 826,NewJeans,59,189741,0.6629381395048052,0.5735681653239039,100
Spotify Track 827,BTS,59,200591,0.731271064910439,0.8046562130622498,117
Spotify Track 828,Coldplay,63,254895,0.6241172094227758,0.5580233542893149,136
Spotify Track 829,NewJeans,41,170104,0.4492230693097648,0.3744011179382498,108
Spotify Track 830,Bruno Mars,65,175851,0.39443521391534864,0.4614199259402785,114
Spotify Track 831,Taylor Swift,56,217252,0.6261525080193514,0.6305487082505222,100
Spotify Track 832,BLACKPINK,63,191769,0.7143003031362574,0.5285467930272791,127
Spotify Track 833,Bruno Mars,55,247268,0.8521943064284757,0.4050779491808811,87
Spotify Track 834,Coldplay,54,189839,0.8587994535447344,0.36027951307908956,149
Spotify Track 835,IU,33,188263,0.3807632690215744,0.2053078672688349,95
Spotify Track 836,NewJeans,61,211177,0.8145908935017142,0.38736995888959036,109
Spotify Track 837,Coldplay,65,193889,0.571802506747847,0.7592063330878768,111
Spotify Track 838,NewJeans,43,179876,0.45700011454726286,0.2657199677393787,136
Spotify Track 839,IU,53,178239,0.8865566488465378,0.6480907893911989,145
Spotify Track 840,IU,73,193356,0.43687943921605743,0.9216605725257494,122
Spotify Track 841,Taylor Swift,56,225178,0.4129657968231116,0.5599308441997433,116
Spotify Track 842,IU,81,175726,0.7343128034304394,0.9495519951896041,88
Spotify Track 843,BTS,63,212102,0.4939170366672811,0.8746458019448571,111
Spotify Track 844,NewJeans,52,186661,0.8280155974846632,0.4927172310297976,98
Spotify Track 845,Taylor Swift,40,144258,0.3203711399777556,0.7366651348225727,85
Spotify Track 846,Bruno Mars,44,213711,0.39096026544997825,0.41719371978957037,128
Spotify Track 847,IU,72,168941,0.7522351580966116,0.3892936943014679,100
Spotify Track 848,IU,67,204824,0.7959140034118791,0.5584225008640177,124
Spotify Track 849,Bruno Mars,76,159663,0.67096100055982,0.8157009258207423,125
Spotify Track 850,Coldplay,49,208031,0.5906826175414898,0.8730637244921027,126
Spotify Track 851,Coldplay,39,230452,0.49174685701245924,0.37553593751437164,119
Spotify Track 852,BLACKPINK,52,203230,0.38473134766333034,0.6144518869429969,97
Spotify Track 853,BTS,64,221625,0.8509215558624426,0.7261271693293545,133
Spotify Track 854,BLACKPINK,71,218514,0.3993738897491965,0.9399191067101499,126
Spotify Track 855,Bruno Mars,53,230505,0.7793807389587065,0.2187955026633939,140
Spotify Track 856,BTS,39,132178,0.6889605163153169,0.2722638719952066,144
Spotify Track 857,BTS,26,252927,0.37148587154624646,0.21166801939472424,168
Spotify Track 858,BLACKPINK,33,170501,0.7604940955335788,0.2834498393553536,124
Spotify Track 859,BTS,31,207736,0.3381461635257963,0.6511501427995214,87
Spotify Track 860,Taylor Swift,40,224346,0.6518386994220051,0.5648847016527465,112
Spotify Track 861,BLACKPINK,47,229399,0.5613358433925278,0.5985013400088499,145
Spotify Track 862,Bruno Mars,63,167959,0.6840006086652567,0.4318255476695654,112
Spotify Track 863,IU,50,190931,0.3059328190959875,0.7460513346609956,119
Spotify Track 864,Coldplay,30,216643,0.44363534624168205,0.3385860449017595,110
Spotify Track 865,BLACKPINK,74,270482,0.8035193605131413,0.5491222504150473,124
Spotify Track 866,BLACKPINK,47,244329,0.4842186180613818,0.4008160444591443,124
Spotify Track 867,BTS,26,214606,0.38473386799565734,0.26957640112639336,127
Spotify Track 868,IU,68,245694,0.7185688405569389,0.9058560151867167,128
Spotify Track 869,NewJeans,57,204840,0.7544675964731139,0.33624002593069036,137
Spotify Track 870,IU,50,177974,0.43464669591567134,0.6975517514283307,110
Spotify Track 871,IU,55,211972,0.8074363988712911,0.6304553915153687,117
Spotify Track 872,Taylor Swift,50,200025,0.5996774109787174,0.5647830299769869,107
Spotify Track 873,Coldplay,36,194836,0.4372982146261017,0.3169817551471157,97
Spotify Track 874,BLACKPINK,66,158248,0.8166076999552794,0.7881562906024202,142
Spotify Track 875,Taylor Swift,73,215597,0.41676592188576844,0.8072667888185574,162
Spotify Track 876,NewJeans,91,138370,0.5632903289964659,0.917619686379737,142
Spotify Track 877,BLACKPINK,37,216160,0.8197545672669805,0.2059032339445958,124
Spotify Track 878,NewJeans,74,227581,0.6265130856122703,0.8995998454678839,79
Spotify Track 879,BLACKPINK,55,227761,0.8400100593942524,0.5128607856581575,144
Spotify Track 880,NewJeans,47,249266,0.6980495803656154,0.6124801254150978,126
Spotify Track 881,Bruno Mars,50,203426,0.4190239291598028,0.3139406068736098,96
Spotify Track 882,BLACKPINK,70,252546,0.30650120728524505,0.8979657847278658,134
Spotify Track 883,NewJeans,59,192215,0.6571414216152007,0.7856732193133433,99
Spotify Track 884,IU,59,230602,0.6597290271385433,0.7838125599674397,137
Spotify Track 885,BTS,33,240477,0.4743412684235853,0.2491762447646646,78
Spotify Track 886,NewJeans,41,209931,0.564623684971672,0.602555405873905,142
Spotify Track 887,Bruno Mars,69,202644,0.3754099980289007,0.9302428182350683,146
Spotify Track 888,NewJeans,57,228094,0.7480358934625133,0.5762983123373367,139
Spotify Track 889,Taylor Swift,43,150631,0.5665059744862249,0.23619371458840083,140
Spotify Track 890,IU,77,196987,0.8787276571946429,0.31466932224431376,130
Spotify Track 891,BTS,43,228792,0.7892465880283747,0.2466219674973149,113
Spotify Track 892,Coldplay,49,202938,0.8463207456581726,0.6465410734371415,123
Spotify Track 893,IU,44,207648,0.6767428242030362,0.2352804192829884,146
Spotify Track 894,Coldplay,80,170746,0.6096844414818302,0.7984746080948968,132
Spotify Track 895,BLACKPINK,80,210233,0.7394622016721725,0.7523441308219276,110
Spotify Track 896,Bruno Mars,42,194644,0.35997539626701713,0.4741736085887564,97
Spotify Track 897,Taylor Swift,49,210350,0.5518571247658017,0.5137944367494353,84
Spotify Track 898,Coldplay,87,206172,0.8645593786848046,0.7315537125047994,122
Spotify Track 899,IU,57,181257,0.6426722693584034,0.4290536990902529,80
Spotify Track 900,BLACKPINK,43,215020,0.43384540360695917,0.22117635742428257,134
Spotify Track 901,Coldplay,40,225688,0.7059317633806366,0.21695001731742722,97
Spotify Track 902,BLACKPINK,53,149807,0.8375947930127118,0.6479095611440606,70
Spotify Track 903,Taylor Swift,43,222305,0.3437427912762301,0.5658841683112819,119
Spotify Track 904,BLACKPINK,41,193934,0.3011374872764462,0.5894830617714879,90
Spotify Track 905,Bruno Mars,41,235804,0.5044695268117684,0.49955889554009586,81
Spotify Track 906,IU,60,223621,0.36325306641005145,0.7779781060046057,109
Spotify Track 907,Bruno Mars,74,142826,0.8388408970948417,0.5184593390670809,145
Spotify Track 908,Taylor Swift,46,200807,0.7033743340955814,0.4812906634742914,106
Spotify Track 909,BLACKPINK,54,227223,0.6832500013673766,0.41043781232882953,90
Spotify Track 910,Taylor Swift,56,158676,0.7302246061030041,0.47218916510870557,124
Spotify Track 911,BTS,79,178626,0.8689499555691846,0.6594777874424195,126
Spotify Track 912,Taylor Swift,48,229798,0.6127489964135774,0.4044653468577212,124
Spotify Track 913,BTS,46,242954,0.3705341481950794,0.8905314454949733,112
Spotify Track 914,Taylor Swift,54,246835,0.6800347473866802,0.45553079893459647,97
Spotify Track 915,NewJeans,39,274778,0.4003425503096828,0.22829051468790212,97
Spotify Track 916,BLACKPINK,80,250099,0.8340131950108478,0.9279829112113858,94
Spotify Track 917,Bruno Mars,78,232979,0.8785670000868888,0.8088414371940307,142
Spotify Track 918,Bruno Mars,47,209926,0.6994953843758998,0.39558767732963335,150
Spotify Track 919,IU,55,221537,0.7185286264519978,0.9152477585236967,111
Spotify Track 920,Coldplay,28,211842,0.5765994439551912,0.20082329479236166,150
Spotify Track 921,Bruno Mars,64,210546,0.811220779265469,0.8113094964792694,93
Spotify Track 922,Coldplay,61,218505,0.8485606274686828,0.9273190673624094,131
Spotify Track 923,Coldplay,34,243607,0.6772981838580334,0.3320114701455046,125
Spotify Track 924,Coldplay,28,252925,0.4457658286524372,0.21637991423829017,122
Spotify Track 925,BLACKPINK,57,203751,0.7359101728500282,0.4263600637708963,139
Spotify Track 926,BLACKPINK,75,182778,0.8714093384886461,0.33125634565921963,155
Spotify Track 927,BLACKPINK,56,196484,0.33754131059607817,0.6154017447159454,107
Spotify Track 928,Bruno Mars,46,252910,0.6144415321773484,0.4369548639725761,84
Spotify Track 929,IU,24,220234,0.42809185900614344,0.28286944500911637,96
Spotify Track 930,Bruno Mars,60,203335,0.5277680046845298,0.7456214640962846,126
Spotify Track 931,Taylor Swift,51,265369,0.7507464111539643,0.8544693837358716,135
Spotify Track 932,IU,51,216814,0.3500702169441945,0.8500096179520585,112
Spotify Track 933,Taylor Swift,64,191505,0.7567317468012007,0.28357408038266185,145
Spotify Track 934,BLACKPINK,62,204548,0.8822194510259461,0.5211861628740341,169
Spotify Track 935,Bruno Mars,53,157201,0.45415215040770324,0.45116133859670016,151
Spotify Track 936,NewJeans,58,202198,0.5925258967619782,0.5700968728297764,99
Spotify Track 937,BTS,42,141124,0.36172216566317805,0.30007200021071867,133
Spotify Track 938,IU,69,223273,0.6563274732554246,0.9052235245541129,109
Spotify Track 939,BTS,45,201036,0.4610046219668741,0.28242857360807455,146
Spotify Track 940,Coldplay,78,253216,0.7689917868421289,0.6591710799595216,77
Spotify Track 941,BLACKPINK,55,211127,0.4864313764065932,0.5908521576928817,105
Spotify Track 942,BTS,24,189192,0.6951468520401513,0.2208101037076043,101
Spotify Track 943,BLACKPINK,57,225420,0.6435489439176886,0.940366210604834,128
Spotify Track 944,BTS,69,204534,0.7635876964014446,0.5315075913926649,102
Spotify Track 945,Bruno Mars,54,185522,0.42397817948254274,0.8579682053943757,96
Spotify Track 946,NewJeans,44,223223,0.41994439751096924,0.2538515525571311,119
Spotify Track 947,BLACKPINK,69,171889,0.8615954839733839,0.6006287804392095,127
Spotify Track 948,Bruno Mars,54,207210,0.3503647162541277,0.4089563264576216,140
Spotify Track 949,Coldplay,45,212729,0.7921182806096475,0.33895684480446664,125
Spotify Track 950,BLACKPINK,71,174199,0.3382507206418839,0.565422532456904,105
Spotify Track 951,Bruno Mars,59,199372,0.6572365220649667,0.4296290680095854,132
Spotify Track 952,Taylor Swift,53,152659,0.5096032766324089,0.793236280500449,105
Spotify Track 953,NewJeans,38,197288,0.4778528764809202,0.2330624285823723,173
Spotify Track 954,BTS,52,177817,0.6972768374246733,0.7467979096534569,133
Spotify Track 955,Bruno Mars,48,212536,0.6904614402444218,0.34612082608781425,101
Spotify Track 956,BTS,62,212733,0.5570811300647229,0.8050790871886573,125
Spotify Track 957,Coldplay,38,207307,0.8179773370160567,0.26516181793763727,132
Spotify Track 958,BLACKPINK,58,181475,0.6773339437447989,0.7995913263580274,119
Spotify Track 959,Coldplay,81,257595,0.7754837105144188,0.7798047735151472,88
Spotify Track 960,NewJeans,78,268258,0.4826543445650821,0.9432600019508952,101
Spotify Track 961,BTS,62,209029,0.49143151434399435,0.3624432050719384,140
Spotify Track 962,Coldplay,33,260398,0.5745255814567881,0.22532940135027396,137
Spotify Track 963,NewJeans,76,215988,0.4158522677146676,0.8739310290068832,102
Spotify Track 964,IU,69,204993,0.8396140390203433,0.8124738408466837,145
Spotify Track 965,Coldplay,71,227413,0.5902234109331628,0.8281594646432412,111
Spotify Track 966,IU,62,160041,0.41065820490126254,0.6690310303330262,124
Spotify Track 967,BTS,39,254784,0.8122211545960548,0.4849529328287505,134
Spotify Track 968,Coldplay,69,213965,0.8092532001097841,0.5773513937264073,113
Spotify Track 969,BTS,58,191430,0.8571237124816562,0.5772230580385146,118
Spotify Track 970,IU,37,197781,0.46290766035956854,0.4581521586065187,140
Spotify Track 971,BLACKPINK,65,246697,0.8718222079050258,0.8125410873251497,131
Spotify Track 972,Coldplay,51,199174,0.4717663678736298,0.5778396217981954,153
Spotify Track 973,Taylor Swift,56,264051,0.42730562592297777,0.8834729223003034,69
Spotify Track 974,Coldplay,61,164064,0.6521148011200633,0.6501759083126892,127
Spotify Track 975,IU,54,145153,0.8603526904594283,0.2673725869734076,125
Spotify Track 976,IU,84,258426,0.6939476471281246,0.9447661981589719,131
Spotify Track 977,Taylor Swift,73,200697,0.7204382635835856,0.8048556819430527,125
Spotify Track 978,BLACKPINK,73,232725,0.8476922269818659,0.9215914120611746,103
Spotify Track 979,NewJeans,40,238079,0.36101613720491854,0.3980331433566955,116
Spotify Track 980,BTS,60,224040,0.7297006936301751,0.8006800254239013,129
Spotify Track 981,Taylor Swift,38,201313,0.5215536559539162,0.48961793303528983,149
Spotify Track 982,BLACKPINK,74,194303,0.7543611986966381,0.7936546094591068,144
Spotify Track 983,BTS,57,194791,0.7890096997494886,0.24589655486308887,89
Spotify Track 984,Bruno Mars,63,139506,0.8245775742155987,0.5768055724185787,88
Spotify Track 985,IU,27,197589,0.5737408191732615,0.37785766135885024,116
Spotify Track 986,BLACKPINK,59,194514,0.6007033000515077,0.6861131288206138,124
Spotify Track 987,Taylor Swift,55,205865,0.44983334137024306,0.8806696534580752,141
Spotify Track 988,NewJeans,63,163868,0.7407108868043392,0.3726976195069427,124
Spotify Track 989,BTS,50,154635,0.6382171555039137,0.30604101821225116,83
Spotify Track 990,NewJeans,74,197755,0.7675561502573042,0.4503368333451102,146
Spotify Track 991,IU,26,213444,0.6185932921129986,0.28044026780906406,66
Spotify Track 992,BTS,43,183277,0.30035879201222715,0.5613102722707755,129
Spotify Track 993,BLACKPINK,77,176924,0.3793337526043932,0.946296944243713,113
Spotify Track 994,Taylor Swift,65,195922,0.8562182583427401,0.8277123505065673,128
Spotify Track 995,Coldplay,19,238539,0.5386135050582919,0.21484016347124701,127
Spotify Track 996,BTS,68,202746,0.36086979959513027,0.8287493516279104,141
Spotify Track 997,IU,24,180769,0.35456053827308703,0.21500079365839894,101
Spotify Track 998,BTS,65,195123,0.6466037343407061,0.4909116750376939,106
Spotify Track 999,BTS,54,246507,0.5774125898079955,0.7142864622257515,135
Spotify Track 1000,IU,57,161575,0.8932545255990587,0.6719202946596101,125
