fixed_acidity,volatile_acidity,citric_acid,residual_sugar,chlorides,free_sulfur_dioxide,total_sulfur_dioxide,density,pH,sulphates,alcohol,quality
9.144414060119097,0.6852355095063283,0.5498710873172005,3.5897055066332926,0.05299286900102474,47,132,0.9958757813401596,3.3298494770687896,0.4615979840379629,9.391257954603432,5
8.064950688008986,0.8818833280940261,0.4549267365825538,1.7283399971400533,0.07421925317137928,35,259,0.9984576785901451,3.3249163715906827,0.9209939624318136,10.271701005526802,3
9.401070514771177,0.22028648523617175,0.28192607398403485,1.35452156320877,0.04830320316000155,68,218,0.9973788098735605,3.40562656837217,0.5832713101621042,11.554349574765507,7
10.889150755893644,0.6125938473381142,0.14061264445888524,2.495275759624667,0.06768153881443839,69,255,0.9982132755684362,3.4681672319923673,0.5464470892336524,10.24725543218748,5
7.90193926297033,0.36987148617563453,0.40964466272271804,2.2617415284651003,0.004255413321848573,1,89,0.9958818958354804,3.305596676199324,0.9285946283267674,9.630638951271969,3
7.901967173186394,0.40257492324706073,0.34869707708434994,1.8654807309418149,0.08853174829491754,68,18,0.9995786261717283,3.2250487012578026,0.7537099904845547,10.54858622908306,6
10.984661786362565,0.38152121515222615,0.4490386440055465,3.4749424264394015,0.08004821901448897,12,50,0.9983337757513797,3.397090122966073,0.6937631129298623,10.28598388475042,4
9.604639039559945,0.3272018460640368,0.39703436033639394,3.837427291998715,0.04731645475727238,60,132,0.9970190725908719,3.021190894335949,0.4849706872215664,9.018992692547002,6
7.501893543910582,0.5097043255889654,0.47991054306386705,2.6237696408085864,0.10636982673729621,27,119,0.9985119458408623,3.4364477309338235,0.7864766898962475,9.02493711508129,4
9.22235207409614,0.33380997671779244,0.16295295768788642,4.568542113477366,0.11750280550506234,56,281,0.9951616761163321,3.193471957583743,1.142408162938357,9.051802497884706,7
7.512189922218815,0.5540913651559678,0.5334788131268652,0.901635240213093,0.015697605425241033,23,210,0.9936649992813059,3.2639658200591324,0.7996863028593517,12.879851534907937,7
7.508259418930564,0.4899523781101726,0.30951992093847996,2.2288767570083947,0.04949100885735143,25,278,0.996643101026095,3.4374076984677466,0.7343350443697361,11.259981440273613,4
8.711335861662258,0.45221039062671803,0.6850521745250532,1.4964487511560731,0.049234306008508075,21,63,0.995885819108373,3.237673572541546,0.7725857754026364,9.806283941464638,3
5.047423584081744,0.3184872675916804,0.13216243638208644,-0.11315126390228378,0.04240387595564542,61,224,0.9956045653154447,3.39711133178622,0.5942203933613478,11.508266822828933,4
5.367639684727845,0.38464573388633344,0.61719276063305,2.384247039820221,0.11317899367726994,63,114,0.9984326240786988,3.470836313111162,0.5925993759691648,9.831943712338536,7
7.344111200290347,0.6510782451651512,0.3095821566925296,2.3295534882634032,0.07224695444908787,52,284,0.9963342784264213,3.3165049635071258,0.5904242676798432,11.47518039697373,8
6.57818709543148,0.6001834375248761,0.13971639927711035,4.6188296405389835,0.06941940634757557,25,179,0.996527138147071,3.3467172233737066,0.5522585075842309,10.480306457069455,6
8.834220465411967,0.3044889510402898,0.1732228331891357,3.3831363583766887,-0.00015449457627013884,55,269,0.9953458948824918,3.282084618908442,0.590084372818077,9.741148750202703,8
6.756359071613942,0.5198664610858452,0.20593053836113598,1.0661384459391132,0.10541672120836906,46,116,0.997762246278559,3.317339699559558,0.5892917773176838,11.07982034582897,8
5.8990837077300045,0.6502774246743578,0.3548331892803833,5.095729592867864,0.030429664205861098,32,192,0.9974037515626158,3.132539283007495,0.6084036334981977,10.537519572723685,4
10.791602907166643,0.16611894377572564,0.37456709760709994,4.209447173735494,0.08239730521065314,55,274,0.9977473193537886,3.2559392870162887,0.603644734631383,10.798267772179326,8
7.91618028917289,0.608672038475987,0.1552599992122842,3.3149367848560622,0.09109507751832768,5,234,0.9950054720667276,3.106769158952622,0.6913120156916491,10.61550702318411,4
8.414797947969472,0.36747524821083066,0.26512908154780346,2.1829222616102353,0.13442634383354604,36,161,0.998608176920094,3.16518491632089,0.6633948130953338,10.605014772870929,5
5.877928083437125,0.6141197337186318,0.6984540717223727,1.1567850685871288,0.027647184035235518,49,194,0.9996775368475327,2.9995576468991754,0.6784516170969895,11.200553888086745,5
7.37454936830719,0.3473481686914966,0.6155086340201423,1.978910513500526,-0.040780486232833014,58,277,0.9976840767946494,3.3395892230257327,0.9087905857685621,12.983806848817668,8
8.488568402506774,0.13902357986709618,0.35726473393480646,4.02424806758586,0.08735398179014779,39,7,0.9943814234255114,3.5537403248066117,0.6630448205818069,11.648791900549558,8
6.343310918382086,0.17449151242336744,0.2776006956336401,5.138420828308452,0.15202044726043415,61,251,0.9943955954315276,3.231584139728914,1.0258514687761329,10.619645160283046,6
8.938686631187643,0.5096169893322764,0.29400626534365226,4.660540939581064,0.1295578541175775,9,215,0.9952492460888138,3.444770038585857,0.709957221769844,10.089393085100427,7
7.278914227138032,0.5519445003442964,0.39270359454608333,1.8156108094992163,0.08838637661098503,6,18,0.9948712455719629,3.468853922402537,0.5739658695499177,10.199265081998009,7
7.80412062535143,0.3191366749791183,0.0654414869603189,0.9325355933953844,0.060334552574718106,35,101,0.9958578147486254,3.120129414847759,0.8794291506379899,9.143870705389551,6
7.277098759210026,0.6277184917554748,0.218524692515331,2.6972407456756855,0.11228490386549242,39,226,0.9972648849327357,3.1524309123463765,0.6364803644896062,11.064543542553217,8
11.448872913665195,0.16769598754620801,-0.06371681477551798,0.02418488821200786,0.04105815201182125,22,243,0.9965799048814997,3.448619713252831,0.24307369420519812,9.385077308341657,8
8.277054717945513,0.4867840402705367,0.34984462452105586,2.952434799858694,0.09905431077424877,41,99,0.9964045781127726,3.286148795551222,0.6493194658880188,10.027545687950736,7
6.501891420774971,0.2577967600475087,0.3994391879405482,2.293356379181864,0.10021880636666507,5,274,0.9955175945003997,3.1063816700774107,0.6076401075495272,11.070348702901999,7
9.698326350575423,0.36963277843956815,0.17336270754012523,1.847548897384461,0.12240839629995519,42,176,0.9958523081456709,3.204471061960709,0.9231130556690169,10.162674696203474,6
6.224565795049263,0.5094797342632829,0.5847973526580066,0.2674157058264865,0.19038640155644312,67,99,0.997593151015058,3.3629490367218096,0.49741366354993766,9.907712009470748,6
8.655068111508085,0.3279173269432095,0.024846867399531798,3.2190401491976033,0.09569663868715068,30,154,0.9919760839450004,3.1809094988842745,0.5934486809266938,9.202519313894356,5
4.968560789404382,0.4230888911540349,-0.022874976041963997,1.7542188244733241,0.05964145497170005,57,117,0.9959772191830425,2.8838194701848407,0.865498693930278,11.605326732304812,6
6.042083716872669,0.7012585618428882,0.3148903637119944,0.8621164300055969,0.07897702751232022,29,60,0.9965759751898546,3.2516980234188244,0.7170494505631106,9.566778134547121,3
8.63466410097751,0.38462162609537026,0.47941966052243096,-1.5211670985943089,0.00923696380443527,37,121,0.9975671661370946,3.26385102092172,0.6208523397545672,9.81412417305205,7
9.555393185992198,0.6671384224130283,0.6067855382915738,2.4614791329291092,0.05221147475643767,13,148,0.9939799081214323,3.301383965121649,0.5213974366995843,8.608270580166138,5
8.59132607802295,0.2740586290684764,0.178223147426212,4.981152235337642,0.06362870247547583,32,206,0.9938741806350938,3.4888325059934293,0.7097967735687553,10.3801389521921,4
8.103397919939992,0.6059608355830566,0.48573616668625913,4.8257629003670175,0.0590364640826163,46,185,0.9971679099897562,3.3080284196848564,0.6450188056528943,10.066705113638442,6
7.78812371749821,0.7883137241315801,0.2622983060998586,1.8600652407792195,0.08609419488134888,23,207,0.9921910955194861,3.336440603163856,0.5194690249147764,10.581857916968413,4
5.786512616375374,0.00567109997454211,0.2354745400118361,1.6569031154935072,0.04710320270471198,45,58,0.9986643782215215,3.4583305460474127,0.5283060879742629,9.225368323042426,5
7.076264845728996,0.3406209489059046,0.4467319874973345,3.1562839585050333,0.12484122669297885,17,185,0.9964531839829857,3.301551602375364,0.511539740544336,11.134180793535135,8
7.516914089368362,0.615414425436108,0.40046457568268395,1.102260385136392,0.08000828259672789,66,142,0.9991174424256869,3.620478111793515,0.48126554566014046,8.560789447153883,3
10.097107784572158,0.4593909227914015,-0.04527843139684988,2.9225086597472525,0.07962798715445495,6,187,0.993825855246861,3.1104437559031495,0.8087857391952972,10.307822500017595,4
8.884151092266386,0.5742291746742618,0.5653080699451792,3.5725123897385664,0.06688421133948329,18,6,0.9951272810625635,3.159877843033823,0.7858968709654746,10.515488283139584,8
5.302831735883353,0.3792029626568359,0.5460182708294904,4.2177065134380305,0.08620762735435916,22,49,0.9911842633461462,3.3920937612406217,0.8090646575855849,10.457774006706085,6
8.850942747971152,0.51731795749458,0.14488745969809413,2.359784292928066,0.11300393058670538,33,232,0.9944086204740095,3.4881470299407957,0.6507649232906492,10.557754871160268,8
7.645360123292263,0.4688645529215841,0.34916070668748184,2.214856749752248,0.045314791371563995,30,103,0.9956323062385563,3.269880750469706,0.6087531060739734,11.188671684260866,3
7.149232599479871,0.7335564123319614,0.36880603725654776,1.2708243785408146,0.05367534043698974,32,213,0.9920745848399831,3.148406824381589,0.6118550413184728,11.72469870497305,3
9.339849691029476,0.5508841686602426,0.32213475316478146,1.342367504344196,0.06785095884893341,42,270,0.9952107463756033,3.5641484377838024,0.8235872673940384,10.24439207168706,4
10.052699188243118,0.5675205324150404,0.159938969230916,2.1829295513378626,0.026165163061071403,10,276,0.9920253196462795,3.181144665779353,0.3405748702607091,9.432157364860387,4
9.883176202497538,0.4176246067755065,0.1356753264123897,3.0143117095426493,0.04722968561114009,36,145,0.9954850796301772,3.3508581676699465,0.5625373624292382,10.960717282292757,4
6.873330210521515,0.4024787551855013,0.26488918580171095,3.779018476726549,0.060951165058213644,34,242,0.9982942238542165,3.4971227717021676,0.49915124332424904,10.11976061525581,6
7.774338961052936,0.41348836243607584,0.504545803851873,1.3755494690475174,0.11497556722850909,28,77,0.9959300404997717,3.2337592164868467,0.8811808829200294,11.66461971162218,7
8.86314783338606,0.5788904284756594,0.3787200309188865,4.58976399654333,0.09050245316007702,11,160,0.9993164147452236,3.206680824411493,0.5688322210139899,9.798033385627875,3
9.958426716108011,0.41580310383594743,0.19587713358277883,2.1204269585404036,0.08774359645470178,39,195,0.9975725851267893,3.2169468386955504,0.3718818979752384,9.541989111367219,4
7.485403795663008,0.5579549713792826,0.42433974212966896,2.4700857879121894,0.11403591848671889,47,273,0.998696295697214,3.4352326884862143,0.6879820191819542,10.543793750952677,4
7.984379739671511,0.9150801597290877,-0.2997085241260151,1.4539036491930473,0.07450512846402414,19,112,0.9944701095182434,3.459022155780399,0.5870805868680347,8.659582208763007,3
6.419230544189753,0.6742249406863384,0.49975314007442073,-0.893936364382118,0.09561859399715558,15,237,0.9944217167432148,3.305058808764319,0.5553221026935565,9.932571286241718,3
6.26644873906286,0.43479529356643176,-0.07794275575561993,3.7376635549054695,0.07587112988270016,28,47,0.9966912268327708,3.5824623379604597,0.5377945673566094,10.070159423391653,5
9.681293898070138,0.740242784432789,0.19751181171937357,3.5315814559294068,0.09061449397598514,24,195,0.9928445958167342,3.304794983890519,0.5310875875426628,10.620472320772683,4
10.6056080485704,0.4183849253956897,0.046066021074771236,2.1061414200345014,0.05668965369553672,9,144,0.9969422874995242,3.4938499821252247,0.7704552535256296,9.403727903729802,4
8.177582793313434,0.09237509296442921,0.011063704855818897,2.5937870041148208,-0.017552686331057162,47,108,0.9953521603669061,3.235199759362359,0.6880438523148333,9.52049952773205,4
10.006005926416442,0.2983827378165192,0.5021653574757039,3.222314904785739,0.07462883351254783,33,176,0.9986599936750933,3.6500634800558345,0.6163458215428101,11.5569136906964,8
8.914781242580979,0.12584161579482883,0.17645975973762174,0.3124358003588404,0.1369099254439976,62,278,0.9973590245081588,3.5355197123369564,0.4632993909361228,10.386538545414348,8
7.203296417171289,0.42969730319173827,0.3393007763461432,1.7593262517151873,0.11704861608966369,19,226,0.9981934128606802,3.2808038046707226,0.6212881350240536,11.26463718390296,5
8.914372529364304,0.5036836758379103,0.2606158842241632,3.611970551470558,0.11861589938364683,67,218,0.9944915878372099,3.5151810313075504,0.6943067357920045,9.858212598616538,7
10.914662162992148,0.8352874624550566,0.3654081654446243,0.7439948075630509,0.1294452288722487,40,61,0.9980964205375235,3.5075970736758024,0.7007712562041134,10.345549037579126,5
8.239095733513084,0.5653854747528325,0.2853643782120511,2.910981105033281,0.08354630363845751,47,107,0.9988894249887286,3.532956161443897,0.6773503451086007,10.614534427029215,5
10.95989421488381,0.45617989423822713,0.01340155516228608,0.600785473527233,0.08789262829622384,65,197,0.9959225723532393,2.927702049641954,0.4931592466393202,12.147554907623263,7
3.8464333230474352,0.6658811162366979,0.469253363889428,3.1530019754069367,0.05529392418262599,29,205,0.994521298761267,3.407902717393625,0.24145997925935672,10.18238181982852,4
9.69723425743788,0.05777293819842295,0.17124868336773752,2.450101924783523,0.06735708575891801,50,238,0.9945564255975312,3.381344815395861,0.9559351892088287,10.233731106279622,8
8.447980016004893,0.5471229116217132,-0.04131637973195021,0.23881545773228688,0.10463084599084567,13,232,0.9984780259840319,3.370660992141518,0.42736173140154965,11.498153027736738,4
7.791687504208025,0.6541730387773934,0.1843769678068175,4.13063509624004,0.12815537748675265,1,144,1.0013686914848465,3.3327519650096846,0.3159571470266205,10.020188561514914,4
8.455993320110355,0.20428275084403166,0.5701519581268623,1.4715717924827314,0.07442214897276002,34,154,0.9940367098596495,3.3371716919271788,0.6721876542106963,10.684629191672753,8
4.921132845178483,0.7287508086413859,0.44004434842269863,1.365646588179867,0.06199242940594354,48,120,0.9938829598999149,3.492471045794712,0.3595518544507775,11.410959206419031,7
7.92655779067623,0.5676992814988828,0.20026957311842816,2.78079687612332,0.0800211183542639,48,68,0.997842828361349,3.3809210060540056,0.5131842127422696,9.82415812830106,3
8.907091371569969,0.41694241721983977,0.20014845913631427,4.108092289200201,0.10404826995716461,49,109,0.9944921729412667,3.3325359665598544,0.7433045723875008,10.740462446483656,6
10.812419876060577,0.626556373221257,0.20567298975652348,1.0778494534302443,0.022245807354658326,64,161,0.9980367107684566,3.4709071522253425,0.9513568356405878,12.145550710145013,8
7.4189406289348,0.9541385715608792,0.6853495967121682,2.58635178978716,-0.011847238125489526,61,278,0.9969306923470533,3.3627039267617804,0.7158770074063041,11.321318048838153,6
6.925560875081582,0.5363732510116991,0.34638709044631066,3.100343100462802,0.05797852602033666,29,11,0.995952045395004,3.377035264103007,0.5753429239509303,10.684933069684812,7
7.447013025906289,0.5496441172600672,0.3560083294382139,3.4703478501684017,0.031171502963433656,39,152,0.9968825430690433,3.580055566321684,0.641258675750837,10.175678688167366,6
9.856183600093527,0.4081278200919512,0.4760566908063685,2.747018177388115,0.05967439209410757,26,189,0.9967603967383067,3.234827893117553,0.3425403872802666,9.795681718725163,6
8.858876886421465,0.3300311261070416,0.3177578318053027,1.9861610252833488,0.07408878724730114,17,33,0.9956407870044276,3.0726434492398136,0.5733721414419245,9.411814076764193,6
7.399407653596035,0.6660671633088491,0.21819157083585938,1.3413736910917926,0.061870063639079466,71,43,0.992487277936723,3.3108545266486193,0.5735371273324195,11.909623959965678,8
9.172554636292706,0.3287832348182265,0.23073003018300436,2.620601436264925,0.13809870137882982,13,124,0.996357301457178,3.3321815017435443,0.6760658725633206,11.71547104537,7
8.46503183389167,0.5143132474438785,0.25567974811718724,0.9990053832201504,0.0930697905840928,69,249,0.9991461207321283,3.4082293544185784,0.9801722341579411,9.742885522459423,5
9.946696483905912,0.40446851064697664,0.2625555526980317,-1.5898906768924501,0.09201897438443314,26,73,0.9927824626735909,3.316097387199294,0.3207448009155194,10.73768699807814,4
7.106509740408502,0.5957959651492785,0.415525908727396,3.111183725820735,0.10488828576173607,49,219,0.9940684299597221,3.4132678865958836,0.5806948060323373,10.51132649850631,3
7.742974350783795,0.5667324210573897,0.2803891771614599,3.7655087775206733,0.034446675288769234,67,223,0.9968536539495321,3.6756925020407354,0.33830337752138623,11.584415461324074,7
7.633416139675333,0.70750798885158,0.41652801544311585,-0.8081054097585736,0.12156447149681075,7,182,0.9960771837254646,3.420227147831551,0.5644281041474136,10.782801198301351,4
5.812024588175399,0.3979967202290506,0.25385668397828354,1.0863770134060875,0.0769694285385816,58,169,0.9968223643191686,3.44659729515772,0.5030176360099411,10.377181239269651,6
8.80340447100978,0.44602501294132574,0.28572703806321814,3.3668159654072767,0.10681922468964851,49,63,0.9946013635843447,3.2805702888416346,0.395961127724762,9.85831439770432,8
8.743793962705812,0.30424725684353854,-0.12964013690642154,5.380493657596378,0.037125710678393785,53,274,0.9983249165731846,3.0922114365739044,0.8052256451900625,10.740867845125827,8
8.308692876292184,0.41114134798477775,0.4532655349404963,2.5291111907455712,0.017849649359357428,65,63,0.9960938011313805,2.9552832619305383,0.693460109654573,10.05181742903738,8
7.90120187326225,0.5754600986089704,0.33929769517959857,1.4807958822792122,0.11271558632100115,62,110,0.9973939710446861,3.222197912679642,0.7852954570411879,10.620684945129842,8
5.893869738514296,0.6513977233290704,0.46960202197193046,2.2439449824532236,0.09505638104390067,17,233,0.9966405548219421,2.9129442516052317,0.559618849806526,10.324028920541686,8
7.58490295129889,0.3155669351644749,-0.3092510756387379,4.424826986807458,0.04391793782569958,43,252,0.996350989935922,3.377032353752891,0.637978199117386,10.027508120129854,7
7.717385321904493,0.673921184021132,0.6876749409561456,1.5956501492256507,0.04521347674901222,25,193,0.9972536673140563,3.242577452336272,0.9210889090067735,9.42725922636818,3
6.936128642323249,0.7711275717609902,0.24208207436896526,1.381131190689645,0.1250173913765908,3,88,0.9963729759079339,3.1029937700287133,0.6495375668314509,10.914195252747302,3
8.025814290167785,0.5826869806447402,0.49163656334750333,1.8241590689451546,0.032423524285306884,29,191,0.9936196019438089,3.3196311179922935,0.787352613357105,10.442570341379033,7
8.986886456584715,0.8753591625116132,0.06201881457489383,1.1653399484378029,0.14570691813023853,32,257,0.998174713651432,3.1892051709537292,0.545032428538156,12.187420855466428,6
11.506516032057903,0.3452421601792854,0.39255478101251395,2.6717384423927135,0.04397517061408525,26,243,0.9976362545724964,3.367616438047615,0.7717229483719242,9.367655161622391,5
8.596782281814127,0.25106905933771656,0.05931688736526878,4.774549841857385,0.10553567702433532,16,189,0.9917862992172843,3.4061439494733756,0.5566837088330988,11.025298192232992,6
8.7378356642287,0.14425595021914425,0.145246207860839,2.9523109823624405,0.06685526097004062,25,215,0.9946915994302487,3.1947248755517337,0.32760819606985564,10.31735353197336,6
8.173441943197517,0.7992088622978366,0.6528062707733573,2.1467050970231973,0.10412749724329373,54,102,0.9980847209249856,3.264407822836451,0.6487109090534229,12.49975839832656,7
5.03808893399163,0.6308731312708116,0.2318635198473307,2.0914642235182384,0.0582354399154323,28,213,0.9923461429070444,3.3322343630757327,0.5700484657573265,10.948971917061467,4
8.254926411736331,0.48888306581790897,0.3134865746359446,0.31153286782468026,0.07348828375710824,56,142,0.9978871337638014,3.088943667968636,0.37378716890246544,10.724688581635085,6
8.402391356899745,0.5559937252639641,0.4440135461377508,3.7363536880060226,0.08163676701582885,65,189,0.9957175549286915,3.332221128431552,0.6825537847844396,10.31989756502618,8
12.487511591224987,0.27490219054032466,0.3691363775945209,2.3910279241820773,0.039912501768741095,41,81,0.9986805651406679,3.0853472027880904,0.4981004975579354,9.696878945334381,3
7.972986359872093,0.9891503959233653,0.3000837810287153,2.247328120973124,0.10963297381680503,51,147,0.995997706421849,3.3848575469329303,1.175749017338656,10.71139279264093,3
8.812630481967142,0.5258442363950455,0.342992200493245,6.970350594982805,0.0594714573411366,71,242,0.9945558640140088,3.23472545060577,0.40104482031967653,9.017697390863239,5
8.240989991501086,0.5218789589209786,0.750683117047655,2.9182540717119605,0.07085600338639926,29,30,0.9966161713215183,3.0845185898933645,0.4438027597834763,9.063715911415029,7
6.313247336046796,0.6451533247797384,0.25847624059328295,1.447492529866742,0.040226025015659514,19,72,0.99593922902098,3.213003960128876,0.7978236881301245,11.412438436829497,5
10.242798784675536,0.5962018463473426,0.31021980934299354,1.9030993653122394,-0.02249334635181242,66,255,0.9943782977317186,3.2193488128209835,0.6273862802911849,8.637875860955935,3
9.578286155567517,0.5447768048558262,0.4801308792015224,4.107823992875456,0.07235888949599324,41,123,1.0004366869660228,3.4602781325080416,0.7943643925745771,10.080426441709163,7
9.64475430997318,0.3419051089109376,0.4911051865915968,2.65857857475287,0.17650461686451663,45,78,0.9940578036368314,3.3259957048928688,0.7146664791626431,9.350873508741042,4
6.754041326848944,0.5942936714271991,0.5074060611120761,0.4864108303556868,0.11138417151592095,15,287,0.9915140892498804,3.15655838136523,0.551007788251699,9.997529307610337,4
10.684750328591369,0.8764048992950068,0.39774604440583694,3.786920508405285,0.07922958481062421,3,15,0.999163397936243,3.547359943080073,0.4155542931764626,10.584545302339347,5
5.916853193253123,0.7690840092309955,0.04139901745390329,1.5645982802454086,0.0694843668316693,11,216,0.9948328730553682,3.3939735602265837,0.8320841237237655,11.384555290964173,4
9.29765705946046,0.8186373253278795,0.5966863064602193,5.122616886704564,0.08089863571248186,53,157,0.9954064534780686,3.2495516447130504,0.4309634684498191,11.617633589732721,4
12.023774563876964,0.3977568647137629,0.04073092139626241,4.012067292000507,0.1018847646070084,46,10,0.9952841878707419,3.0669248721457465,0.7450140133979074,9.481046780841178,4
6.616088247277831,0.30207903594828384,0.33052709304780664,1.8737493460777486,0.032767487387646205,30,200,0.9948606971316833,3.2363109630779707,0.8062297887336642,9.934038063373237,8
7.337293859675288,0.4748426159800704,0.11914482999612842,4.293422906429158,0.12457286778675489,57,288,0.994467615057473,3.2669230373013494,0.6284239733149067,14.452550122211957,8
8.46940732064899,0.5111449824577389,0.2571723306814015,2.5949977147383647,0.10861525261764976,18,118,0.9940063653950061,3.3553548497175383,0.5982949189330735,10.149985314064638,6
7.444091388002462,0.7188383036941898,0.3357524820606962,3.6938831451711076,0.10872742902831738,51,276,0.9961295195234091,3.391088476448948,0.4827665622076266,9.517789204004096,3
5.663872167187575,0.1615070740570361,0.33427144309005463,3.1786259442122646,0.09753902955238909,48,168,0.9951960248846488,3.4209873143116103,0.7286662618397314,9.68419923725856,7
8.416557057170246,0.8059100638921227,0.354384150847057,1.3151006830127772,0.0807846663077596,66,110,0.9974607243806679,3.0582798853742177,0.13219209871612594,10.15586008369067,5
6.494083686665623,0.4683984202842021,0.5927422538117294,1.5990302347555534,0.10691444943867279,8,186,0.9969653881032323,3.3312757231744863,0.7716734776396578,10.007262637211541,3
9.105107132079809,0.41462378601051597,0.360706860302796,3.9419451446136256,0.10367256534965512,22,49,0.9941449756129492,3.276057626212768,0.6703109779658714,10.16562987680513,6
6.736978801802535,0.29757912494796646,0.22116867294187026,2.031314535050843,0.06583837156235905,6,287,0.9962170425521447,3.7016965914254816,0.612121331047654,10.378573446273437,8
10.934888488529818,0.16902866562684601,0.46281743365767153,1.9348921514612047,0.05705592908412396,57,180,0.9951643233517573,3.3097041658644555,0.6911913866928542,10.371592137706836,7
6.968469403028398,0.6646341167923829,0.5078940977849281,1.162828388910906,0.08407425181047946,36,167,0.9940166791147327,3.206602020230794,0.4164954133715381,9.444513502728807,3
7.752495422450353,0.5146635934376808,0.024478436972601512,3.0930386918308455,0.1419608060598075,57,145,0.9973788631410303,3.3165553285075373,0.2397912430270999,10.769331021156132,6
9.68297926952844,0.2420078200517892,0.3894800139699716,5.3875348869404025,0.030435716973843965,49,137,0.9957573494413833,3.2987147567983848,0.7296577618921735,10.521046949880684,8
6.207530662062277,0.24098424558727677,0.4102345484621797,1.005453920044018,0.0212989893699024,45,92,0.9951848999596591,3.0016441039273474,0.8738128492713972,10.896581670549926,7
8.686681888827021,0.4328430601419744,0.21048729932800161,2.533907239341861,0.08659043364946067,66,181,0.9942888655271535,3.3612456695126753,0.3543016647707547,8.685545946274843,6
10.522142682280128,0.8338043050578786,0.5451413626623239,4.477108777581601,0.08203550807424072,45,188,0.9939441264778534,3.2534162863982123,0.4710783869106098,10.55684424369148,5
5.567278501245914,0.44808172972727905,0.23998888259349457,2.3885020522559985,0.08693366657481633,20,134,0.9999775360478291,3.295996317725922,0.7778952318146642,8.414403684097984,5
8.613877559504918,0.19937140937637873,0.29511529069430853,3.1333205147496277,0.08975812791634001,64,251,0.99666823729926,3.168964719916416,0.711011259190965,10.22442910552342,8
8.741800750222321,0.4508513871828112,0.2353856351432261,1.0126490605943685,0.0710719098146078,67,94,0.9938177419255944,3.1359128654681645,1.1537284375721404,11.057936292753077,4
9.629098882021427,0.44545528605046597,0.27311580951629355,3.099629936090708,0.1395945375440833,3,71,0.9965757317966456,3.4318323501113466,0.8328617697004027,11.445779151602366,7
6.197183791507261,-0.03937732858831436,0.050744982620959646,2.2379980289936316,0.01596384086093938,54,163,0.998124032353591,3.466268498466423,0.7920221602218183,10.734460064097005,7
6.055223757756731,0.48914102669643755,-0.018010176518858872,3.880021993951808,0.04686011900879016,64,154,0.9963350352250601,3.362714790815585,0.5201559210008699,11.07539073529299,8
9.187300661548727,0.4538130939582644,0.5889010126449945,4.162340472190651,0.0758698095940381,40,121,0.9987480426842662,3.0283803599160546,0.739216985386416,10.10099503791754,6
8.804873944496418,0.6392412729626836,0.10060773033633445,6.125389098826059,0.014272447553833318,59,219,0.9929143737158601,3.3724595038891985,0.904220322620813,9.890832230075038,4
8.725837845587991,0.8697912189890691,0.07172153010873858,3.311486442499006,0.07296582382271716,55,258,0.9920173559052395,3.030609517299497,0.6220535699376061,13.092758162523726,4
8.88896195614486,0.7253130059095515,-0.16067802272074297,2.956114843215033,0.14645880662912072,62,148,0.9965210348437075,3.20082365477576,0.6300735224646876,11.22716031186521,3
7.143957973316566,0.4462222618890339,0.14220765046209954,2.7721380222082703,0.08083545953183847,4,255,0.9965529922867478,3.429833767313586,0.6740300995231786,9.227016148534608,5
8.694831285173708,0.278694818251666,0.005382041318500294,2.0055671900650363,0.08922803622874734,60,30,0.9893209996434915,3.3986397722556734,0.5370352241497202,8.66533607846701,3
8.798223204607758,1.0146719606499721,0.5984030320272739,2.9738773808463677,0.029593409393096792,30,282,0.994752847817596,3.3685451046800203,0.6957237974009635,9.934930550936425,4
7.085602589355175,0.5118436868028976,0.47196341786852686,2.086438025805359,0.0553455436784209,2,75,0.9939826753712331,3.4969353980879676,0.6914752635068658,11.591868506308666,4
11.471816668946087,0.5027858583825893,0.13236993096445526,2.73584536677746,0.06499214478704252,62,118,0.9932161075185937,3.384002272111189,0.9015976902407117,10.448739154028768,8
9.105515965550039,0.49517498257799936,0.7204871610688618,4.344636549851144,0.06729139612975064,49,117,0.9939779164707804,2.9971471162438674,0.6178032847731805,8.175980177638715,5
6.274784054755498,0.5396169521535711,0.46635309739831887,1.0908404086085024,0.13126575180015074,9,96,0.9971915756031987,3.244570373061546,0.7647038528307961,10.222706576810092,5
9.416141134677511,0.47112791761521144,0.20503372329827552,4.0958299855806635,0.10230764242900499,31,23,0.9939651899574206,3.2937587313403407,0.6228739020613513,10.397598449751449,8
6.643041160613555,0.3852675986239527,-0.22988114297471454,4.343961094275811,0.035541681722518724,61,154,0.9940337557308363,3.276188740984594,0.7587591051029816,7.98433262053452,5
9.63804382636217,0.3906282117519216,0.7281885145181483,2.3347040622124897,0.0898601911372802,48,232,0.9927623893822847,3.2074297237346414,0.6074900625153774,10.42416615205019,5
10.269612484312587,0.49344934595680034,-0.007914493352719203,-0.4705968586120322,0.0999288699398714,25,219,0.9985378192850316,3.1454765799804605,0.7474904077806851,9.386631992408676,5
6.904840058802093,0.391315045773247,-0.05907974939137836,1.6490492180677947,0.12560596154085066,36,156,0.9968692647309413,3.6601117454188974,0.7738000909450362,8.564453589211684,3
9.937739419715347,0.3574308434645671,0.4745140864019281,4.315792365185553,0.14322162746273495,8,197,0.9910152875941942,3.2416882762191324,0.4686684573801725,12.004507580165402,8
9.001727575792048,0.5212860455383793,0.7579504812678546,2.467984712781565,0.03939623232688526,58,45,0.9940355198415536,3.652740308006168,0.8374038215140022,9.342397799215073,4
9.697502271990635,0.44900455651582893,0.5468545637021037,1.100976874787125,0.047565699551586474,45,247,0.9970570357687899,3.1288064392865915,0.6216988442188364,9.73271526454372,3
11.524548070511711,0.8007985977165377,0.38278182401047195,1.7933151102804956,0.02969688564341535,62,143,0.9985627850979657,3.3985590103138508,0.5701345619135546,9.719417113933321,3
7.882840202795121,-0.03019396167860243,0.3889508683330572,3.676868037106374,0.07063920563572075,39,185,0.9976816775187333,3.3344462124584804,0.5292986210160964,10.402238750924303,8
7.018648520592269,0.7183013703844924,0.44068311175606156,3.265426995481931,0.09865433497785336,58,205,0.9952886341794842,3.1617075709402407,0.7006940472767009,12.166310607055873,8
6.787825469636611,0.7492170384995258,0.42178571795735303,2.1654950611624275,0.11949338066356407,64,208,0.9921372462784139,3.2298664335268974,0.6492143128864012,9.203813129764068,4
6.913122515558755,0.08532195351837009,0.3262382847938752,1.986445823459437,0.07696195905429909,44,66,0.9977404979878226,3.297730489595854,0.7130372215420866,10.093196485551406,5
8.168927093996023,0.43146248118393027,0.29084022079037525,1.9515385913386494,0.06720609906980625,29,197,0.995406206297359,3.1733825074250808,0.7163375333341415,10.520861879026398,3
8.879958357188295,0.4257118268008417,0.25748137442009555,1.2086257417020965,0.08607031968994962,59,10,0.9961377240292302,3.261578910894686,0.7534593897095303,9.531208252840495,7
8.770374358861034,0.21849766105643573,0.11920708222666475,4.761525965257218,0.04659428393479908,71,242,0.995645159123583,2.9452646361914074,1.1219682997460199,10.077113595421395,7
9.70621152336124,0.3444366624818249,0.2138649846266452,2.048751343104124,0.16358154886779094,9,186,0.9932889410008474,3.4067273985403106,0.6567475987464146,10.994499806749557,6
8.322103216192442,0.27788483090683425,-0.06859136283907709,4.204021929155695,0.015693558915277652,6,42,0.9967285004244459,3.484072751118419,0.5251225242826626,9.644295013293508,4
10.77100793116744,0.8504540886847246,0.25033207464105006,4.629842472691432,0.08738962315582897,29,61,0.9964529180622269,3.3681545561247987,0.3066317335025002,10.06135749126982,5
7.850083383495475,0.6871356786294922,0.07228177856981649,3.8976352574071442,0.1609442487691856,58,242,0.9951484223141704,3.6396387191906667,0.44679614430760034,9.968646073080714,6
12.924287583202352,0.7543110189988318,0.049282136556845775,1.8957315621947324,0.08027199378239991,17,202,0.996942211599725,3.4023144341399836,0.8600092706279948,10.296193318865663,3
9.36363449120051,0.644334412808647,0.3059788302306957,3.0652221264712534,0.07239843859994022,16,78,0.9932520009051534,3.4714214458166337,0.7723871661514282,10.643151714623242,3
6.842832154092321,0.2741896457565542,0.54840045726892,2.4661261510527175,0.06570218308758291,3,64,0.9954619944482338,3.4857544248765167,0.42050237209245106,10.986560768106878,5
6.47948275329611,0.39509594674404525,0.45366332120046265,1.2348173949778207,0.07278433272950369,21,245,0.9960522549458716,2.8873479965121547,1.0689161149698676,12.337554301962339,7
9.120203105913415,0.5978749122455836,-0.04410012072463549,2.954102994410244,0.13491393898706122,64,7,0.9925301447357299,3.3635509798124343,0.7055499612024565,7.741523568145789,3
7.920113264946054,0.2555744382216109,0.0720743726859325,0.8493442923762766,-0.008474476453180273,36,193,0.9958858067783279,3.0925597574524826,0.7282538423796576,10.23260866079456,8
9.513800839956557,0.6425996860344776,0.45815423759764323,4.162751143846189,0.14133734805185302,62,35,0.9974672902933626,3.122864482264379,1.0315182805891339,9.035563927757808,3
9.104503961775027,0.451934920368373,0.07350252129233809,1.8495357837822497,0.023041713901994196,42,272,0.9953935381519142,3.148954009229713,0.9457074725407962,10.014629999349095,3
8.176190848483317,0.42503583849008053,0.2250733700005951,2.781623518221975,0.0693339068306234,42,113,0.9959317701949713,3.2530926299973935,0.7827933708914674,11.280867330694079,4
6.860450679283712,0.6421919936406983,0.3800104198049104,2.896603020164599,0.06283022318805352,61,95,0.9971246880784683,3.3975689941106544,0.7909663699404634,11.59779252214238,6
5.724759718034031,0.588852662297208,0.07633110902727294,2.137533036814292,0.10354213079082879,13,210,0.9952243997822674,3.3650984737510052,0.8068734663490473,11.644714576818409,3
7.540924581486065,0.427806766836184,0.291075101229192,3.3213713220653847,0.016075025924650096,11,225,0.9954044052009114,3.2981127925773603,0.6090355876089573,11.635292514850423,7
9.755877950349904,0.7318659606728496,0.003194901016359116,1.8351348807284658,0.09848690664327772,54,99,0.993646592970935,3.4084025161808937,0.6987547925825136,10.226064928379571,3
8.663959365021347,0.2837873344800205,0.14972647120975727,3.7198162164401416,0.16097238493147412,16,108,0.9959701264453584,3.4175229482388154,0.7476344839927012,11.798530274707163,8
6.182244076189622,0.6231871213888528,0.3339563868285074,0.6156284476545522,0.025473039816287582,8,228,0.9953303030327905,3.366393628385002,0.62844695895567,11.996849794605843,7
8.59440757394701,0.6186202515936767,-0.04859874670633386,2.6769314113649765,0.08758824670441583,59,191,0.9969981795901066,3.041324282088782,0.485878683348356,10.53880045454151,8
8.955039545539023,0.43809071213720197,0.3580949475920798,5.214500598681599,0.05352071288813564,57,189,0.9971269199083664,3.189100081596491,0.6047578317775265,11.577236601567563,6
6.797442358458075,0.5652266044484237,0.26607244021466375,1.0995361455521955,0.09703548824772143,40,167,0.9975824180780257,3.303949175091397,0.48205145665599347,10.44123701851658,3
8.561332680107398,0.24977728472293934,0.3804979908834296,1.551157041265208,0.08076591109663009,59,252,0.9949834792982097,3.4100179324711624,0.6609433370482792,11.81023251555088,8
8.3989548213582,0.6848054038413802,0.3147828268129323,3.219470989522481,0.05434052363822762,2,36,0.9916468378287517,3.1007130513414016,0.34732228415889277,10.238336762636443,6
6.3569504936879415,0.4630195727114022,0.5428280859947688,2.751414494715437,0.09951489139484296,10,57,0.9974832794929296,3.2982982215337078,0.7079765467862831,9.790479518306816,6
8.908238512592082,0.3954553958961921,0.2950449005295815,2.990882138982983,0.15217392439146973,44,81,0.9968622419281948,3.065156331541582,0.372683335753412,9.280008569728384,3
9.253333694825999,0.7098018451673779,0.18411889177494942,3.184861982206729,0.07236384833090806,11,283,0.9947294167906278,3.4538876978578914,0.5814095798011891,10.22637096676235,4
10.141187113397972,0.3591312618914481,0.2944595006064568,3.388610055986478,0.10879031768592728,2,45,0.9971098803991346,3.3363520917547085,0.7356971826617438,10.484388194328304,6
10.091463488459336,0.21830774072728806,0.3786596058072777,4.053579778738713,0.028269081685153453,50,106,0.9931028203949676,3.0980795946066086,0.7844949409571301,9.454147338624047,5
5.957962074472946,0.18867416529521924,0.2797720140651409,3.0737461196999174,0.04174254492727965,12,116,0.9980604804257406,3.0970907193293558,0.7643010655101953,10.149891541004342,3
6.705697432144292,0.6212019902691279,0.2781183382407765,2.1622392835340407,0.09889625111521509,23,254,0.9953327508964119,3.358114780737639,0.7043547654605598,9.873450690579235,8
9.175559954254723,0.24391412950074337,0.1296016624386489,3.4416031816838233,0.1393646411414386,18,196,0.9943421447739902,3.506219837184475,0.4597235364079264,9.323024453669492,7
9.173436116550755,0.850958836396873,0.13741981648981033,5.1598347088533005,0.0942245339514264,62,187,0.9947565968875223,3.1354821243825977,0.8167034203273489,11.435884661553583,6
9.175581066720282,0.08361411842325557,-0.010521054359938702,2.314312755064397,0.06747767877907383,62,214,0.9955370300279995,3.4179906162924114,0.4636117680341311,11.611903603105784,8
14.849643534113026,0.8392912736580077,0.619915348637388,1.135658973461102,0.07997165621693417,38,27,0.995975975853401,3.2186643422958254,0.8360778894772353,11.43143267829231,6
9.270513868178385,0.5422034934405237,0.02122735292174299,4.0499129370017615,0.0299836906412113,67,171,0.9960965605607988,3.423479115403933,0.75670980877189,10.315844209378502,4
10.23046158830702,0.48065737762592153,0.13141896044081855,2.3314663704649625,0.10418061305421467,38,104,0.9951407851120837,3.4024786365547968,0.8810132575057215,10.377617194608128,8
9.921802997938444,0.3910161826382101,0.12631854688616054,-0.5417373644196505,0.11529332249293636,67,213,0.996400479146923,3.323294976222366,0.6542276422827705,9.33682664426065,6
9.407365127219856,0.5798272228704141,0.44898487538888826,3.68639034801059,0.06191638668667679,61,13,0.9960165585486669,3.0248413040579125,0.5108101017741264,10.814632895241338,4
7.764042284111413,0.49247305951503034,0.21101006434159444,1.7505405396645082,0.06119831408961994,1,195,0.9947048540088512,3.4021778475186166,0.4302490708929275,10.569631706185621,7
9.590247674838555,0.7206603764033044,0.5195484145347468,2.373253404774175,0.09063512918608194,45,180,0.9944036187511575,3.3753028906495297,0.4491315131226026,13.24394739652568,7
6.986197135286129,0.5228455297324079,0.1353018751512263,2.964772462796621,0.06253121055837618,28,278,0.9972167310857897,3.361564462979175,0.3717482927368078,11.487102362015744,7
7.897408368541986,0.5300603522923755,0.32579883244476043,2.766699551690693,0.0773546954149671,21,22,0.9970486520719958,3.3293511094846466,0.8101404958792161,10.715244926570854,7
7.474881968690525,0.42727755755722885,0.10293058934804854,3.4932325439946554,0.16398887156666062,13,95,0.9961142727103225,3.1681819667501836,0.8314608820155079,10.358390689006676,8
8.439186036956748,0.4886108752557865,0.6990298255546777,1.8903190812022193,0.07011897197016013,27,146,0.9978483909319804,3.4624444156528664,0.7441289872936642,11.401306537077225,5
12.234919563344965,0.5615603537784118,0.03248031619409744,3.218348117446516,0.0656663939191511,7,150,0.9920773446876647,3.434720958122495,0.6443830449475426,9.484261329619478,5
5.125649172594029,0.15796632146867493,0.33196414204540553,2.136634651382516,0.05409832777459363,22,171,0.9948712107169866,3.1386865834733,1.0003631041986272,11.539637812014032,8
9.466642323636673,0.23036291557885738,0.3967553761864197,3.5343346732425043,0.10976767885999747,53,83,0.9936873657753307,3.4971442515776627,0.6333147578961187,9.3128564997627,5
5.558383018977593,0.648652818804543,0.35275981949029966,3.361514477618275,0.07275103307127588,4,267,1.0005125445302756,3.319750415195308,0.6875558573844619,9.838476142785268,5
7.497715828157964,0.5341730876255883,0.23294246822445835,1.1903858171375667,0.05402507846714296,23,168,0.9974264396407919,3.3193705429717757,0.6418652427340498,8.561820500595541,7
10.151216014844524,0.4632033327294642,0.2440358600533148,4.020374962645045,0.13285216129092048,70,19,0.9958418760326835,3.2735466995371976,0.592487628701214,11.014076223049091,7
8.409276032462287,0.5036867866130786,0.27876229439582195,1.749651176840333,0.1367841201805455,33,244,0.9975699811576924,3.2883009905122416,0.7572656632712866,10.64992902626319,3
6.467833877520181,0.5695163410723342,0.2405995996743023,3.631280917593603,0.0559830573704518,28,77,0.9982325513275102,3.5056348782464655,0.5423055628352311,9.838516975233976,3
7.0839836942580545,0.3920480639381277,0.462775823358982,3.014202238761877,0.005338401945575351,8,148,0.9982112633830481,3.454961247689777,0.5309017694925112,9.470861209024182,6
9.45531617318895,0.3443390549195375,0.7121046003182703,5.073457147513171,0.12030054759347689,1,288,0.9978434069702007,3.451777062545912,0.7658497955195903,11.778722226700069,8
7.058376726080868,0.5391690510195363,0.15850164299843328,2.187147624679407,0.052614806969599845,37,274,0.9954749193534359,3.3276846528818065,0.5654065776844024,10.26639606239683,5
8.667979602289359,0.30432544447699356,-0.0039605959158156056,2.0109564854345234,0.11162502396651075,63,246,0.994997269161032,3.4333757585301594,0.6726919447727805,9.632704625479425,8
8.377472127836484,0.5816505511428943,0.25234359032974907,2.4728125517571744,0.0011958472915265706,22,250,0.9940756216400386,3.174853038893914,0.5919742196402005,12.321932963618025,6
7.192279409070112,0.1594832791524319,0.7859418675308637,2.075548304032015,0.11570389353197237,70,168,0.997004894533458,3.38751644677471,0.6480362793014699,9.742937080858288,6
11.944704951853055,0.7058311274651288,0.10926508640605385,3.61991866271887,0.03155312282876875,21,65,0.9956821285293425,3.276976795204655,0.535540849860674,11.538617071453785,3
9.37766233794062,0.5945194964826086,0.5978233610888135,0.23716514818877707,0.10923056476266098,35,11,0.9951630579389656,2.9910292518887514,0.5410999120326542,9.249009435989427,6
4.857257602682068,0.5512059468627751,0.6055401628152882,1.0248446131951041,0.08057092271345737,5,202,0.9950586772765444,3.0620847511767053,0.5106455392922516,10.045053769793027,4
8.616972335108027,0.6965381967891028,0.1592823516584011,1.0050759097891298,0.0418424232241342,60,63,0.9989003852612693,3.2005531829866167,0.7933661186764468,10.902291225382386,7
7.174963009893741,0.8330948888925154,0.3837966158370551,3.830430628763006,0.06371854748292878,46,222,0.9979053608256834,3.3622730976523063,0.679220421822726,10.342163050395975,6
9.74913666915358,0.7028740130036261,0.5956793246257076,4.894858721614695,0.10745273827826804,50,31,0.9996607877122563,3.2006880317499045,0.806153640044923,10.643763021513053,8
6.9527147446644095,0.13182515373367093,0.1941744518025026,2.35377109404754,0.08423577812460938,48,10,0.9970580325997842,3.2113324893922934,0.8243157159724736,9.861165153975996,7
8.104948049506273,0.24408460665285966,0.22928392797952765,2.263649587533985,0.10337651921889937,6,25,0.9961139088805098,3.414489138281226,0.5718145643869356,8.802203848100406,4
9.158478374266778,0.37503628446086423,0.15366381721027125,2.598073028358454,0.15905762338061943,56,203,0.9959491950985101,3.2167481820825468,0.7998694473460558,11.865576384364712,8
9.771783830089207,0.5052182100421667,0.06704865386142664,4.126629623651466,0.017430335531557945,59,64,0.9939593969054771,3.4996210863051616,0.6475994772713164,9.922171622625932,4
6.259496108005181,0.6035318040938246,0.1401444909867986,1.2017056121331964,0.14468850299874497,29,247,0.9934771620164972,3.47476856097302,0.6230255040685272,10.689012455532339,6
7.731347899070388,0.35485123736930685,0.025211946647548698,2.8337165758286993,0.08417423750092852,71,151,0.9970146820437857,3.3032821980856975,0.8629024064323318,11.101957491632326,6
7.492592971026375,0.5373533528954156,0.27681669365184525,3.865276681695401,0.044048638067074875,18,278,0.9941306425790335,3.413019217748749,0.7441406386786235,10.708758204311394,5
7.18934030462469,0.3489234135293355,0.11600535378827172,3.201531837915783,0.026787454970440407,2,254,0.9964229155077344,3.392586068153457,0.5900878766391664,9.691408733061785,4
11.301272208477865,0.37769643940161035,0.31675718235814954,2.765414263238241,0.07243518436891866,8,19,0.9982309333661904,3.2631502086060893,0.7330948636395302,11.559764961951773,7
8.988468908633624,0.21866778063035552,-0.04117912924072546,3.9014645295939974,0.11686600447697837,54,18,0.9946690921339382,3.4292451994458215,0.4348288491311698,10.91367917502487,8
6.156497277630424,0.3153533507778191,0.33617604644289145,-1.2845252101989317,0.07489803518489864,38,49,1.0000209632691832,3.451335308308579,0.6920432067937349,10.59877365034523,3
9.86036530999312,0.22966307887673326,0.43670579232178497,3.4490254473432707,0.1404461972098939,48,24,0.9940186097581118,3.15713471538144,0.3950694363541088,10.57558480358589,5
11.907665534921478,0.30482534940453343,-0.1287471285142911,1.5842940436216066,0.021952972397937646,27,68,0.9979803895129797,3.323032295748111,0.48265206360240887,12.082262344257057,8
10.05519094293695,0.710728359321568,0.3448113139695144,-0.06288605559903952,0.07951644208615782,20,244,0.9968495123622647,3.3213755733864248,0.7493887487057502,9.669937780746851,3
5.717071057878178,0.3101202222336114,0.5155337984946585,3.215683639334973,0.02990426222347524,12,105,0.9983881904998922,3.4274429201176053,0.19605818043744228,10.815255828367746,8
7.476802076127373,1.0264764129674782,0.028071796261758916,4.423121963228141,0.09454527530499872,43,168,0.9937676047772807,3.233421247432599,0.9564270160427084,9.871370508399822,3
10.453748953617259,0.5986635801761778,0.6045144773675407,2.3075720795212313,0.11547549560389202,61,127,1.0006140418339071,3.2103359500835356,0.7918637625197822,8.463694193659997,3
7.0969619084480735,0.5369672247389747,0.35380380187320903,3.8340243660841136,0.06316952825275787,31,49,0.9956424498324342,3.325349949046673,0.3374493691767445,8.437265475137119,3
9.054493027848588,0.3283284439637573,0.12899762884831825,4.757189561184103,-0.02416855426508537,61,150,0.9973532958785986,3.477203883488036,1.0577447631378492,9.385363625023286,5
9.616877890829873,0.6400619758817983,0.2588461844684588,4.340880235017666,0.08795792587185979,67,55,0.998888974977893,3.1200934326885097,1.104597661722623,9.741556833987705,3
6.72421819831726,0.3848724347524452,0.3816653825043445,4.79595034111995,0.09746954206934037,35,70,0.9947906758650096,3.1462790769994307,0.6193164179717445,12.572949749360864,8
8.19880689469494,0.5244019629290723,0.2852010782824823,3.538978487500649,0.0961717901984679,15,169,0.9976514527258944,3.2219242638044117,0.49249685900095863,11.09838843430609,7
2.7898455218825773,1.012016907653759,0.37775119848927385,2.60560709446223,0.12943128767288617,16,146,0.994457060709557,3.248613439187767,0.936671607614487,11.18834302085942,3
6.558541009731708,0.48078802005507004,0.08586528138412676,0.25724786334396427,0.03715785281403804,13,133,0.9987939231609156,3.0351625796343726,0.591555676635156,9.762921493749644,4
7.870634142631628,0.7298546652571352,0.30387216480721563,2.155512516618072,0.10720864421801798,35,244,0.9944796385375425,3.524729293037272,0.6773767163281852,10.461327169519448,3
6.1787685906597565,0.35936471497482253,-0.012742899380996035,1.3194547665573322,0.127700300499119,59,192,0.9960770139649915,3.280454011297633,0.8569392547668705,12.706152984746215,6
11.07509921668378,0.4930023019006077,0.24775478773025994,5.539319804496939,0.008856496639739326,21,213,0.9966122414020239,3.257984321373004,0.6239030511551565,9.185582326222436,5
5.868759657466925,0.854160127127102,0.08921847170704206,2.2537598625947286,0.09278607303675909,54,225,0.9975685995394452,3.5433956307053123,0.6090207774461665,10.856238797367315,3
7.551924372615129,0.3746065884424465,0.12289401148204669,2.67248672949828,0.059832806759693144,30,195,0.9999369526168531,3.407669024268572,0.43369285387511286,12.011295766910264,8
8.522258981386356,0.8624897115993858,0.5172186350420875,3.2720795264566545,0.07673909307593417,48,242,0.995096062020771,3.2196867183999975,0.5428076737245374,11.36594308547224,5
10.750164591412396,0.6415503870910951,0.48826202411885383,2.561043424921435,0.09390705934153346,35,199,0.9982774695485472,3.324691176796223,0.6056691261364684,12.201539613925235,4
5.859034342994954,0.38750664482114644,0.3918276241814354,4.873071456603054,0.06051085743545791,38,264,0.9999405168972683,3.293739430143528,0.4394442578641066,10.61286525652713,4
10.277378378663432,0.6264815478111042,0.05153744706548421,1.6282908935717673,0.05297167683353553,31,251,0.9963314667217298,3.5172526285393912,0.45485091090440577,11.003453025187097,7
8.3173962037333,0.6945108899253459,0.20671831006103963,2.77245043733214,0.08136609669952098,24,141,0.9948997344997594,3.274886369747461,0.6557122238294782,10.509774386790372,5
6.631435293218484,0.6243619924434393,0.5126195399958368,1.4605411800227326,0.0365101624454879,49,285,0.9925399325211294,3.083691068721268,0.33555029523576674,10.933345559139582,7
9.085575906247561,0.1859550560219087,0.29834338272798094,0.651968484291012,0.03656699484459258,32,276,0.9997665515348221,3.0184163839792055,0.5005422873443737,9.484793587696577,5
8.6384014824749,0.35457256483502625,0.7338659079963389,1.6435232727326006,0.10717493131826014,55,176,0.9955111113401512,3.521274202111003,0.9805809789114939,11.192348408943683,6
7.27963130883005,0.45049627288969907,0.34866356787887437,2.448148484132223,0.03404823859365376,58,164,0.9939972830015389,3.181707795335605,0.5912703299861877,10.694248312767057,8
8.418663544483033,0.48511331417999076,0.3084098232980063,1.898976885675836,0.10665250003636847,3,206,0.9932833398315805,3.400531748344996,0.5699770206053453,10.462659366254547,4
7.644966885335009,0.6241344195101356,0.20817670715949974,1.5306106281766017,0.09850365171415805,69,50,0.9939935716192199,3.3107645146072575,0.5905092081324772,12.146391637815855,7
8.492979486927123,0.5355402001866507,0.2967081809564564,0.5311555508594328,0.010967730848376132,10,269,0.9978394105864543,3.237501781818261,0.5931940951527634,10.134614600895226,5
9.425622146685779,0.23293112825797974,0.23950603272389132,2.3836521983198273,0.0528974139065738,25,76,0.9981157370553495,3.261022887449531,0.7477277078725253,11.607822034620433,8
10.9962285874471,0.5760395702011927,0.4116217353377181,0.393391476356597,0.1277643761218949,68,108,0.997304243742911,3.53750668222943,0.7358272460402262,11.707278597099757,8
6.195713651994358,0.6221171490567646,0.4613404633589168,3.5640783491654435,0.040753378754412733,61,130,0.9962646756547068,3.0827904857035313,0.5835710697790316,11.255544384585464,5
11.926156736915654,0.611958089586208,0.11280210789841011,2.6154156541083045,0.0614238295076245,29,235,0.9935089588209973,3.242031715386611,0.6136476380665499,9.43490032926342,3
4.981450740811748,0.7161561451109244,0.0037534092884443943,0.45942790074909734,0.09848243573007587,19,151,0.9945401181081959,3.435984864102555,0.8731714300583101,10.759078297343155,6
8.041965338439509,0.6667844309097808,-0.09724107462065931,2.067107292130191,0.11133562037130382,43,202,0.9937867611786374,3.1075282487330615,0.3932481917400575,12.3584743011315,5
9.300139251023781,0.5918360158456873,0.3715982653825088,1.4469810321731837,0.06993844455822017,66,226,0.9971456420110525,3.4975924211666376,0.6402110571867174,8.581446465313297,6
8.777686175149556,0.4859668577082706,0.049326678765225285,2.9468443145868526,0.05609959221233434,61,65,0.9938733750422766,3.4338374573630435,0.6729919118597094,10.2123415057038,8
7.241410816304991,0.1678078132968018,-0.1605781185904966,4.376630624432402,0.1368947944679403,43,103,0.9945715077778928,3.3407693527698505,0.5179639137831504,11.5623085196682,6
7.946192174392633,0.5859236438265172,0.34771572090619285,-0.12524145750404225,0.14955598655190316,25,176,0.995633025514003,3.22452646435886,0.6304267774064795,10.284679400212362,3
7.461898411079985,0.5415375374326222,0.7685999034865582,2.661036510806384,0.11915432203127183,20,178,0.9926603996938073,3.0882650767224065,0.49501500166367984,11.209887816973874,4
7.298079913194841,0.5543157674390747,0.26878581769202137,2.2758140862067036,0.08341272570260097,48,156,0.9960935428616817,3.4060568841201104,0.7583187420192556,11.809191028599123,4
9.744323564935742,0.24465028483593806,0.43769815489032843,3.4398761070306514,0.047669371134362946,24,127,0.995785694237929,3.712296740172583,0.42250486856425556,10.632006283148803,8
8.906926326140582,0.2837886919183475,0.286365871709513,2.7984752795327648,0.04678222373773739,11,113,0.9983684182919234,3.3218838803875284,0.8305967226114102,10.908990520855541,8
7.122053688056889,0.7106305706665808,0.2502220693617715,1.4472429355656533,0.1009005642106303,55,9,0.9943602689099325,3.026093188390215,0.6375381232947752,10.491870933580202,6
9.829319788236527,0.492088969228669,0.45381529659755376,2.0533244900667347,0.09673592883554735,28,98,0.9934016089633754,3.368627473519012,0.5738342438962691,10.697805881970318,5
8.822409185490237,0.6363001394745249,0.21194509116226976,1.3855638004751154,0.13606394371785718,69,11,0.9952518807008174,3.429039445710179,0.47920149305877346,12.502602434896271,7
9.681865602026233,0.5056636752260919,0.3234784628143806,4.006409994038037,0.10601800370144557,63,111,0.993803817413128,3.1623221352156095,0.8252118253178691,10.336051507319352,4
9.370369031270142,0.5059512278991486,0.3343395612392027,2.529836308140719,0.019876787929607273,59,151,0.9960783091836263,3.2031732110865905,0.5391834372142269,10.04684596205442,7
6.890708481432477,0.6876567611951996,0.13638190927139027,5.161666960054211,0.12207790470891675,5,276,0.9922801302763468,3.187893265688056,0.45156774488593787,11.441754229019763,7
7.347692231665152,0.39679105435652523,0.4684084699073046,2.415074860659531,0.04007757490742348,51,101,0.9947893091932455,3.2202954199704465,0.8287487642313803,9.557077667758207,6
9.570399128709546,0.5192241553881967,0.2350080486609183,1.5082305263253521,0.06464114912190594,21,234,0.9941432566603555,3.274175532858293,0.49626801170590806,9.78527854273476,4
9.337629451236891,0.40754494225899146,0.11885096810143107,0.3807998503420421,0.09000800825006779,12,207,0.9971355141541721,3.1708648337259744,0.6339380065954372,9.791654706047378,5
8.26446729026095,0.4131007545135369,0.3773019687140807,-0.024395546758322933,0.1598266995913586,50,217,0.9943788705807493,3.114624338797166,0.7891966418753348,10.14412547754196,7
8.499456551624931,0.43816557530627215,0.09030640364179256,0.2822096797923145,0.20439674224021442,4,11,0.992527808482803,3.3261563078512526,0.6768527924727622,10.187800535129941,8
10.472030322840324,0.5444267543267426,0.27563623147382565,2.873977311416077,0.10426892236544731,42,117,0.9955963598061309,3.272600694020445,0.9442447627978956,11.099099589665508,5
7.29432863897909,0.4042502756673046,0.2681762006711593,3.2122150325219074,0.07267213525118449,38,111,0.996639772280549,3.234563734482477,0.5080584373910948,10.057638364741322,7
9.230065547989065,0.7511512251147042,0.4871791131663156,0.28633301715501336,0.10138022593922201,25,144,0.9954575896134785,3.312478457508227,0.614213072778044,11.139463469235187,4
7.956272490862381,0.3210785395560992,0.3649396465759906,3.7530536397065615,0.11550621703495345,14,101,0.9947773544415618,3.071973644166233,0.627359716154494,11.264180704841783,8
7.929941954513726,0.4626256711677282,0.2649946082509712,1.8237145276431848,0.06717329497771234,32,219,0.9946568757988314,3.339480438449514,0.7556099419375792,9.74648880066696,4
10.167920648378225,0.41205378834516504,0.43355325984005744,2.705510216779769,0.1518084542364929,11,27,0.9962258960648841,3.2376467699565654,0.8690659317324759,11.24270601869845,7
9.70320779327965,0.7893955768707466,0.5480415098034627,4.7571088795575935,0.08920283036765608,61,198,0.9942211025015208,3.3359234202169166,0.6625148066368786,11.333418482958288,6
9.682966381201085,0.5393109553023149,0.38156206127037245,3.7555750422117447,0.09990972356365577,18,155,0.9953430340571789,3.359947365812845,0.6265971488387517,8.639063563369142,8
10.51931397216236,0.706368907893727,0.27207052396867615,2.1240570929318348,0.10663697008217846,27,252,0.9975008931417747,3.4696726917429266,0.3978913824689229,10.693480952873967,5
8.335706530775692,0.20288792539260558,0.007632753529968091,1.2523308844185976,0.09686346442457823,55,272,0.9933973538421887,3.3154431625483367,0.6691048022654382,9.893591891699087,5
9.45932005120144,0.5534100531738517,0.056977267384925485,-0.5125415618610267,0.1135576200187845,54,256,0.9959126659605194,3.460007824508149,0.5394489983006029,11.703064980332442,7
7.772546513791125,0.6779261591246875,0.20895505912906648,1.4931853530606118,0.05530987253812306,21,8,0.992422021174406,3.251713028830486,0.7551341728017908,9.883393814726437,5
8.851082799230353,0.5164567978550848,0.14809755956814338,2.2044176656412278,0.05766792984215878,44,81,0.9964558593400199,3.2588733729953363,0.5803536878329353,9.06051684468933,4
8.078756807574937,0.7130960750130703,0.23260573940291082,1.1179486619883428,0.035993830681132204,5,92,0.9940423815784019,3.2863607740764484,0.6090915307570879,10.370183183331173,3
8.464893140487622,0.39654230997992557,0.28132998497942147,2.3162402460707736,0.09758004922480906,41,275,0.9980391836260616,3.4161187351017315,0.40175443752079315,9.503027695900883,4
9.311766943242754,0.781869488037116,0.3759385508713462,2.6075926361422757,0.11115746014048457,59,230,0.9930461053807093,3.394643861553437,0.34205314576036844,11.249585264537888,7
6.909024838503098,0.95977962472385,0.25590024438818176,2.18520162546869,0.09831091464607543,54,23,0.996884158073602,3.320260781979269,0.966367796831214,9.591387501118213,3
11.857058368665284,0.42743228791206817,0.3673003287652404,1.5899963868471565,0.14697969733390148,22,118,0.998442262157053,3.1158396987593218,0.672046264626097,10.382493550811724,5
6.589770451450508,0.41089949571984563,0.2828948829620241,2.736116540753419,0.07977615924683813,65,256,0.993938621197159,3.391958876364949,0.7187370311972034,11.945810427164165,8
6.235879358260856,0.7906768954235402,-0.12509331327077428,3.1187169093971727,0.10674966622370051,64,238,0.9942762301420102,3.1707893047825544,0.494909856258932,11.498528622214137,5
10.268788484950116,0.8159144291461425,0.08213292123624914,0.9734412915800157,0.03633196495442743,71,284,0.9941116087112468,3.162615390930042,0.7988390132203642,10.87783920328895,8
9.645826579736992,0.39542799456934635,0.24118248885567692,4.475305331644778,0.06451601190102396,4,207,0.9950282746231914,3.1292272365093474,0.7681737823037413,10.272422287447725,3
9.361003688988664,0.4159626365808285,0.02806105143177849,2.3619766148020336,0.1078215103026311,65,88,0.9970348435983789,3.2875246933796944,0.5135873769481224,10.78289645621109,4
9.368187365749277,0.4436430782278985,0.3899857459992409,2.5263894721227866,0.11396408442972576,15,130,0.9948649901322257,3.481758644770603,0.4698840759062842,11.088983952725055,3
8.279180486160246,0.2311098977931446,0.5761501664687395,3.4915001925591804,0.06824132209343271,22,180,0.9937580835495873,3.155195918342968,0.5254702937493637,9.413397636784511,8
6.774667568474087,0.31626961070316034,0.5137523703394634,2.8265025837689026,0.07713602992567734,47,74,0.9919624925868334,3.551786392976113,0.645191949719791,11.25133724392384,5
8.428867748929335,0.2991718466495864,0.2273114258139584,3.834391287478543,0.019285050132767625,46,52,0.9992038950130248,3.4364715333680356,0.6784081905338384,9.29830594744292,3
7.148825090429411,0.3464404869791743,0.5681452273699904,2.901973831282554,0.06571883196773562,14,261,0.9993609912608293,3.080309690512406,0.6565269814005706,10.972451935012277,5
9.957703546810178,0.4930630225226438,0.2997334914404224,1.642587675503387,0.11561532654079144,50,220,0.9971204740789769,3.2425837226732517,0.8707841184688347,9.293109595450359,3
8.050002451446366,0.546842946507304,0.20258280577639207,3.0061049352885423,0.10300820064426265,20,35,0.99437923261115,3.143962459951379,0.5284573354836701,12.362796243370614,6
6.896654765452731,0.8101000985628154,0.14731946729181206,0.8987833097510737,0.10002662885524839,50,286,0.9974954042302633,3.399743318660357,0.46526746152508364,11.16334162493704,5
7.753644069189912,0.3003291918522418,0.20950606270237435,2.6519835880871323,0.08199094748723841,33,242,0.9978974138349861,3.1517754978494383,0.6500168337148094,8.843974721214046,6
9.001983472268563,0.6968644796953167,0.19236463629175427,2.453478013097755,0.08028252634512706,59,253,0.9954915037371745,3.056832078441573,0.36217558130873906,10.399073373769847,4
7.341668260233243,0.4572022311548982,0.30408324447509755,2.2086363998184444,0.05358715442106212,43,30,0.9960827370879978,3.2511411334894365,0.7682753747468052,9.878577955915365,5
6.902225327537067,0.4901072580695134,0.30211479620997295,2.3200474839854968,0.1079531368081014,12,79,0.998463536458979,3.4754091110544385,0.6666537549609416,9.760273070218636,4
8.71426825953625,0.6349638984333207,0.2706092040306829,-0.13458866369669456,0.0968389177755756,40,211,0.9927190772858872,3.271122566423617,0.5925335330453092,10.547103526468419,3
8.71644317088483,0.27545559568754024,0.35738763394927,1.731785129162654,0.09968075391971197,20,99,0.9979968456462444,3.359766579503502,0.5830960115476463,9.472006250331502,3
7.43819660186908,0.5764819492368102,0.5081292549572684,2.6299828615975605,0.058958606293296786,38,132,0.995381692377287,3.3655846646320557,0.8046992829606096,11.161465764984436,5
7.499234880448852,0.5332904416426112,0.45991082708826475,2.7237989487963605,-0.006133716794849775,3,30,0.9937748433959779,3.0731586610888386,0.7992851490075503,11.104654086999343,6
8.694484893507983,0.5984902528016298,-0.0269795936899807,1.0612548027036588,0.12388610847014783,28,121,0.9939393870534113,3.165093880926802,0.60811678406973,10.751424774941986,5
5.838256619454549,0.5578337287815637,-0.24078422698039098,4.271990977210581,0.060846501759663836,56,53,0.9942705557309618,3.3009696280796392,0.7506007000048394,10.380495471459136,3
5.907311583559857,0.9910600279821788,0.4568639822478548,1.2873552124996992,0.04548896943827518,13,231,0.9935798585597976,3.2163967524516917,0.7967729785128576,11.059818285944983,5
7.078644823870859,0.3724520031497368,-0.0033757396830842155,3.8572400807374314,0.10773915647655975,66,271,0.999542777948778,3.5556681825591236,0.7070394583562012,11.191385506077985,8
7.93713984208986,0.3938006089996365,0.2250469196214633,3.098072106620359,0.06431949440323481,37,104,0.996982405877002,3.1157516407378663,0.6150709466631168,10.854917736741681,6
8.828542861516608,0.3753718947150471,0.0359773947881281,1.595281766218676,0.12239745536186487,49,16,0.9981289655072171,3.1636109845150724,0.7147985102734021,9.088125976819763,4
10.80810556881424,0.38890457616794905,-0.09039608751600393,4.985435249653316,0.1046802379830679,66,90,0.9971247365832333,3.343581638921962,0.4733552707020063,9.611613886130993,5
9.758021359443434,0.37252257453869647,0.37829254564095766,0.8289084355409281,0.10734277292801911,36,219,0.9961224552169403,3.2058159993325064,0.6620879467799674,10.131939078507887,4
8.028104499062175,0.7378033062215104,0.4218310320605294,3.786815843054002,0.02536177155197863,54,178,0.9961495106467313,2.866225110157469,0.6103685365435364,8.924209102150304,3
8.26767244656543,0.784100849597971,0.1546979198546561,3.9008152452601697,0.12847775941545603,26,214,0.9952049747221803,3.5902021844120724,0.5837228439551104,10.62400313333153,5
6.5957000801157255,0.3858507412501047,-0.24820845842898198,1.5611317072926971,0.09045002124935424,40,69,0.9953684352471197,3.138854192066027,0.3564914279832168,11.811005207323618,8
8.268527668812938,0.33352888537915426,0.16075111034950346,4.44945142009006,0.06522891443015187,43,263,0.9931837932523742,3.3841339084022706,0.475308382259887,11.651690366759592,7
7.8092803138357665,0.5942831112772808,0.3483608010805093,2.1499348795614663,0.08573553869369005,22,126,0.9981636523020805,3.1119913243163766,0.5673978798986851,11.139626144004875,3
8.848621552574754,0.38955539114380566,-0.02578231375482571,2.9041710809917998,0.008950590684067202,20,59,0.992373533427994,3.1705447639375515,0.8021566607085886,11.127711933871556,7
6.8937073959610515,0.6265863635511022,0.3066719839558311,2.864450574279709,0.09634611245922683,8,277,0.9938827788189416,3.056560049597814,0.6985899933686779,12.615295530963381,8
9.182889074209994,0.54058460417026,0.2669380301654009,2.311967761941233,0.03882513967271714,29,246,1.0000240682619213,3.1888209899605378,0.8097446221647434,11.243863832178363,6
10.905656152104383,0.1968511770005536,0.3858582999202177,3.635131582423695,0.025893188566258624,40,248,0.9962723457661297,3.2033577273827176,0.8612952750080222,11.325635686788347,7
8.115107747623343,0.8095010402660123,0.2939160736828307,3.610884208773098,0.019105632551284356,30,23,0.9963554208900604,3.280115148398265,0.7059825546924142,8.961085305663845,3
8.982909927568201,0.8591755346191043,0.0753862118236889,0.052055237466547076,0.124507534999597,55,192,0.9972746770955354,3.2441146736435322,0.6738498798156505,11.732818794356268,6
9.473244785908891,0.3774422619031228,0.5093143003328983,4.326076340029413,0.054829464252288455,16,149,0.9929193250137572,3.0837720259554255,0.4845910205635143,10.798497350305563,5
7.617925197794079,0.4224596880128032,0.238294085394606,0.1725112167500561,0.14134910839665998,46,267,0.99321241326706,3.221415025748411,0.9877341149774626,10.320215654567322,7
8.68095721907771,0.5571730781449811,0.26453909209801363,3.94556468607832,0.058567941477908086,62,244,0.9951102113069022,3.5170516000162206,0.4089665078092676,10.072361875931762,4
8.321407081329053,0.5668913579974051,0.08334640818536079,4.077387191558617,0.011705681696282132,7,81,0.9941932780849047,3.499258581811772,0.6701847949954441,9.851404563330755,5
8.466049367533016,0.631708854534566,0.18134354976169795,0.9726469976987225,0.03533902240205364,45,193,0.9958500880699812,3.3683530543372036,0.791575830602715,11.656776878360896,6
6.985883367445708,0.90204090775327,0.09303945719461983,1.9248599968635813,0.12943246480027754,59,251,0.9969710985906043,3.399464887011026,0.7939453881803274,10.371641070742626,7
8.341667296240203,0.4646105545011901,0.23541078801531543,0.95201346411969,0.0737640728825333,56,135,0.9987783260957412,3.6091234201703015,0.453634854625315,9.888321441129753,6
9.146597095117265,0.34034055109230926,0.6123416960284688,2.1991105575957706,0.058068508140375966,48,288,0.9976221766795792,3.3856871489382745,0.5786164895125097,9.628453195269886,8
10.766944133251572,0.22413615439709453,-0.004380228586271266,2.0687520021399624,0.08640072903411151,27,84,0.9940114465766221,3.3966284790806323,0.5141776887399973,10.570598794462857,7
9.930760404344852,0.3538139920116162,-0.05271227957534823,3.5915247451770758,0.1000713094467018,53,77,0.9952500718441044,3.0653125460829687,0.31332618097377646,10.040390295782217,5
11.960410177769646,0.4933746054252406,0.5642340654987218,4.334432244567452,0.12469595263609842,35,268,0.9947061096575007,3.133105415814279,0.6721555460966435,9.812244447500346,5
6.995509143090317,0.8589115727035576,0.2281352645696268,4.4539573351059385,0.13793996919571705,51,196,0.9939668782419753,3.2950964524498194,0.5280053826392039,9.01784403072453,3
9.782945082425153,0.3964777401927657,0.1361854522680167,1.712964762790377,0.06560925416843658,37,68,0.9935116497746443,3.1788836662388626,0.9059319884009287,11.359357359504498,7
8.6116814097552,0.5447575903277797,0.47798093747921533,2.207089376757661,0.026958092556718462,57,17,0.999328624775449,3.150306706946524,0.7545796544920742,10.261976724550234,4
12.022664986470044,0.49671542078544956,0.1488768920526272,0.1431865308906701,0.06346139355506895,8,146,0.9960212844864653,3.1676311427651624,0.6570383315363981,9.31476134297598,5
6.925892914896243,0.7376786546896168,0.6352019427093872,1.371781906905336,0.09041122026331545,20,259,0.9955515395867905,3.0864644036728306,0.5696410794969523,10.128763858667117,6
6.8724728682926814,1.0053864851747243,0.40558517426785384,3.8507922863364406,0.04144964295157556,53,48,0.9969685151331886,3.181292327087692,0.6695697318635647,10.949132055965618,7
7.2810325027451634,0.39382624541593586,0.17241771837085948,4.761815952967524,0.041713963404198286,12,22,0.9970674922074831,3.350915333221635,0.6065014512943174,10.428840871603311,6
4.689377268673329,0.40211211149635556,0.7014616426531007,0.7719115793681093,0.09375151526199542,49,68,0.9982376513074128,3.5694485889727026,0.6618216485118285,10.59099374777061,7
7.406216463142707,0.7088321754138144,0.14885701539933233,1.670550037185948,0.07805390593718195,17,258,0.9945126767732665,3.4195473274070425,0.9732780810414348,10.44254825799031,6
7.009474475358714,0.6363782979252622,0.41841907440186143,2.463031940257502,0.08131187981646346,64,13,0.9968054444337456,3.395423322755915,0.46899145359089484,9.123144223558919,3
8.555669437009554,0.8693414651472068,0.3298585160812984,2.892225622347449,0.049660186611997226,42,95,0.9941776520472984,3.0564699923402388,0.6213308823297935,11.34850854326353,8
8.880985158821172,0.6167856370651927,0.5303482578797597,1.3665550721096955,0.0707839714317693,29,213,0.9956196841125226,3.3178945057533022,0.770086028051378,8.691753839618068,3
11.489490426667007,0.4281415818425881,0.5823022393453706,3.0936854622497254,0.043030674229267825,19,123,0.9961134851343241,3.289956014505429,0.5819760568964099,10.861536574611442,6
9.915720524916287,0.6181309661384619,0.27640082981315334,1.8366249141007174,0.11560793644499147,11,180,0.9963089679914381,3.3436111645426765,0.9186921129034229,11.015570921495446,8
7.3192637853739155,0.7217407161165815,0.11931642593076332,2.479766820770409,0.12140997338895011,50,81,0.9962206422116944,3.245896879578381,0.7653380560120125,10.180156296220817,7
6.772695058707792,0.6640964362394729,0.3619944285878233,3.2647979472051794,0.006152485510476246,71,106,0.9976036619650899,3.5493115111522,0.527788629421164,10.753422523805558,5
9.13626259156106,0.6014548062214595,0.1344569260495788,2.508991177735313,0.0428195655923036,58,156,0.9948060232180485,3.3079163274446732,0.684691679386747,10.122864530759779,7
6.055603548064909,0.7133349379178308,0.6726774495053246,1.889059753262804,0.020138829796396838,34,275,0.996363348545807,3.3225335032405305,0.5302165151880738,10.765495203091115,4
11.413479901952401,0.7338591180891346,0.2973070662165475,2.346546274503837,0.05399904262372407,20,76,0.9944821903209592,3.0056339662729723,0.5145680865598039,11.392922543518905,5
10.30504820522619,0.7764317982075054,0.19693568973757827,2.3762918571125304,0.07666248120838556,50,185,1.0018415051317717,3.283998647708352,0.6261663434493713,9.607873573614665,3
7.502401391422002,0.6297419775179285,0.3069360611729817,1.9819845581650208,0.022014191212058797,10,129,0.9941742713644728,3.472388902504595,0.8648393975233027,11.073964858952303,7
5.387671300545509,0.46657638393662915,0.0005747420940607057,2.1376855122660565,0.04312560747498748,32,200,0.9945986946913109,3.3833363412211552,0.7767256567634019,12.092398002388112,8
10.601583036081204,0.5293427372866646,0.0756771922978697,4.738106038706603,0.03984170511674007,52,233,0.9977652961540262,2.9766613590385336,0.6461618068954665,10.66456526253436,4
8.105282263070551,0.7413017933016713,0.5100827815888851,3.2852872271177342,0.08829069317595777,15,280,0.9951410697129977,3.2325487390280663,0.7828016531164068,9.896895775578589,4
10.404287730354886,0.3366128658025528,0.13862114420572086,2.0863275547591753,0.08277377348145001,3,111,0.997766092255402,3.5597849201044505,0.6956651807706908,12.663232839085536,8
5.589472980049576,0.5737346617745802,0.060617803463612084,3.4757361663150297,0.05113049786650987,37,26,0.9963060451874518,3.2774038919577713,0.4511181856437011,10.488706239044758,7
7.281062460978587,0.42133223753452786,0.3773305505054573,2.032652714341586,0.08707283488557592,40,69,0.9951936214668924,3.3483623974066687,0.6253266047379873,10.631529903802877,4
8.308914289520912,0.5057489645869635,0.5071408309325994,4.142374492621298,0.058132796616509386,40,170,0.9944944893017504,3.542851393093095,0.6375628686831509,10.652374209533606,7
8.379867009400062,0.7556903725214598,0.41379066213301335,3.0174990690773313,0.06913379558695787,56,32,0.9944223268767263,3.276807878767964,0.7794873572774136,10.847863327599281,3
7.534888698485287,0.5382198136039806,0.4692095371611633,2.3497769983940797,0.1469380836119415,23,153,0.9952153579949745,3.4186544789936852,0.5537000148976435,10.061125054551015,3
9.358844884990749,0.5092873096312298,0.11864098228610785,3.126803696134388,0.1336184420716139,11,286,0.9956512073633104,3.361709381573754,0.49484702213766896,10.589990860704171,6
6.48504527004959,0.22802877180401612,-0.014362133348368748,0.3007733871041011,0.028016750522896094,64,169,0.9943362375131523,3.3937723295265587,0.6422570173462429,11.35218374343677,8
8.057954875463802,0.6492507132054441,0.5702667303910974,0.9225255435262727,0.11318929671516698,8,229,0.9957815351396269,3.3568823485250205,0.540277834320926,10.026598978765245,7
8.504502573910228,0.6290968362282151,0.20546403223157286,0.8285049910413226,0.11245586217966369,56,277,0.993811769414664,3.2178555182227817,0.5950034326707818,9.980006022873305,5
9.174546017899875,0.9326509446610921,0.21983339670899055,2.7001203326691896,0.03406946844989527,60,151,0.9975118024331927,3.2328303672865992,0.6362504726085085,10.107915524531348,3
9.509745292751113,0.4384443530093999,0.5356388283698116,4.9255209992791285,0.11275110575019442,10,35,0.9978947247989199,3.171813572944751,0.5848824921668426,9.302227182015818,6
6.388108443875623,0.5438300655327878,0.381246001880132,5.623820204669685,0.1415172767365021,39,50,0.994591349619583,3.0540436321694564,0.8137410662849788,9.717160538148432,4
5.692005909749443,0.5498767367421511,0.36117755441632154,3.39327154201706,0.035098207750223445,28,280,0.9944796538897696,3.486679486601496,0.8904301680207517,9.676420076359905,4
10.472050597227467,0.8154906559526949,0.7030004689802168,3.2011822649222395,0.04329988715942946,49,39,0.9963558336140197,3.301512445032181,0.7966948263028965,10.399477476331972,6
8.864933820365307,0.4809408935226096,0.1412963539239714,-0.021480827813834376,0.1207064586737401,36,146,0.9985307321860631,3.4791240273786683,0.34889648192367323,11.236145655705768,5
7.02757288785386,0.5558043051540679,0.4555680256162475,1.7402566803723696,0.09085981243302592,13,226,0.9989733273285063,3.5348059011876973,0.5408644774086881,11.853714096879472,8
10.93695835838829,0.6215793019433078,0.2814026249794169,1.3971027473284656,0.10205905100958093,36,27,0.9931945145535275,3.3080126221364314,0.6196291397645268,10.457188617191864,4
8.496646878297861,0.5373218246312716,0.3237184557726515,1.6308133624484376,0.09362356865601987,26,185,0.998012609659303,3.102976630246406,0.33613354591048705,10.856469751428708,8
10.304805212908505,0.41071327708989436,0.5756936852825064,2.264598653981295,0.09562783683712577,4,236,0.9958768933241297,3.2705717781221297,0.5010984080846224,10.643393805907696,3
8.414781418397187,0.5388179985796615,0.3715671512579248,1.839073191224022,0.02694111486755668,64,43,0.9959156205990789,3.1993284589855318,0.6174569052304665,8.306561044793341,3
11.803271472299379,0.7147263499719544,0.3776592158099266,-0.2710197345261026,0.12189270826485793,38,75,0.9970094247313012,3.0029774311417516,0.5736744062080595,9.252109088139726,3
11.284079432153447,0.29469694011778796,0.4845014674619605,3.5470743585645472,0.12678359969711095,22,121,0.9950380850591678,3.224740664260668,0.6514705301425162,11.16126429116474,3
7.876760947585576,0.5265939348293752,0.19700945409142295,0.998159763964271,0.07082437023727889,2,244,0.9981934012642166,3.289269418190323,0.41525917858291783,11.25848517191958,3
9.951670616622405,0.35997583701216535,0.10215806653219874,2.8349456097556094,0.0782609220074455,31,153,0.9988479245435397,3.2035013406353015,0.5717520003781379,11.235608025119971,3
9.39713911429475,0.7390093257849685,0.06103816119579329,5.4037157376499625,0.018755699897771098,11,14,0.9989225685550704,3.184268236957277,0.6758246576235185,10.222188015536611,4
10.626673647804994,0.19536261904324503,-0.12327131787520036,1.2128615717790074,0.1005701902407134,46,55,0.9923121704234694,3.1083696266800565,0.651734250142228,8.405165539399025,4
6.6596301170138235,0.3882156305456823,0.6812414259880645,-1.0424025318448613,0.10288229766856577,62,10,0.9955406854625432,3.3293883222531413,0.7259719082001401,9.37147501432083,6
9.466287481997348,0.5754423750129042,0.04935832685566338,2.099594089367845,0.07751235932002756,69,131,0.9921295388303845,3.580390392482436,0.7160576415395807,9.524492154352838,4
10.0993216276443,0.8131048058468681,0.2257492752828456,4.041343488998,0.12497413439482011,64,80,0.9944694398761134,3.491793583207672,0.580791815311792,11.028768579090713,5
5.310142873080706,0.4868499477854024,0.21463734002221588,5.241686435908831,0.06663691076080239,10,170,0.9912050022577407,3.3980440331980444,0.6704202101227708,10.042628903583404,4
6.288460528468183,0.38896009466136033,0.33148133956182013,0.7786305677666165,0.10258423703574401,40,283,0.996900533269279,3.401311367839656,0.5140011739018437,12.090400508130418,8
4.83330529780783,0.876231413888118,0.43314744250785936,3.1953789125311305,0.039213426452315375,24,82,0.9964386192711604,3.2801035283611313,0.604061185765361,11.867638337860758,6
7.842008381444253,0.21039721991675117,0.4420946976719491,1.8485653605079253,0.07905791396503048,44,142,0.9951347977868865,3.0293230231069437,0.47054502976855,12.073698446220863,7
9.519821834853136,0.060238808675983586,0.15338451228621233,2.35167230397421,0.07302582968388657,60,111,0.9944177037788994,3.244585246580895,0.8311221534869639,9.483487006356778,7
10.854006988563249,0.5880028900106665,0.23657565724271773,6.202080685823849,0.08901231688163766,62,100,0.9966280632487073,3.154608346900177,0.6035059689097756,10.890891212141572,5
8.425961126713618,0.39958915512947774,0.32651599009765997,0.39584154024678564,0.06521892284666567,17,140,0.9939771558572578,3.3232045124017984,0.8308703858587708,9.922475911062131,3
11.068646427471197,0.29575343657385733,0.2202617747632906,2.855235526092403,0.07474109617313329,65,73,0.9938410757704653,3.484982205590813,0.7029543316770358,10.727871818233291,8
5.953827521034685,0.6416712894598706,0.5914691152039986,3.1547704404716064,0.11304188685766026,57,152,0.9935951675961305,3.596011438537269,0.4994374155184407,9.59438625725604,3
5.404249853096238,0.5487601427542398,0.3681949903276503,4.020100854915086,0.0625294305104713,55,164,0.9955923181385227,3.30969315467708,0.6926881218302584,11.626156367551456,8
8.20556891187575,0.3871842738526543,0.41697555720996354,2.637176414859254,0.015736915970452826,53,168,0.9948353848609345,3.0499265494233967,0.7876521050649337,9.613068449796115,6
8.952911263196823,0.2439391202658211,0.40257625373348255,2.931270755305743,0.14998335616821684,56,194,0.9952315239630727,3.3094014075242963,0.6368112654275726,8.452760975328903,4
8.244418928240043,0.6744914656560289,0.504694771497065,1.9516920056094929,0.13525816314761946,9,100,0.9970436174800374,3.3134784244370072,0.6625849898980107,12.433780815743162,3
4.785348429932211,0.6300402355917322,0.3062043117407414,2.8767777177431504,0.028309492195775256,22,186,0.997926593209719,3.4018265805789296,0.5562522575796367,10.842496679567931,8
8.14849593282826,0.4801648272441234,0.010633610408830693,2.0195308143036255,0.10758831220980777,13,192,0.9989009615697918,3.2971206674398754,0.6540975485011491,9.330873235581873,4
6.082401849141751,0.8693273992095332,0.34993759035052835,3.3702006457984712,0.059881009177946275,48,143,0.9961202739559366,3.3099777410941016,0.6904426920963641,10.237728884930863,5
9.438443333011065,0.2859830467347695,0.1397286212416342,1.9825455295389125,0.09053948861324239,18,135,0.9966951782051255,3.205190886316941,0.5516013115998533,9.823142905283117,5
8.923217018364642,0.19489496581505222,0.16427666365004864,3.027940551463061,0.09176896516053976,40,199,0.9963776927142618,3.253214702533668,0.46651969076445876,10.40574144680444,6
6.702204363243497,0.3616183860237511,0.3872728037510187,2.45903206084103,0.07062368798734713,17,278,0.9926516286023722,3.376984864022277,0.8689549849291431,11.20278083591482,7
7.426426240527622,0.49088279672890045,0.5176566142867272,4.076470351081035,0.04864937337654414,15,149,0.9952606058880579,2.998727442578475,0.752700486017406,11.045779092903631,6
6.499337012788783,0.5486678898645384,0.27425431534721234,2.4280487869761194,0.052378357907349626,15,21,0.9952698035545187,3.252406715150426,0.5568981220868647,10.653729020508514,5
8.19344553463561,0.451752788428734,0.3317666025197928,0.017754544510366156,0.043352323380750304,63,250,0.9949783743484608,3.4031849951993864,0.6873417337168694,10.40525311330951,6
9.923741944852106,0.5704110793028594,0.6104429889270476,4.266690100999588,0.04672711167078221,39,112,0.9959181213427624,3.5461093411508298,0.3986416264955918,11.478670757528011,7
6.624265721229577,0.24969211516191112,0.3181506358977137,1.2319747787923336,0.07731286839802579,13,93,0.9955610388935714,3.240249533380464,0.3138979344352395,8.474541781663106,6
9.156879076380337,0.788752920814652,0.790336622836079,1.5847271258916522,0.05136960043556993,32,134,0.9940273464721499,3.477805467123568,0.8343026248712262,9.651067306739563,4
7.398562048766851,0.48356976432148624,0.38310192912630886,1.666074188339111,0.1072820826285048,9,9,0.9956979480923059,3.5535035768126915,0.6890236938444619,9.421337166743832,6
6.952116185154016,0.7234591663176256,-0.08215255183116354,4.424213330439144,0.1394898462134371,40,100,0.99472189920583,3.242192639840598,0.6418905801876152,11.406257773002892,5
8.118048388077252,0.5685450692755408,0.42066832422090655,-0.48994389957017415,0.05679787034519828,20,214,0.9907615145461662,3.216268720075227,0.689551724818202,9.66090738432153,8
6.540088051887065,0.5913506438307568,0.34623167697655555,6.892847947123992,0.08957618002141508,63,230,0.9932058621593791,3.272688829486211,1.1984423820163492,9.114044607709552,7
7.358796180909791,0.6139534560464407,0.5279505508165492,3.9784795326924725,0.09998740441211736,44,52,0.9961778286516262,3.2877072322405354,0.7977461986617052,10.949327546116933,7
6.263607582598959,0.589541712003463,0.40463627025399174,2.8125344797808234,0.09888009083677098,38,186,0.9981837826283082,3.463623400178328,0.47227515471628284,9.491252419090275,3
11.640032725957862,0.6285445519735088,0.24230880320324524,2.423148399137199,0.0830382107166435,60,111,0.9911455934846435,3.1839412230735604,0.36433601337354476,10.049273517491642,6
8.35994803835194,0.7658305060264863,0.025140352742126858,2.8997757048007196,0.10970729673438889,71,204,0.9942592167324927,3.53070981541582,0.8292710797711008,12.781143900881698,6
7.110466636412606,0.539304233940294,0.22819534854279497,3.229571399731074,0.0992899581072263,48,111,0.9968629076679895,3.179886367091067,0.7955362952191012,11.187138554003473,4
8.663765848248177,0.6418007515177024,0.09989590915814005,3.40330182033008,0.030493503106908088,18,285,0.9977563909275063,3.1103362620573654,0.747760330483575,10.188959392585327,4
8.10904231552559,0.48205286114255463,0.15389531003905546,3.277846252404828,0.11476624257557093,16,265,0.995159772876848,3.3785665817338018,0.5118105647471032,10.278871874055817,4
7.924351680793523,0.7880234430898946,0.38771568088412195,2.6254129537573485,0.11549163349066968,55,113,0.9946344352831579,3.484584064330381,0.7117585162802759,11.307487586221473,6
9.344083390073823,0.36472153958814607,0.6039809008702813,2.2237262115697436,0.04946855583285674,39,24,0.9984394214997804,3.326798322151937,0.5270313213136109,11.062870430104631,8
9.58776310708042,0.8601880865821632,0.34893430596459624,2.2882174028850835,0.08151751341790409,68,176,0.9975921854119971,3.365262659694941,0.7626729206235634,10.475599489450937,6
7.398148049062104,0.49196840987113133,0.030823387592963134,2.2271284075062465,0.10733315971244278,59,200,0.997717236796152,3.5931445857037967,0.8170516742362981,10.503559942239425,8
7.321108990904045,0.21384497957639034,0.35892053364402815,4.08727813561389,0.07162744721682554,62,17,0.9950638719950186,3.4866979172302948,0.5576096309989791,8.920151519562028,3
7.832412114842206,0.5256208829821578,0.5093262973291303,3.3309794111932067,0.12291912191064047,13,200,0.9982273884753674,3.304638812667375,0.8424077274066221,8.709989449931063,3
4.386734019949507,0.3637896685050238,0.14804341913612357,-1.616544088529992,0.17455489978477443,6,288,0.9921098625342726,3.2353279675227093,0.6695249079256607,10.223177724226495,4
5.724175194262462,0.6681287097977449,0.24319656666541647,3.418261087141665,0.04856055869460071,60,187,0.998262460183318,3.464258829972208,0.7336184461151375,9.766714814653856,7
10.623686254655691,0.3694752041395218,0.27293763894583944,2.772630672606285,0.024758215873849007,14,149,0.9958669356931162,3.424392587013883,0.4273623281725633,10.986079034340364,6
11.096445112952184,0.4107633133570441,0.11302033738355201,2.4738077409757437,0.09215274382419503,54,187,0.9962578683824956,3.3627865023990124,0.6894764660123329,10.597179743805626,6
7.876638732754158,0.12209185381089378,0.39965608676877185,1.9560741656755598,0.10886250020504575,4,35,0.994109494683845,3.250947947100977,0.5351506541395065,9.62722560650562,7
9.280146837194804,0.40953873615018466,0.2458103702784437,4.073757807980419,0.07076534504620924,39,89,0.9923719473037836,3.2885415545599748,0.7306876871824095,10.563198459496357,3
8.829125262724013,0.01522413467420864,0.35390648878140557,3.826537046972001,0.13813042653284138,25,171,0.9962154082955834,3.2778720653072915,0.8994176538407146,9.981767214445078,6
13.534097374373905,0.1832194353028553,0.09250156443957999,1.4179712650469474,0.02645576801107005,32,286,0.9971027890991828,3.2534446824628054,0.6992184355837799,12.46660137801403,8
10.203277349438782,0.6520829312288595,0.18250833993531793,3.069873201974349,0.10771674492126444,59,101,0.9974053847696376,3.2098277795106025,0.4968546659063588,10.786242298962957,4
8.082540094482697,0.6571600317301665,0.4144762715655543,1.1396805716421998,0.055765567169644266,63,271,0.9971895571916491,3.339779795392245,0.7564992356021897,8.839393012967072,3
6.675581250979277,0.585091512356993,0.19543336958164662,0.5685345692954977,0.14877511624829187,38,230,0.9967363233901069,3.2030527056345983,0.7183040867839118,12.220515100219583,5
5.569041255562127,0.30660477137415737,0.615392770246681,1.6225958855740488,0.15970061412672473,53,47,0.9941524271276141,3.32660687563717,0.9999622968880526,9.76685099604275,5
8.64588818097428,0.49045772877160404,0.19007276287707955,3.707350861335862,0.04933373648866608,67,251,0.9975349521450401,2.985019015167143,0.6931745533531605,9.425263009219831,5
7.014203733016685,0.49927949218188633,0.3149369451503772,3.8343750635265215,0.05801771456365679,28,213,0.9939287553050493,3.2100188747098777,0.5504692514919084,12.54368665254352,7
5.882168693683955,0.26832706216149155,0.456518166374618,3.21831958813621,0.11438351547919208,3,242,0.9982141284721303,3.464749380104107,0.7810090083598843,10.745836657795564,5
7.200826096787705,0.8006796603534302,-0.013673146586606337,3.5151341015871957,0.06451477400841941,22,27,0.9958320362623877,3.1649356161803266,0.6282947277080492,11.100766007205486,7
6.461368393855529,0.6754724581151342,-0.08216176239615518,3.2226496019609416,0.07818355128271047,38,190,0.995898581560269,3.3888152941564713,0.6636426682510016,11.133060115872151,5
11.16814077962336,0.4558071652340672,-0.035131262914018954,1.601925766687867,0.0810155368216964,62,247,0.9977318532366102,3.177407437495038,0.4921590748361561,10.194010283762196,6
9.798787586814067,0.5053771677989062,0.5225168206854365,3.104691562543517,0.003213073752093747,57,288,0.9980029372510683,3.416367848518983,0.6291860818234197,9.827594729813681,4
8.28644650976175,0.5416765615895105,0.15962837082151066,3.6205733353187552,0.07944649015623051,6,46,0.9975412773579003,3.2554336579202188,0.6552367985733741,9.99074254506226,7
10.815905036113046,0.09165302631514186,0.7816398571336505,3.5560078617390043,0.05241088903743304,32,167,0.9943590843008887,3.249503009345207,0.6281807251247308,12.008866279244033,7
8.431526123000952,0.4505645234958806,0.1571504802685223,4.1644787200645,0.06027508710400912,10,165,0.9975253391008772,3.308152721782052,0.5495491483867604,10.603787553206809,6
6.8358168577419525,0.3636031504004403,0.3069102606394074,3.4916253860814894,0.13774528013875256,3,94,0.9943704207800591,3.0984859549317454,0.6989989521587002,11.712915039716137,8
10.889310931358418,0.2996759980210169,0.5784219905135751,2.992027490558216,0.02973972422882975,59,17,0.9975758028034554,3.445813622813469,0.4930096891368883,10.323554872771503,7
9.21614707426392,0.443779941422809,0.6712185776318246,3.9982103336429984,0.1125282074699191,49,78,0.9931496736078754,3.4955150162273605,0.45297091791092087,9.644616422656256,5
6.536681537645025,0.8595373053699046,0.6823007153272796,2.462870237051316,0.06884148278672766,59,81,0.9958126398761232,3.245995275450756,0.7706211490234949,8.957783526131946,3
7.976424247257866,0.628168572253402,0.5116732461186285,1.2653754882811947,0.06880959326016663,31,206,0.9943582177209886,3.378630625635232,0.7550175302748383,11.048003185154041,7
6.811448969245913,0.38576420204344064,0.4748125051622925,2.2717062504787306,0.11161487584206846,69,15,0.997739871304896,3.4168366020318084,0.4277072382843401,12.094098078411974,7
5.949240457360629,0.6145165562712317,0.38850538984023664,1.4571362972709714,0.09360205178275562,62,231,0.998230333548178,3.2863113671502555,0.33897564210648135,9.5140269917535,5
