DayID,AQI,PM25_Density,Temperature,RespiratoryAdmissions,RiskLevel
1660001,155.9,64.0,108.5,298.1,Medium
1660002,415.4,352.4,350.4,493.2,Low
1660003,385.0,349.6,201.6,466.0,Medium
1660004,23.0,281.2,83.8,157.1,Low
1660005,394.8,77.0,106.3,472.1,High
1660006,302.0,371.4,446.9,267.2,High
1660007,303.7,452.8,337.6,112.3,Low
1660008,353.9,48.7,25.4,317.1,High
1660009,499.4,229.8,309.3,471.8,Medium
1660010,430.9,260.2,335.0,212.2,Medium
1660011,247.5,490.7,410.4,205.4,Medium
1660012,137.4,417.1,326.9,103.3,Low
1660013,60.6,402.3,358.1,357.3,Low
1660014,231.5,,62.3,75.8,Low
1660015,105.9,367.3,256.0,448.5,High
1660016,397.7,458.9,247.1,58.8,Medium
1660017,178.8,19.6,454.6,245.6,Medium
1660018,410.9,274.5,149.0,389.6,Low
1660019,119.6,487.7,200.3,151.9,Medium
1660020,140.8,144.8,242.9,242.6,Medium
1660021,420.1,397.1,429.5,296.3,Low
1660022,372.7,325.0,330.8,392.4,High
1660023,222.4,83.7,410.5,418.9,High
1660024,135.5,153.4,497.1,288.1,Medium
1660025,239.9,83.3,144.6,473.8,High
1660026,59.1,209.4,337.5,166.7,High
1660027,163.8,150.3,197.0,293.5,Low
1660028,267.6,401.6,422.0,332.8,Medium
1660029,195.7,425.1,62.1,182.5,Low
1660030,260.4,294.4,397.3,348.3,Medium
1660031,74.0,213.8,423.7,343.0,High
1660032,133.0,256.7,43.2,402.4,Low
1660033,233.0,476.2,153.4,22.0,Medium
1660034,421.1,117.0,22.4,364.3,Low
1660035,330.1,,344.1,261.0,Low
1660036,361.4,65.1,433.6,123.2,High
1660037,275.5,96.9,446.2,106.9,Low
1660038,116.4,158.1,440.4,130.1,Medium
1660039,185.7,,15.8,96.4,Low
1660040,136.9,402.5,206.3,390.7,Medium
1660041,450.8,395.3,423.7,125.1,Medium
1660042,455.1,449.6,494.3,170.7,Medium
1660043,82.6,44.6,365.3,394.0,Low
1660044,452.2,133.2,60.7,202.0,Medium
1660045,359.9,118.6,425.0,339.5,Medium
1660046,364.1,309.5,126.8,192.4,Low
1660047,297.6,190.3,346.0,132.7,High
1660048,146.1,95.1,214.0,216.2,High
1660049,70.4,400.2,72.1,264.4,Medium
1660050,150.9,251.3,92.1,141.3,High
1660051,361.7,110.2,10.6,473.2,High
1660052,449.8,10.8,451.6,110.9,Medium
1660053,142.2,466.9,293.3,19.3,Medium
1660054,341.1,162.5,170.7,60.9,Low
1660055,178.2,45.9,387.5,319.1,Medium
1660056,229.5,226.3,386.1,102.7,Medium
1660057,453.0,,478.0,493.5,Medium
1660058,194.7,335.7,312.5,399.1,Low
1660059,456.1,407.8,246.5,470.3,High
1660060,295.5,363.8,363.5,461.7,High
1660061,183.8,232.8,440.0,473.9,High
1660062,358.3,455.7,100.5,128.8,High
1660063,160.5,493.9,409.4,112.4,Low
1660064,464.1,326.9,342.5,270.0,Medium
1660065,419.4,150.3,467.9,102.3,Low
1660066,167.6,202.8,494.4,346.3,Medium
1660067,154.5,442.1,479.3,16.4,Low
1660068,331.6,337.9,258.4,73.9,Low
1660069,445.6,467.5,25.8,99.3,High
1660070,172.0,14.0,219.0,334.6,Low
1660071,493.4,351.2,269.5,482.5,Low
1660072,445.8,432.8,42.7,328.0,Low
1660073,218.5,337.8,260.2,128.3,High
1660074,231.2,166.9,276.3,206.6,Medium
1660075,214.2,385.7,307.1,221.9,Medium
1660076,74.9,111.2,334.8,169.7,High
1660077,396.4,306.5,133.8,344.0,Medium
1660078,278.1,313.2,347.7,225.1,Medium
1660079,63.3,84.9,62.9,409.5,Medium
1660080,121.8,387.2,434.7,378.7,Medium
1660081,161.0,248.2,311.0,61.5,Low
1660082,43.2,120.9,12.2,476.2,Medium
1660083,199.8,87.6,364.3,253.2,Medium
1660084,448.5,65.8,135.7,269.2,Medium
1660085,469.6,394.9,136.6,263.3,High
1660086,454.2,71.1,182.2,146.6,Medium
1660087,200.5,266.1,454.0,452.5,Low
1660088,386.6,362.3,340.1,345.3,High
1660089,317.5,120.8,341.5,333.8,Low
1660090,124.0,292.3,248.4,219.7,Medium
1660091,139.0,441.0,113.7,388.7,High
1660092,232.2,301.0,428.6,474.5,Medium
1660093,473.0,172.6,181.0,434.1,High
1660094,168.1,450.9,306.9,62.2,High
1660095,28.0,499.4,229.8,76.6,Low
1660096,79.4,253.4,245.7,121.0,Low
1660097,228.6,84.0,41.4,43.0,Medium
1660098,227.7,451.4,404.0,154.9,Medium
1660099,313.2,286.5,12.7,186.9,Low
1660100,154.7,273.5,289.4,468.0,Medium
1660101,239.0,410.6,205.8,201.5,Medium
1660102,307.0,251.5,263.0,325.7,Medium
1660103,310.5,,301.4,379.3,Medium
1660104,499.3,167.5,57.6,463.1,Low
1660105,348.8,355.3,459.9,235.5,High
1660106,51.9,44.4,32.6,87.5,Low
1660107,86.7,493.0,330.2,100.4,Medium
1660108,470.1,451.7,363.2,337.1,High
1660109,403.0,415.6,232.6,450.3,High
1660110,359.7,221.8,241.4,268.3,Medium
1660111,343.2,144.1,131.7,222.0,Low
1660112,309.4,98.3,299.3,372.3,High
1660113,452.9,169.4,389.4,269.3,Low
1660114,70.6,368.8,179.3,389.3,High
1660115,281.1,80.2,17.2,62.6,High
1660116,176.1,459.6,351.2,184.0,High
1660117,311.2,133.0,413.5,58.2,High
1660118,194.2,162.2,66.1,215.6,High
1660119,21.5,189.8,338.7,333.1,Medium
1660120,80.4,338.9,397.0,115.0,Medium
1660121,251.7,424.4,355.2,47.6,Medium
1660122,473.5,478.3,172.8,353.3,High
1660123,368.6,123.1,112.1,499.6,Medium
1660124,352.5,344.3,493.0,68.2,High
1660125,489.3,235.3,494.7,95.8,Low
1660126,103.9,239.8,141.6,215.0,Medium
1660127,277.6,46.7,11.4,133.4,Low
1660128,435.3,365.4,425.4,246.6,Low
1660129,354.7,152.2,231.2,229.0,High
1660130,213.5,41.5,204.2,328.7,Medium
1660131,423.4,190.8,65.9,175.4,Low
1660132,495.6,464.2,349.8,388.9,Low
1660133,468.9,498.5,190.2,413.7,Low
1660134,262.2,323.6,274.4,424.0,High
1660135,208.4,51.4,359.3,86.9,High
1660136,403.1,24.1,42.0,311.9,Low
1660137,178.1,123.7,123.2,58.4,Medium
1660138,373.9,88.0,140.7,357.8,High
1660139,431.4,201.1,454.8,374.0,Medium
1660140,412.2,136.7,432.3,272.6,Low
1660141,62.3,186.7,92.9,153.2,Medium
1660142,407.1,62.3,267.3,188.6,High
1660143,382.6,296.6,141.7,355.3,Medium
1660144,211.1,305.5,453.7,304.8,Medium
1660145,21.3,461.7,385.0,194.5,Low
1660146,176.3,233.1,76.6,68.5,Medium
1660147,453.6,445.1,448.5,435.3,Medium
1660148,456.5,176.0,351.6,102.7,High
1660149,85.9,72.9,33.2,269.0,Medium
1660150,281.7,68.9,38.2,150.4,Low
1660151,142.1,410.7,27.6,196.5,High
1660152,363.5,246.6,256.3,318.3,Medium
1660153,245.1,229.4,397.9,455.7,Low
1660154,50.0,367.6,130.7,411.0,Medium
1660155,35.7,136.0,61.3,370.1,Medium
1660156,219.9,228.0,471.5,182.5,High
1660157,79.0,319.7,288.8,145.1,Low
1660158,264.4,128.6,75.8,211.1,Medium
1660159,237.6,398.6,437.9,25.3,Low
1660160,357.2,273.6,146.0,369.0,Low
1660161,260.2,126.1,242.7,274.8,Low
1660162,250.5,432.1,348.0,176.1,High
1660163,85.1,293.7,67.3,313.0,Medium
1660164,252.2,42.2,95.9,386.3,Low
1660165,389.1,62.0,256.6,200.1,Low
1660166,251.3,221.3,132.7,178.3,High
1660167,79.0,58.6,335.9,243.1,High
1660168,91.0,21.3,107.2,498.9,Low
1660169,420.2,487.1,321.0,446.8,High
1660170,472.5,221.7,230.5,313.7,Low
1660171,34.5,374.4,146.3,15.5,Low
1660172,447.6,278.8,248.0,70.0,Medium
1660173,378.3,82.6,298.8,232.8,Low
1660174,263.4,60.6,395.9,381.7,High
1660175,453.8,363.8,484.7,312.4,Low
1660176,408.1,62.6,21.2,491.5,Medium
1660177,292.7,331.1,444.6,291.6,High
1660178,278.3,38.5,317.8,431.6,Low
1660179,414.0,360.8,465.7,248.7,Medium
1660180,95.0,336.0,307.4,30.9,Medium
1660181,19.2,328.3,190.5,276.9,High
1660182,334.0,306.5,369.0,131.6,High
1660183,373.4,155.0,258.0,80.7,Medium
1660184,431.5,37.9,198.6,104.9,Medium
1660185,225.8,334.5,191.4,274.4,High
1660186,288.2,166.5,115.8,334.5,Low
1660187,207.9,229.6,34.0,447.8,Medium
1660188,205.9,498.7,353.9,349.8,High
1660189,493.9,290.0,247.0,382.9,High
1660190,277.3,60.5,289.4,75.5,Low
1660191,378.6,426.8,173.5,145.1,Low
1660192,242.1,127.2,51.2,115.6,High
1660193,134.9,60.3,89.8,449.5,Medium
1660194,445.6,206.1,233.2,205.1,High
1660195,350.8,178.2,22.0,420.1,Medium
1660196,190.1,136.9,265.2,222.2,Medium
1660197,292.1,239.8,129.1,431.8,Medium
1660198,476.3,159.8,370.1,459.6,Low
1660199,95.2,255.4,22.6,390.1,Low
1660200,416.6,360.8,317.5,487.0,High
1660201,495.1,214.8,157.8,195.0,Medium
1660202,96.3,165.6,43.0,184.0,Medium
1660203,185.4,,33.8,494.0,Low
1660204,130.5,425.0,330.0,135.4,Low
1660205,445.8,182.8,200.0,245.6,Medium
1660206,118.1,173.0,230.9,448.6,Medium
1660207,92.0,419.6,386.6,489.2,Medium
1660208,235.6,301.3,446.9,46.6,Medium
1660209,223.5,254.1,461.7,54.7,Medium
1660210,454.1,322.1,149.1,450.6,Medium
1660211,379.5,418.6,418.6,51.2,Medium
1660212,244.4,329.5,449.7,49.8,Low
1660213,384.9,233.1,323.4,432.7,Low
1660214,320.5,414.9,320.2,170.9,Low
1660215,276.2,,442.3,187.6,Low
1660216,203.3,164.3,56.1,495.8,High
1660217,422.6,275.2,40.1,23.5,Medium
1660218,143.0,323.5,475.6,227.7,Low
1660219,290.6,75.7,274.2,372.5,High
1660220,317.9,222.4,416.0,277.6,Low
1660221,387.1,139.5,62.0,210.8,High
1660222,121.0,373.6,346.8,401.4,Low
1660223,410.8,,183.1,370.6,Low
1660224,286.0,143.0,35.3,386.7,Low
1660225,430.7,460.9,201.7,362.6,High
1660226,109.2,151.1,70.5,407.3,High
1660227,357.6,302.5,423.7,307.4,Medium
1660228,61.3,334.9,384.0,28.7,Low
1660229,32.9,221.1,59.5,162.6,Medium
1660230,333.7,381.7,255.9,88.0,Low
1660231,266.9,102.8,214.0,361.2,Medium
1660232,16.4,33.3,111.5,50.6,Low
1660233,453.1,195.7,15.8,361.6,Low
1660234,139.3,183.0,160.5,202.8,Medium
1660235,492.9,290.3,251.8,113.6,Low
1660236,484.2,244.7,457.5,28.2,Medium
1660237,257.2,487.3,46.6,64.9,Medium
1660238,336.5,250.2,177.3,186.2,Low
1660239,396.7,124.5,227.0,432.6,Low
1660240,344.3,412.0,13.8,338.8,Medium
1660241,202.8,349.3,369.5,234.7,Medium
1660242,31.1,471.7,222.6,51.1,Medium
1660243,471.8,244.8,406.8,408.2,Low
1660244,236.3,363.9,221.1,62.9,High
1660245,34.2,225.7,140.9,137.1,Low
1660246,332.3,180.4,51.9,300.4,High
1660247,54.7,473.5,83.4,484.4,Medium
1660248,212.3,241.4,22.8,234.7,Medium
1660249,488.0,265.1,482.6,262.3,Low
1660250,32.3,467.0,84.7,323.5,Low
1660251,241.5,192.7,269.0,314.2,Medium
1660252,219.7,447.3,220.7,331.1,High
1660253,398.2,48.9,453.9,34.7,Medium
1660254,135.8,211.5,132.8,202.2,Low
1660255,63.9,83.3,87.7,491.3,Medium
1660256,112.8,367.6,251.2,480.5,High
1660257,433.9,254.3,189.9,45.6,Medium
1660258,475.5,381.4,41.6,84.6,Low
1660259,85.4,49.3,297.2,139.4,Medium
1660260,317.5,434.3,61.9,69.8,High
1660261,31.0,465.8,293.3,422.0,High
1660262,397.6,135.7,251.1,299.6,Medium
1660263,289.0,,372.0,264.4,High
1660264,19.8,334.6,346.8,278.1,Medium
1660265,117.5,12.0,319.1,18.5,Low
1660266,406.2,259.2,222.4,376.8,Low
1660267,382.0,118.7,409.3,390.9,Medium
1660268,449.2,88.3,397.5,126.0,High
1660269,374.9,326.3,233.2,164.3,Medium
1660270,433.1,87.8,214.2,464.6,Low
1660271,196.4,381.6,194.2,47.7,Low
1660272,485.1,281.9,73.4,360.7,Low
1660273,286.9,228.2,212.0,70.2,Medium
1660274,441.6,121.8,328.8,284.4,Low
1660275,164.2,496.6,267.7,436.8,Medium
1660276,167.3,174.9,221.4,76.0,Medium
1660277,224.3,78.7,99.5,258.4,High
1660278,181.0,28.4,310.2,436.2,Medium
1660279,269.4,396.7,457.9,369.1,Low
1660280,390.6,135.0,435.0,439.8,Medium
1660281,252.8,136.6,429.4,232.4,Medium
1660282,108.9,368.7,92.2,356.4,Low
1660283,190.9,128.9,317.5,33.0,Low
1660284,437.7,421.0,21.1,245.4,Low
1660285,266.5,156.5,308.5,343.2,High
1660286,114.9,452.2,119.3,133.3,Medium
1660287,196.8,486.5,245.0,202.2,High
1660288,146.2,305.8,363.7,339.6,High
1660289,410.2,249.1,191.4,127.3,Medium
1660290,317.0,75.0,85.5,217.2,Low
1660291,288.7,402.5,229.7,452.7,Low
1660292,96.7,207.3,191.4,215.1,High
1660293,29.1,92.3,22.1,385.8,Medium
1660294,230.5,331.4,376.9,398.6,High
1660295,398.8,342.7,270.0,124.4,Low
1660296,384.0,13.8,288.8,416.8,Medium
1660297,120.9,393.1,82.8,334.5,Low
1660298,291.4,415.0,438.3,319.7,Medium
1660299,472.3,240.9,126.0,145.7,High
1660300,378.0,,479.3,244.3,Low
1660301,360.8,196.2,347.4,455.0,Medium
1660302,270.3,15.1,480.1,463.1,High
1660303,312.9,434.8,203.5,197.6,High
1660304,141.7,284.0,412.2,262.0,Low
1660305,225.1,288.3,458.2,432.2,Low
1660306,300.3,451.0,88.1,370.3,High
1660307,397.1,49.9,259.5,115.3,Medium
1660308,493.7,327.7,263.6,314.5,Medium
1660309,388.0,151.7,12.0,139.8,Low
1660310,39.4,96.7,370.0,386.3,Low
1660311,430.8,174.4,241.4,463.2,High
1660312,423.5,137.6,468.3,100.5,High
1660313,429.4,470.0,310.0,204.0,Medium
1660314,114.7,292.7,453.2,318.3,Medium
1660315,385.3,99.1,20.6,460.1,Medium
1660316,131.9,13.3,103.5,356.0,High
1660317,63.9,363.6,304.1,464.7,High
1660318,53.1,292.8,391.7,202.3,Medium
1660319,279.1,245.7,408.0,292.5,High
1660320,33.5,455.2,105.4,330.2,Medium
1660321,28.4,27.3,470.9,350.0,High
1660322,341.6,476.0,76.5,388.5,High
1660323,483.0,448.2,304.3,96.4,Low
1660324,345.8,277.5,317.4,58.4,Medium
1660325,311.9,276.0,199.4,16.8,High
1660326,314.1,387.4,286.7,186.1,Low
1660327,240.5,153.3,336.5,87.2,High
1660328,159.5,87.9,486.9,201.8,Low
1660329,486.2,210.1,187.6,142.3,Medium
1660330,387.8,100.2,422.4,42.0,Medium
1660331,214.4,295.9,238.4,359.3,Low
1660332,472.9,150.8,354.9,217.9,Low
1660333,112.1,229.3,447.4,68.7,Low
1660334,154.9,236.4,50.1,110.9,Low
1660335,418.3,114.8,436.0,39.2,Medium
1660336,322.8,381.0,411.3,49.0,High
1660337,136.9,311.8,443.6,38.2,High
1660338,206.3,210.2,289.8,154.9,Low
1660339,429.0,16.0,401.3,82.3,Medium
1660340,37.7,232.3,299.4,215.3,Low
1660341,273.2,104.5,96.1,465.9,Low
1660342,34.2,156.3,413.9,282.6,Medium
1660343,355.9,497.0,280.3,193.5,Medium
1660344,370.2,336.0,128.6,33.1,High
1660345,158.8,198.6,122.8,71.5,Low
1660346,300.8,472.5,268.5,433.1,Low
1660347,435.5,216.1,359.0,232.6,Low
1660348,376.8,428.5,79.3,172.5,Medium
1660349,399.3,77.7,50.6,303.4,Low
1660350,456.8,305.6,338.6,30.0,High
1660351,116.6,304.2,316.6,411.4,High
1660352,17.7,370.8,94.9,97.4,Medium
1660353,483.3,142.0,388.4,376.3,Medium
1660354,136.2,334.8,189.5,98.7,High
1660355,198.1,191.1,181.7,189.1,Low
1660356,87.5,29.9,441.6,94.5,High
1660357,412.8,,16.5,200.4,Medium
1660358,464.1,188.2,88.4,328.8,High
1660359,468.7,362.2,118.6,315.4,Low
1660360,22.1,154.7,499.6,17.1,Medium
1660361,257.5,338.6,154.8,398.3,High
1660362,32.6,13.7,364.0,155.2,Low
1660363,411.1,31.9,209.4,24.8,Medium
1660364,83.5,496.1,45.0,361.4,Low
1660365,362.6,355.7,112.2,89.6,High
1660366,98.5,366.7,69.1,158.4,High
1660367,333.4,371.4,205.5,200.6,Medium
1660368,149.9,341.8,219.7,188.9,High
1660369,197.9,468.0,53.2,458.8,Medium
1660370,392.3,322.4,91.6,403.6,High
1660371,69.7,390.3,92.9,448.8,Medium
1660372,92.3,132.0,341.9,186.0,High
1660373,389.9,70.5,246.7,450.7,Low
1660374,46.5,461.2,472.7,288.9,Low
1660375,103.7,283.5,447.7,215.0,Medium
1660376,446.9,406.2,171.8,291.4,Low
1660377,434.2,47.2,269.5,143.9,Low
1660378,56.7,411.8,248.5,454.6,High
1660379,99.7,294.8,368.3,391.0,Medium
1660380,493.3,38.7,435.3,489.9,Medium
1660381,417.2,55.6,416.5,283.2,High
1660382,454.2,141.1,83.9,432.4,High
1660383,442.2,454.3,21.1,348.5,Low
1660384,299.4,93.5,194.8,57.0,Low
1660385,49.6,498.4,277.0,452.4,High
1660386,115.1,87.4,28.2,376.5,Medium
1660387,130.3,446.0,379.2,343.8,High
1660388,280.4,86.0,294.7,342.2,High
1660389,99.7,255.1,42.9,138.2,High
1660390,325.2,164.2,492.0,246.6,Low
1660391,462.4,286.8,138.4,475.6,Low
1660392,73.5,99.4,185.6,434.5,High
1660393,302.5,55.0,382.2,140.4,High
1660394,255.2,497.3,461.3,228.1,Low
1660395,39.7,159.5,188.3,471.2,High
1660396,205.4,423.8,352.1,338.3,Medium
1660397,286.4,244.3,424.0,288.8,Low
1660398,42.7,111.5,78.6,448.7,Medium
1660399,241.7,152.1,390.3,214.4,Medium
1660400,445.3,102.7,123.2,176.4,High
1660401,458.6,250.9,265.1,256.1,High
1660402,333.7,195.6,395.0,359.2,Medium
1660403,497.0,59.5,465.9,412.7,High
1660404,206.0,181.5,410.4,312.5,High
1660405,227.6,262.2,297.4,300.6,Low
1660406,145.1,219.8,154.3,413.2,Low
1660407,462.4,466.9,333.0,159.0,Low
1660408,57.5,256.1,217.9,452.1,High
1660409,206.5,348.8,147.6,485.7,Medium
1660410,476.8,367.3,56.9,389.2,Medium
1660411,184.9,247.7,57.2,74.4,Medium
1660412,384.5,76.5,346.9,338.4,Medium
1660413,340.4,489.8,87.6,258.2,High
1660414,491.3,455.2,18.2,298.8,Low
1660415,175.3,92.0,383.5,137.2,Medium
1660416,410.3,162.0,53.2,388.1,Low
1660417,470.0,101.1,12.7,31.8,Medium
1660418,436.4,242.3,303.2,261.5,High
1660419,455.5,497.4,162.4,265.3,High
1660420,420.2,154.2,320.4,399.3,Low
1660421,115.4,65.5,472.0,496.5,High
1660422,188.4,173.8,170.7,182.1,High
1660423,71.6,55.8,194.1,236.4,Low
1660424,240.8,120.2,482.7,131.3,High
1660425,243.3,127.4,270.6,379.6,Medium
1660426,190.1,187.2,301.7,43.6,Low
1660427,419.4,414.9,416.2,130.7,High
1660428,63.5,423.6,36.1,58.2,Medium
1660429,178.6,20.8,444.2,459.4,High
1660430,55.5,116.8,163.1,110.7,Low
1660431,451.9,64.5,80.6,178.4,High
1660432,379.5,17.2,276.9,53.4,High
1660433,378.4,202.0,473.5,272.3,High
1660434,233.3,25.0,472.5,54.8,Medium
1660435,476.5,205.9,63.3,393.1,High
1660436,330.8,166.8,270.2,470.9,Medium
1660437,435.2,381.0,185.7,279.0,Medium
1660438,11.8,422.9,49.6,366.9,Low
1660439,394.7,462.1,286.1,278.0,Low
1660440,435.8,351.6,219.3,448.8,High
1660441,11.8,57.6,189.1,205.2,High
1660442,490.9,291.0,408.6,38.7,Medium
1660443,472.8,211.9,259.7,47.6,Low
1660444,205.8,396.2,333.0,283.2,Medium
1660445,443.7,42.4,84.4,219.1,High
1660446,16.1,324.4,326.7,166.8,High
1660447,483.1,141.1,244.1,316.2,Low
1660448,396.2,188.1,67.3,287.5,Low
1660449,71.7,365.0,349.8,137.2,Medium
1660450,23.4,185.8,264.1,241.5,Medium
1660451,339.0,204.3,435.5,464.8,Medium
1660452,240.5,329.2,256.5,275.9,Low
1660453,148.2,477.9,331.5,339.7,Medium
1660454,148.3,145.8,21.5,244.6,Low
1660455,478.6,430.8,435.8,421.2,Medium
1660456,233.7,96.6,361.1,285.8,High
1660457,128.4,135.4,55.3,137.7,Medium
1660458,26.3,282.0,44.8,153.9,High
1660459,244.8,227.7,92.0,62.0,High
1660460,177.7,367.5,327.5,212.1,Low
1660461,26.3,365.5,30.5,394.5,High
1660462,394.4,29.2,273.8,105.0,High
1660463,40.6,69.4,38.1,78.3,Low
1660464,239.6,407.6,88.3,404.9,Medium
1660465,49.8,36.4,215.9,269.7,High
1660466,105.3,491.7,286.4,492.5,Low
1660467,413.3,434.0,338.0,348.3,Medium
1660468,400.0,314.8,166.8,105.6,Medium
1660469,200.6,323.3,44.4,432.9,Medium
1660470,362.9,266.9,451.8,191.9,High
1660471,173.6,276.4,262.2,284.2,Medium
1660472,327.5,102.4,389.5,164.1,Low
1660473,278.2,387.4,205.5,63.7,High
1660474,381.0,386.8,350.1,285.0,Medium
1660475,478.8,495.5,406.3,163.9,High
1660476,162.7,204.0,101.8,472.8,Low
1660477,66.7,301.7,141.4,68.8,High
1660478,247.7,416.6,326.0,313.1,High
1660479,226.3,448.6,155.4,496.6,Low
1660480,302.6,153.3,336.8,477.8,Medium
1660481,158.5,295.2,197.1,276.3,High
1660482,267.8,391.4,312.0,273.0,High
1660483,174.3,149.7,87.4,179.1,High
1660484,52.3,251.7,494.6,319.8,High
1660485,242.4,302.0,15.9,254.1,Low
1660486,352.4,252.0,196.0,150.2,Medium
1660487,497.3,236.7,438.3,363.3,Low
1660488,21.0,192.9,200.1,44.5,Medium
1660489,80.8,21.7,369.3,456.5,Low
1660490,493.7,414.0,111.6,155.5,Low
1660491,196.4,361.9,405.7,437.8,High
1660492,267.8,347.4,40.0,14.7,High
1660493,53.3,137.4,66.5,441.6,Low
1660494,238.6,31.3,183.3,144.2,High
1660495,127.8,10.8,172.8,125.3,High
1660496,25.3,89.5,443.8,258.0,Medium
1660497,482.4,206.0,266.7,451.9,Medium
1660498,238.3,163.6,137.7,40.0,Low
1660499,267.6,126.0,230.5,476.5,High
1660500,224.8,489.7,427.9,89.1,High
1660501,293.2,87.1,401.3,459.4,Medium
1660502,89.4,330.5,385.4,31.5,Low
1660503,340.2,344.1,219.3,39.7,High
1660504,256.5,304.2,485.9,36.7,High
1660505,99.0,156.9,396.8,86.0,High
1660506,111.9,23.0,315.1,291.7,High
1660507,410.3,259.9,37.7,390.2,Medium
1660508,298.4,282.0,391.3,155.0,High
1660509,69.7,147.4,41.9,274.2,Medium
1660510,274.3,,86.5,114.6,Medium
1660511,32.7,288.5,348.4,495.4,Low
1660512,189.0,247.6,360.2,326.1,Medium
1660513,284.2,378.4,30.1,264.2,High
1660514,488.5,492.5,119.2,455.3,Medium
1660515,288.0,469.7,247.9,173.0,Low
1660516,385.6,430.6,307.9,317.4,Low
1660517,246.8,436.6,115.6,274.3,Low
1660518,10.8,462.9,218.1,73.6,Medium
1660519,413.5,230.4,28.9,309.2,Medium
1660520,314.4,162.0,18.5,265.1,Low
1660521,188.2,181.9,22.9,239.5,Low
1660522,186.8,17.4,167.4,344.4,High
1660523,287.0,170.6,54.7,87.0,Medium
1660524,349.1,53.7,431.1,336.2,Medium
1660525,93.1,415.3,21.8,187.0,High
1660526,414.7,,182.8,78.7,Low
1660527,69.8,33.8,311.2,72.9,High
1660528,404.4,351.1,354.6,458.8,Low
1660529,195.1,281.1,468.8,200.4,High
1660530,455.2,151.6,437.0,81.5,Low
1660531,396.8,163.3,350.1,21.2,High
1660532,235.2,418.0,460.3,351.8,Medium
1660533,311.1,51.5,11.7,480.0,High
1660534,10.1,102.3,102.5,65.6,Low
1660535,384.4,272.6,188.2,28.4,Low
1660536,296.2,458.5,174.3,214.1,Medium
1660537,323.2,98.8,238.4,216.7,High
1660538,311.3,486.2,102.7,81.5,Low
1660539,133.3,140.0,385.2,327.9,High
1660540,88.2,380.9,162.3,349.4,Medium
1660541,497.2,263.4,193.4,437.0,Medium
1660542,206.0,22.9,152.8,263.6,Low
1660543,15.8,129.1,426.8,261.9,Medium
1660544,281.8,243.8,499.4,367.2,Low
1660545,182.9,350.9,197.1,440.8,Medium
1660546,140.7,105.0,259.7,482.4,High
1660547,176.6,132.9,169.5,285.9,High
1660548,150.5,351.2,372.3,325.6,High
1660549,13.3,240.6,396.2,426.8,Medium
1660550,363.2,90.6,499.1,20.6,Medium
1660551,140.9,154.7,130.2,260.4,Medium
1660552,380.2,235.7,158.5,172.3,Low
1660553,336.1,73.8,196.6,307.6,Low
1660554,379.1,336.4,482.7,490.2,High
1660555,355.2,437.8,178.7,369.9,High
1660556,213.5,202.6,486.9,481.6,Low
1660557,116.8,108.1,48.6,271.2,Low
1660558,372.9,448.7,475.0,109.5,Low
1660559,154.7,129.0,76.9,402.4,Medium
1660560,98.9,243.5,210.9,385.9,High
1660561,29.6,138.4,257.6,171.7,Medium
1660562,26.9,447.2,369.2,435.7,Medium
1660563,40.8,396.6,186.0,111.6,Medium
1660564,192.4,133.2,452.2,28.4,Medium
1660565,448.2,146.0,78.8,77.8,Medium
1660566,11.4,466.8,14.8,469.1,High
1660567,397.3,64.6,443.5,267.4,High
1660568,324.5,483.9,112.8,55.8,High
1660569,290.2,31.8,166.4,225.1,High
1660570,198.9,346.5,465.9,375.9,Medium
1660571,159.9,195.8,46.2,405.4,Medium
1660572,236.8,334.9,255.4,68.4,Medium
1660573,377.0,358.1,113.0,101.4,Medium
1660574,441.6,235.6,349.0,346.5,Low
1660575,346.4,495.4,71.9,365.3,High
1660576,156.0,238.7,348.3,75.7,Low
1660577,20.5,330.6,107.0,27.8,Medium
1660578,104.3,10.8,310.8,58.9,High
1660579,97.7,117.1,186.6,76.2,Low
1660580,398.0,228.5,33.7,92.4,Low
1660581,51.3,122.4,82.7,237.7,Low
1660582,293.9,270.1,297.1,316.3,High
1660583,146.8,39.6,201.1,374.4,Medium
1660584,118.8,149.1,380.9,297.6,High
1660585,330.1,269.7,60.1,233.3,High
1660586,133.9,270.0,445.5,418.2,Low
1660587,127.1,260.6,128.5,138.2,Medium
1660588,81.9,237.7,21.4,53.2,Medium
1660589,146.4,436.7,276.3,211.6,Low
1660590,340.8,476.9,226.7,155.2,Low
1660591,106.6,139.8,290.2,171.5,High
1660592,64.2,270.4,363.0,136.7,Low
1660593,14.7,134.9,124.7,20.3,Medium
1660594,67.4,162.5,476.7,313.8,High
1660595,117.1,289.7,336.5,292.3,High
1660596,414.9,199.6,255.8,52.3,Low
1660597,413.2,404.2,34.8,260.0,Medium
1660598,103.2,499.8,90.1,146.1,High
1660599,14.0,51.6,39.5,351.6,Medium
1660600,423.4,159.8,30.8,233.7,Low
1660601,385.1,387.2,262.4,183.9,Medium
1660602,196.6,115.8,444.3,111.2,Medium
1660603,429.8,10.0,147.0,174.2,High
1660604,335.9,125.5,385.5,354.7,High
1660605,456.1,326.3,354.6,104.0,High
1660606,17.6,239.2,280.8,345.4,Low
1660607,76.0,277.4,162.2,426.1,Low
1660608,302.4,489.6,441.3,304.5,High
1660609,99.5,391.7,494.6,102.8,High
1660610,390.9,278.4,290.4,495.4,Low
1660611,119.0,175.3,238.8,21.5,Low
1660612,245.7,249.3,23.3,61.3,Medium
1660613,460.7,250.0,77.8,475.9,High
1660614,19.7,133.5,16.0,492.1,Medium
1660615,372.0,97.7,438.6,323.4,Low
1660616,167.8,243.5,127.5,213.4,Medium
1660617,170.1,284.2,441.0,292.3,High
1660618,35.0,24.5,463.8,192.0,Low
1660619,178.5,312.2,183.1,166.8,High
1660620,434.4,338.8,122.8,19.6,Medium
1660621,362.5,271.5,37.6,77.1,Low
1660622,456.8,382.4,441.1,41.9,Low
1660623,248.0,309.0,34.0,91.2,Low
1660624,140.5,401.9,263.0,402.6,Low
1660625,234.4,103.9,479.0,458.2,Low
1660626,184.5,358.1,402.8,342.7,High
1660627,306.4,194.8,310.2,22.2,High
1660628,26.4,460.8,72.7,150.9,Medium
1660629,489.9,111.5,326.8,361.3,Low
1660630,122.7,403.4,212.8,185.5,Medium
1660631,175.2,101.3,372.6,405.1,Low
1660632,145.8,373.7,213.6,16.2,High
1660633,240.9,457.8,367.4,21.9,Low
1660634,384.2,445.9,330.0,317.8,Medium
1660635,269.6,209.9,115.2,65.5,Low
1660636,316.2,356.5,341.8,32.7,Medium
1660637,479.0,90.2,242.9,146.7,Low
1660638,315.9,319.0,479.2,172.9,High
1660639,103.1,263.8,25.6,162.6,Low
1660640,369.7,95.4,479.7,368.2,High
1660641,473.5,424.3,54.0,131.9,Medium
1660642,71.7,480.5,257.8,328.2,Low
1660643,129.8,183.5,296.6,470.0,Medium
1660644,290.3,71.2,484.3,348.7,Low
1660645,417.8,105.2,446.8,170.2,Low
1660646,190.0,341.5,404.0,487.1,Medium
1660647,74.9,121.7,113.5,139.5,High
1660648,116.1,360.6,172.4,266.1,High
1660649,441.7,,420.9,152.9,High
1660650,418.2,170.5,189.8,392.6,Medium
1660651,440.7,228.2,388.9,313.7,High
1660652,60.9,399.2,474.4,42.0,Low
1660653,427.0,461.4,116.1,293.1,Low
1660654,175.8,454.4,243.6,98.3,Medium
1660655,419.1,496.3,201.8,378.4,Medium
1660656,369.5,340.3,241.6,271.8,Low
1660657,252.6,36.8,132.2,248.5,High
1660658,79.6,383.3,81.7,50.2,High
1660659,376.4,450.7,25.3,104.8,Low
1660660,382.9,485.4,65.1,114.1,High
1660661,107.3,402.7,159.8,199.2,Low
1660662,403.4,483.0,218.4,451.2,High
1660663,390.8,222.4,496.2,459.8,Low
1660664,240.1,462.7,166.2,379.0,High
1660665,480.4,372.0,372.3,238.5,Low
1660666,88.3,166.2,207.4,344.1,High
1660667,156.2,133.9,320.2,242.6,High
1660668,409.9,49.4,493.9,151.3,Medium
1660669,189.7,129.5,431.7,435.0,High
1660670,488.7,438.8,248.7,400.2,High
1660671,231.3,67.8,162.8,404.1,High
1660672,455.3,88.4,465.8,15.4,High
1660673,58.4,80.1,362.4,148.6,Medium
1660674,402.5,233.2,440.4,238.3,Medium
1660675,466.0,272.0,290.6,314.3,Low
1660676,244.5,457.2,447.7,147.6,Low
1660677,218.2,229.4,24.7,288.1,Low
1660678,203.0,66.6,357.7,242.6,Low
1660679,58.1,312.2,263.5,213.1,High
1660680,275.1,292.5,435.8,466.2,High
1660681,298.1,284.8,453.4,473.7,High
1660682,422.5,103.6,146.1,274.5,High
1660683,151.3,323.6,273.7,77.3,Medium
1660684,422.5,289.9,207.3,424.6,Medium
1660685,343.1,277.8,41.6,34.6,Medium
1660686,427.8,338.7,171.5,71.2,Low
1660687,240.1,180.3,152.0,479.0,Medium
1660688,226.2,333.7,254.3,110.9,Medium
1660689,65.1,212.8,61.8,224.1,High
1660690,263.6,433.1,42.8,325.6,High
1660691,264.1,87.4,90.4,224.5,Medium
1660692,50.0,18.2,187.2,445.2,Low
1660693,297.6,392.1,331.2,239.7,Medium
1660694,87.0,355.7,438.2,67.9,Medium
1660695,195.5,428.0,384.7,261.1,High
1660696,275.4,289.7,227.7,62.9,High
1660697,175.4,476.2,70.4,405.9,Medium
1660698,297.7,378.7,245.1,22.3,High
1660699,18.5,302.7,283.5,182.9,Low
1660700,327.1,80.6,376.0,477.2,Low
1660701,352.6,464.6,63.8,451.5,Low
1660702,243.2,138.4,150.8,341.1,High
1660703,242.9,192.2,188.4,253.6,Low
1660704,315.4,327.0,487.8,368.1,Low
1660705,184.2,214.3,415.7,472.0,High
1660706,426.2,487.3,121.8,364.4,High
1660707,479.6,87.8,208.6,290.0,High
1660708,478.2,299.7,487.2,350.1,Medium
1660709,482.6,385.5,134.5,286.2,Low
1660710,270.2,463.1,17.8,37.1,High
1660711,271.6,124.1,80.2,19.4,Medium
1660712,11.3,108.7,147.7,169.7,Medium
1660713,398.4,352.8,329.0,372.7,High
1660714,256.9,271.8,441.4,179.4,High
1660715,388.5,186.2,361.5,198.2,Medium
1660716,160.9,332.7,485.3,258.0,Medium
1660717,27.8,51.5,255.5,198.9,Low
1660718,218.2,194.8,21.0,378.2,High
1660719,325.9,107.1,440.2,201.7,Low
1660720,350.0,321.3,431.0,18.5,Medium
1660721,303.6,349.4,52.5,200.9,Medium
1660722,29.9,492.2,45.2,241.7,Medium
1660723,400.5,184.0,454.2,263.7,High
1660724,482.1,11.2,240.6,254.0,High
1660725,382.8,,225.3,31.1,High
1660726,443.7,450.4,305.8,424.2,Medium
1660727,13.4,71.0,213.5,62.0,High
1660728,493.7,101.4,304.6,343.2,High
1660729,237.4,181.2,86.4,60.2,Medium
1660730,462.1,39.0,226.8,437.0,Low
1660731,191.6,102.8,376.2,495.5,Low
1660732,376.5,111.3,256.2,101.6,Low
1660733,63.1,448.5,111.0,158.0,High
1660734,251.7,104.3,97.9,311.2,Medium
1660735,135.7,292.8,354.4,465.8,Medium
1660736,154.1,155.7,146.1,346.2,Medium
1660737,305.6,49.8,326.7,295.2,Low
1660738,173.5,14.1,23.2,75.8,Low
1660739,215.2,15.7,264.9,478.4,Medium
1660740,373.8,354.7,79.1,261.9,Low
1660741,357.5,449.0,400.8,113.5,High
1660742,428.7,490.5,13.6,141.3,High
1660743,376.0,350.3,307.0,262.8,Medium
1660744,299.0,120.0,486.7,472.8,Medium
1660745,162.2,352.1,324.4,351.7,Low
1660746,332.6,44.4,349.3,83.1,Low
1660747,437.8,345.4,217.5,315.3,Medium
1660748,249.5,325.7,180.1,62.9,High
1660749,287.1,479.8,346.7,337.2,Low
1660750,431.9,216.9,438.6,355.5,Medium
1660751,434.1,110.5,91.0,377.0,Medium
1660752,267.4,139.8,394.6,250.0,Low
1660753,14.4,422.2,362.6,69.5,Low
1660754,223.3,111.9,363.5,140.8,Medium
1660755,66.4,172.3,294.1,408.2,Low
1660756,104.1,175.5,288.8,214.6,Low
1660757,278.4,210.6,305.6,449.8,High
1660758,17.8,280.7,47.3,319.9,Low
1660759,382.6,294.1,27.7,218.9,High
1660760,320.9,56.0,305.8,332.3,High
1660761,142.2,48.6,82.7,248.3,Medium
1660762,218.9,490.0,479.6,211.5,Low
1660763,311.4,425.7,364.1,438.4,Low
1660764,32.8,202.1,403.8,148.8,High
1660765,284.1,225.3,441.3,181.1,Low
1660766,446.3,282.5,73.0,286.4,Medium
1660767,255.9,120.2,271.9,345.3,High
1660768,45.4,72.9,285.0,395.5,Medium
1660769,152.5,195.9,230.2,460.6,Medium
1660770,352.8,37.0,370.6,396.7,High
1660771,200.0,296.8,64.0,346.2,Low
1660772,437.2,227.6,191.2,289.3,Low
1660773,428.9,19.1,388.2,11.0,Medium
1660774,130.2,423.7,337.9,490.7,High
1660775,172.3,401.1,209.1,102.6,Low
1660776,408.7,371.9,354.7,467.8,Medium
1660777,300.7,167.6,264.8,75.8,Low
1660778,329.0,63.3,136.7,443.6,Low
1660779,369.9,182.3,298.2,338.0,High
1660780,283.5,438.2,51.1,40.3,Low
1660781,421.0,177.1,471.8,392.1,High
1660782,213.6,233.6,364.8,169.5,High
1660783,56.1,222.1,383.6,68.2,Medium
1660784,264.7,330.7,462.8,357.7,Low
1660785,457.2,415.7,368.8,456.3,Low
1660786,482.7,157.2,45.1,180.5,Medium
1660787,197.5,272.9,248.9,387.2,Low
1660788,483.6,367.0,74.7,188.9,High
1660789,239.2,112.8,463.4,455.0,Medium
1660790,384.7,347.4,127.1,20.6,Medium
1660791,345.4,318.8,75.1,466.5,Low
1660792,220.4,45.8,90.1,217.7,Medium
1660793,337.3,404.5,352.8,253.8,Medium
1660794,108.6,372.4,259.8,269.3,High
1660795,195.4,178.4,94.4,492.6,Low
1660796,352.7,184.4,336.7,457.4,High
1660797,486.6,219.9,466.2,288.2,Medium
1660798,438.5,142.6,491.0,428.6,Medium
1660799,302.4,439.9,359.8,314.5,Low
1660800,113.2,198.9,379.6,488.8,Medium
1660801,108.8,478.2,443.7,285.1,High
1660802,366.6,316.1,14.9,139.5,Medium
1660803,440.9,45.3,429.2,97.0,Medium
1660804,157.3,491.5,263.4,43.6,Medium
1660805,41.3,129.1,349.6,178.6,Medium
1660806,394.7,107.9,306.5,128.6,Low
1660807,235.7,474.0,67.6,156.6,High
1660808,207.4,156.5,446.9,382.7,Medium
1660809,118.5,114.5,71.4,131.1,High
1660810,481.6,400.8,149.3,289.1,Medium
1660811,391.3,480.4,187.8,147.8,High
1660812,494.0,117.3,393.3,168.4,Medium
1660813,343.2,90.7,240.4,109.1,High
1660814,330.8,169.9,71.9,92.6,High
1660815,417.4,127.4,186.8,495.6,Low
1660816,25.1,159.7,494.5,144.6,Low
1660817,278.7,82.1,157.6,369.6,High
1660818,40.1,340.5,34.5,280.0,Low
1660819,465.6,179.2,278.4,179.1,Medium
1660820,183.2,245.1,69.3,229.5,Medium
1660821,270.6,226.7,94.6,449.9,Medium
1660822,266.8,73.3,11.4,79.3,Medium
1660823,372.7,344.6,278.0,389.3,Medium
1660824,141.8,341.5,479.7,492.0,Medium
1660825,273.4,453.5,415.8,281.2,High
1660826,141.5,393.0,463.9,480.6,High
1660827,154.5,497.7,228.8,26.1,Low
1660828,315.7,423.7,404.6,402.6,High
1660829,63.5,309.3,206.1,49.3,Low
1660830,111.1,99.0,217.8,133.6,Medium
1660831,90.4,92.3,208.2,172.2,Medium
1660832,322.9,307.2,460.1,214.8,Low
1660833,452.7,270.7,87.2,200.8,Medium
1660834,27.4,232.8,275.9,55.1,Low
1660835,361.7,21.5,132.5,258.1,Medium
1660836,109.5,148.6,144.5,302.5,High
1660837,454.3,274.1,341.4,210.0,High
1660838,417.0,72.5,198.5,425.6,Medium
1660839,476.6,348.5,254.5,233.2,Low
1660840,351.1,399.2,199.7,304.3,Low
1660841,349.2,311.9,31.8,200.3,Low
1660842,369.1,369.8,461.9,398.0,Low
1660843,235.9,70.6,243.4,166.0,Medium
1660844,281.6,439.4,178.8,317.4,Medium
1660845,257.0,290.2,298.9,191.7,Low
1660846,183.7,247.8,485.2,183.3,High
1660847,61.6,92.9,459.9,410.0,Low
1660848,103.5,459.4,320.6,219.8,Medium
1660849,460.9,444.0,311.8,212.7,High
1660850,245.5,442.9,346.7,391.0,Medium
1660851,201.5,488.0,53.1,104.8,High
1660852,33.5,394.5,408.4,278.3,High
1660853,456.6,306.5,93.0,74.1,Low
1660854,366.4,274.1,431.7,119.2,Medium
1660855,494.1,280.2,336.8,356.6,High
1660856,28.0,398.2,183.5,75.7,Medium
1660857,265.2,136.5,85.0,376.6,Medium
1660858,433.5,96.1,398.9,387.9,Medium
1660859,189.5,115.1,364.9,102.0,High
1660860,481.5,159.6,450.8,318.4,Low
1660861,140.3,427.9,183.4,244.3,High
1660862,237.8,197.1,263.5,435.8,Medium
1660863,78.8,197.2,19.1,467.0,Low
1660864,232.9,472.7,381.5,210.5,Medium
1660865,203.6,343.3,250.9,176.8,High
1660866,208.7,27.8,192.1,46.2,Medium
1660867,327.4,380.7,345.5,279.7,High
1660868,345.1,299.5,270.7,477.2,Low
1660869,400.3,433.3,185.9,147.5,High
1660870,389.8,111.7,445.7,248.9,Low
1660871,457.3,89.5,59.9,351.7,Medium
1660872,235.8,400.3,53.9,439.1,Low
1660873,104.5,310.9,404.7,465.3,Medium
1660874,329.3,436.0,299.9,187.0,Medium
1660875,471.6,294.9,385.9,111.1,High
1660876,219.3,246.3,282.6,109.7,High
1660877,137.1,319.2,369.0,391.3,Medium
1660878,155.4,27.3,378.1,53.3,Medium
1660879,284.2,182.5,14.3,217.0,Low
1660880,423.6,166.2,384.8,338.0,Medium
1660881,178.4,449.7,11.9,346.3,High
1660882,76.5,278.9,392.8,51.3,High
1660883,469.5,374.0,312.0,144.2,Low
1660884,318.2,127.6,223.1,377.6,Low
1660885,43.8,264.2,258.2,250.3,High
1660886,219.6,395.0,148.5,254.2,High
1660887,87.6,95.2,159.2,150.8,Medium
1660888,162.3,146.0,287.3,134.6,Low
1660889,83.9,214.4,325.8,191.9,Low
1660890,373.8,475.5,427.0,361.8,Low
1660891,476.5,267.2,477.7,427.0,Medium
1660892,409.0,339.5,263.9,214.0,High
1660893,33.3,410.8,192.1,411.1,Low
1660894,88.4,17.6,187.5,298.3,Medium
1660895,267.7,290.6,471.9,499.5,Medium
1660896,236.7,38.4,94.8,290.3,High
1660897,235.4,119.2,350.6,385.2,High
1660898,473.5,225.6,452.2,234.6,Medium
1660899,156.0,69.6,329.3,190.3,High
1660900,482.6,352.2,174.5,100.3,Medium
1660901,297.5,51.6,65.6,182.1,Low
1660902,114.4,461.4,497.7,70.6,Medium
1660903,245.5,357.1,399.6,329.1,Medium
1660904,331.9,428.5,384.3,438.4,Medium
1660905,209.6,425.8,414.1,310.5,Low
1660906,263.9,70.5,242.2,52.7,High
1660907,458.2,90.5,184.6,158.8,Low
1660908,261.2,382.5,343.2,180.7,Low
1660909,237.8,210.5,252.1,461.3,Medium
1660910,58.3,23.6,454.5,75.7,High
1660911,171.5,279.0,96.8,155.0,Low
1660912,464.0,236.6,375.9,440.8,Medium
1660913,54.5,409.5,186.6,173.5,Medium
1660914,337.1,99.4,49.7,183.8,High
1660915,360.0,50.1,429.2,371.2,Medium
1660916,22.9,443.8,40.3,386.2,Low
1660917,364.4,26.0,150.5,272.9,Medium
1660918,25.7,273.6,266.7,65.1,High
1660919,231.9,121.4,281.9,12.3,Medium
1660920,331.5,454.6,374.3,410.4,Medium
1660921,463.4,48.5,447.9,65.6,High
1660922,476.5,33.3,127.1,339.2,High
1660923,344.6,208.7,250.6,384.5,Medium
1660924,96.9,176.6,149.4,154.6,Medium
1660925,116.7,474.2,225.3,224.6,High
1660926,222.1,246.0,484.5,275.0,High
1660927,377.8,359.8,71.6,402.2,Medium
1660928,471.1,26.6,139.2,318.7,Medium
1660929,280.1,18.3,355.2,137.2,Low
1660930,80.1,123.2,212.4,388.3,High
1660931,36.4,468.4,221.2,428.6,High
1660932,363.0,367.9,330.8,265.2,High
1660933,335.9,179.2,474.7,449.6,Medium
1660934,24.3,498.6,77.9,273.3,Medium
1660935,66.1,461.0,315.2,342.8,Medium
1660936,387.1,27.3,445.2,480.5,High
1660937,213.0,173.7,453.5,216.7,Low
1660938,251.4,152.4,278.1,209.1,High
1660939,168.8,340.6,167.8,326.7,High
1660940,56.8,428.6,59.5,360.7,Low
1660941,268.8,424.2,46.4,175.1,Medium
1660942,174.1,316.3,267.9,319.6,Low
1660943,271.9,78.6,39.4,476.2,Medium
1660944,487.5,240.1,418.5,224.3,Medium
1660945,48.0,424.5,247.3,409.0,Low
1660946,305.4,184.4,67.0,78.1,Low
1660947,79.8,293.6,281.5,324.2,Medium
1660948,119.1,16.7,353.6,437.3,Medium
1660949,419.5,211.9,35.3,215.9,Medium
1660950,89.1,61.1,227.6,147.0,High
1660951,26.2,201.8,423.8,339.6,High
1660952,367.5,379.8,95.0,376.5,High
1660953,335.2,185.0,455.3,433.7,Medium
1660954,188.3,419.9,384.2,92.0,Medium
1660955,57.2,286.4,40.1,375.6,Medium
1660956,32.4,218.0,421.0,246.6,Medium
1660957,339.7,151.6,70.8,27.5,Low
1660958,428.7,458.6,204.0,16.7,Low
1660959,404.1,77.5,409.8,327.6,High
1660960,229.6,435.2,74.5,137.8,Low
1660961,220.1,154.0,347.8,449.6,Medium
1660962,296.2,60.3,466.1,428.3,Low
1660963,164.3,430.9,139.9,367.8,Medium
1660964,392.7,165.7,292.2,110.9,High
1660965,158.5,159.0,221.4,161.2,Medium
1660966,358.4,163.9,449.1,312.3,High
1660967,125.4,227.6,28.3,158.0,Medium
1660968,321.1,123.0,144.5,48.0,Low
1660969,482.5,368.1,33.5,289.6,Low
1660970,120.5,20.7,244.6,158.4,Low
1660971,139.9,224.9,94.2,62.9,Medium
1660972,84.6,428.7,247.8,497.7,Low
1660973,103.9,293.2,77.8,427.0,Medium
1660974,317.1,268.2,439.8,102.5,Medium
1660975,92.2,135.1,275.2,454.7,High
1660976,98.5,14.1,225.3,293.5,High
1660977,316.9,101.5,185.1,465.6,Medium
1660978,339.5,299.7,475.9,392.0,Medium
1660979,321.8,337.0,118.9,40.1,Medium
1660980,337.1,464.0,26.9,80.3,Low
1660981,418.1,462.7,412.6,154.9,Medium
1660982,373.8,251.9,77.3,45.0,Medium
1660983,232.8,268.0,349.7,322.4,High
1660984,437.7,447.9,192.1,235.9,Medium
1660985,496.5,336.2,104.1,52.5,Low
1660986,463.5,160.4,190.7,56.0,High
1660987,112.1,460.7,377.3,254.9,Low
1660988,203.1,150.9,83.7,447.4,High
1660989,62.8,349.6,208.0,362.9,Low
1660990,442.7,484.8,49.8,65.2,Medium
1660991,491.9,71.3,167.6,75.3,High
1660992,12.3,446.5,59.8,431.8,High
1660993,133.5,282.5,275.4,27.4,Medium
1660994,31.8,485.8,344.4,43.8,High
1660995,460.2,131.2,478.6,194.7,Low
1660996,137.9,361.2,323.6,477.8,Low
1660997,439.4,283.1,235.5,174.8,Medium
1660998,289.6,403.6,111.7,402.3,Medium
1660999,391.2,24.9,311.4,391.6,Medium
1661000,81.6,68.1,263.8,219.7,Medium
