longitude,latitude,housing_median_age,total_rooms,total_bedrooms,population,households,median_income,ocean_proximity,median_house_value
-120.38520269665985,36.37075105836628,51,4840,708,578,173,7.955982205647781,INLAND,365112
-115.85049622727395,36.953799288625305,19,3419,991,1949,610,2.671303148550252,ISLAND,227955
-124.29759125482133,36.3964957962677,12,4256,568,1670,241,2.316665638479742,<1H OCEAN,227043
-122.61485356540815,40.416360682577,22,3783,381,1163,684,2.6403839015206,INLAND,109635
-123.99576460345914,34.66200425395496,47,4526,849,1369,201,1.9350632010963769,<1H OCEAN,104730
-121.01852819484931,32.553776756494464,37,1656,263,432,705,4.20588995803685,<1H OCEAN,296814
-115.21810404303497,38.62240703392665,30,3561,552,1594,680,1.7437513128262516,<1H OCEAN,152411
-123.33047876401012,34.40314452620501,46,4945,196,1121,164,5.50692115876365,<1H OCEAN,311773
-118.235902232562,40.86708228131221,12,2829,868,2481,292,2.537368056380836,NEAR BAY,221587
-119.78504060880556,40.57503549924257,29,1792,408,2973,161,5.717222551453206,NEAR BAY,360591
-114.91531787634187,33.22123729612513,21,2384,361,566,631,1.193851554076135,<1H OCEAN,123703
-123.07480857462906,33.50005101089233,11,2060,392,680,340,2.8460297387231703,INLAND,105589
-122.17972149497771,37.15461296711866,37,1483,869,1796,814,1.9794040878948398,INLAND,71338
-124.00458031388507,38.22669303003193,48,2567,348,2837,509,5.704994213542621,NEAR OCEAN,320252
-119.96064750368626,35.084138372333065,18,2363,344,1318,399,6.498750446371486,INLAND,309225
-121.52167100435345,39.237898536974086,44,2479,350,2065,294,1.300005429581924,<1H OCEAN,128469
-115.60094066109679,38.09221059663739,27,2236,222,2234,553,4.69427942291295,NEAR OCEAN,327077
-118.25059186802244,35.553346631636416,37,2952,424,415,673,5.091003393373396,NEAR OCEAN,359932
-118.15909262024299,32.73849198759777,48,2418,780,924,718,3.7820788171266466,INLAND,145848
-118.98089303118697,39.55141264420607,12,1200,600,2039,736,4.200759422246165,NEAR BAY,289530
-123.38149662770799,34.51868445875578,23,4546,786,911,400,4.081326286897701,NEAR BAY,314235
-119.84981316274644,40.344053188548706,34,2573,880,2087,878,4.701132291564997,INLAND,222018
-114.30494810291484,36.45072844451,38,4253,815,2025,555,2.14472895654229,INLAND,72604
-115.94770709153985,37.924527960738594,23,894,936,1184,301,5.366617049130889,ISLAND,350060
-115.36540945832884,40.705718065844614,25,2456,165,1358,773,3.6101110525764004,<1H OCEAN,256043
-116.06773640753501,40.61805620864756,4,3548,926,1306,955,3.524482214276386,<1H OCEAN,275468
-123.26958306569017,35.99228400728959,30,3952,935,590,401,4.164723886635993,<1H OCEAN,276198
-122.025517459352,34.46355559151952,30,1022,158,1270,723,1.9970927229314555,NEAR BAY,150358
-124.26878348643591,39.78637313064879,13,2062,830,591,436,1.7835809732435843,NEAR OCEAN,176356
-121.26489875121888,36.57095391386003,42,3409,597,2965,131,3.1632093682881797,<1H OCEAN,251305
-123.21392597653507,34.305194739454635,49,3349,472,584,197,6.155928323497207,NEAR BAY,342475
-119.57206654698416,41.00159821778121,14,1049,365,2628,858,2.0664805616628197,NEAR OCEAN,183898
-117.52872511426098,34.36217942586622,47,1968,752,1482,872,3.5610725453274923,NEAR BAY,213215
-115.55494704961923,32.74258738099757,8,1332,335,2851,290,2.4926002353399106,<1H OCEAN,239776
-116.80782834909101,32.69063175341375,24,4982,997,1133,640,2.362236000446124,INLAND,110705
-114.91414404221494,38.349764350670085,18,1921,317,2170,147,4.056414058026306,INLAND,159254
-123.7610170960621,38.719745570744784,35,785,626,598,349,4.498527854261764,INLAND,149557
-124.17820164583458,35.42379202753565,25,3245,913,2347,325,2.422934508601223,INLAND,113460
-117.68661886163787,35.50810329892239,17,4265,540,582,371,5.782870018187876,NEAR OCEAN,345358
-121.40647589777754,35.69124280156346,32,4964,749,2954,764,3.9314230147009757,<1H OCEAN,281136
-121.76498983894227,38.89349033953346,24,1945,505,2257,584,3.0141829975222274,NEAR OCEAN,213947
-120.99112912306205,33.04645763565219,7,1966,843,2511,427,3.8152538952702204,<1H OCEAN,297662
-121.60203942107636,41.23369371529846,13,2276,700,2877,896,7.4972703867414525,<1H OCEAN,470745
-119.18563593698413,34.591697815268,27,4155,688,2442,279,4.488023033461919,<1H OCEAN,286672
-119.89851552775868,41.896928129275665,48,1414,747,2809,913,2.5105986379860754,<1H OCEAN,159950
-119.17571448623343,34.11231332159956,5,787,568,1630,764,3.2953652180538073,<1H OCEAN,271284
-117.57286388499564,39.75253669873635,36,4690,209,2113,845,3.499106144065532,NEAR OCEAN,225103
-120.42869491028851,34.60007792233848,26,2588,452,2344,122,4.332491215650079,INLAND,212804
-121.78692312857842,33.25995993544659,42,4926,912,2709,705,3.653987687472665,INLAND,124052
-122.63799463191255,40.7243732488961,45,2304,190,957,469,7.0860606361363825,INLAND,316310
-120.80525880467374,40.57226183639438,31,1678,981,2334,344,3.0323121930334183,<1H OCEAN,212811
-116.88193524753828,36.293561689026255,10,3051,513,1190,901,1.662026633091987,<1H OCEAN,173215
-116.7329508988853,39.10252373988001,46,4870,801,2324,259,3.617602189579588,INLAND,120869
-117.63094613315789,37.73641976722882,26,2088,172,2112,472,2.783056878916863,INLAND,109580
-121.95971824693125,40.517787468533236,22,2456,784,1939,384,1.8191831905356355,NEAR OCEAN,117724
-118.41913754145303,35.461526111595354,12,2275,646,1706,620,2.5057558043518715,INLAND,97029
-118.59310338423151,37.42252055999046,32,1487,821,860,549,2.8767029022565236,NEAR OCEAN,200082
-119.45733801890275,37.06250028932277,27,1703,397,2228,796,5.237905404746241,INLAND,233457
-118.80021013616135,35.82671476681447,33,3830,744,1334,906,1.8343692195385786,NEAR BAY,184582
-119.38209367376332,40.8796776068299,20,1619,382,2225,746,3.8187154904648226,<1H OCEAN,256981
-118.64543633925892,34.059252491827834,39,696,604,964,721,8.0703128503198,INLAND,392795
-117.1449404537887,33.90538121149454,41,4475,297,2925,680,3.0958278362327754,INLAND,96563
-123.2037180559656,37.92294963203386,40,1025,131,1872,235,3.059660016687538,ISLAND,190820
-116.80374247850976,38.68044576185845,13,1910,747,1746,195,4.427834364657067,<1H OCEAN,270707
-122.94113849872406,34.32942099065091,14,1792,859,782,218,4.091340382979417,INLAND,202702
-123.63372001589624,36.17274395719347,44,1694,970,870,473,5.853412880807005,<1H OCEAN,350391
-114.53920313778532,41.39770012400019,40,2448,440,1951,373,3.1054404241107436,INLAND,126222
-114.73008231129558,34.81820377329233,22,4155,757,737,969,4.396800708122344,<1H OCEAN,300472
-123.69563455059436,38.7825905999035,18,2717,433,2021,977,4.4248674161083,<1H OCEAN,303059
-119.86746558525037,39.457404300757354,48,4754,242,1385,949,2.9030956777710015,INLAND,102843
-122.43755061700224,36.7124097749725,29,4080,845,629,276,3.1721447106849525,<1H OCEAN,272656
-119.44655102865582,41.312744275540076,43,1517,509,1837,972,3.305277162682629,<1H OCEAN,212785
-115.99822757000412,39.424573311056626,16,3653,143,2380,848,2.023684933707444,<1H OCEAN,226270
-114.7938822525711,36.80449105069244,46,4090,131,388,883,2.8420585825895888,<1H OCEAN,213150
-117.95747346548463,37.851750896695286,35,4707,842,1946,376,6.040373276044449,NEAR BAY,374322
-120.76094332788183,39.010566368195946,34,4569,127,1901,237,5.028323590069657,INLAND,228506
-118.26674434355401,38.06658769603465,3,547,522,2820,973,2.632741328881642,NEAR OCEAN,164724
-121.17998693891549,40.759757287965115,4,4163,590,2526,231,3.299276297344878,INLAND,155730
-115.2017635916794,35.85475342543577,5,4971,259,1848,143,4.8966728083310445,NEAR BAY,326428
-115.59599536894163,35.318925956524566,10,1327,944,2789,222,3.964430745890504,INLAND,230469
-118.71768249720338,34.51008556125549,29,2589,306,2211,235,4.572062339936502,INLAND,192775
-121.0520108461964,32.85515989980719,32,2556,117,1384,466,4.110938087170566,INLAND,172950
-121.36610324417022,32.90433126517252,31,1318,202,2993,472,3.618879910943795,NEAR OCEAN,249023
-123.9658200529494,40.67851881522726,2,4484,681,2700,225,3.106954316407672,INLAND,127217
-116.14179148974705,38.876895576215524,12,4180,730,1050,538,2.0584568000890795,<1H OCEAN,179718
-119.79616786960992,38.70900470510297,27,2311,750,369,886,4.379322158975542,<1H OCEAN,308304
-121.04867071599735,38.27764249798793,5,3614,771,1029,675,3.038303172964411,INLAND,104279
-119.58889645002246,40.482659960124586,37,2129,331,2945,907,1.7174579172019941,INLAND,55099
-116.11262009545348,37.0145091012569,27,2043,759,1280,843,2.6690868301025072,<1H OCEAN,188424
-123.05385792292479,40.681861788448025,23,4079,964,1463,150,4.668864413239108,<1H OCEAN,336441
-115.72344011758173,35.878783246113045,33,2404,523,968,236,1.5427001842876593,INLAND,52033
-115.32491164891645,41.21105054078745,4,1936,854,557,257,2.199412312335014,NEAR OCEAN,175575
-114.83292084966112,39.067375612763655,21,3817,646,2448,155,3.5073240244873256,<1H OCEAN,246043
-120.32512007577373,34.91746507862962,24,4020,936,2691,692,5.825748315364595,<1H OCEAN,376358
-122.12859595962328,37.80239826387307,44,3559,993,1525,843,4.952985012083344,NEAR OCEAN,297570
-120.56359181533301,37.510487277989604,31,4616,966,2348,527,6.053604304436902,INLAND,274582
-120.97087903768596,33.796248924265136,44,1498,338,1320,542,3.6078525703549227,<1H OCEAN,236007
-122.53846087497139,38.05768331405577,48,1931,433,1888,425,3.053620165321261,NEAR OCEAN,222017
-118.22733329898512,35.4589848629394,24,3561,248,2276,739,4.652118325667994,INLAND,217397
-119.5337583949137,32.992078408010265,49,764,722,1729,737,2.3169532958093453,INLAND,65883
-115.64299007675996,41.41736788244171,10,4231,507,2912,928,2.2457660768854093,NEAR BAY,202646
-123.97890419517941,38.5300094692043,49,2774,116,1661,179,2.0916727190866458,NEAR BAY,133926
-117.86132072444873,40.74303795958596,49,4375,325,1602,573,5.132299725930836,<1H OCEAN,336962
-116.67051121488439,38.854926447124576,50,3817,751,272,476,2.377781164490808,<1H OCEAN,228133
-116.70513430811693,35.855646706117064,2,2546,755,453,968,4.954228049457873,<1H OCEAN,339104
-115.43926032904474,37.31926787989082,31,3644,359,2134,432,3.523236803237123,<1H OCEAN,246115
-117.00966257170505,38.85201954726347,25,3721,828,715,274,5.158758035962317,<1H OCEAN,353238
-115.02189938352303,41.52637185689351,4,3640,773,2996,756,2.133677736077434,<1H OCEAN,222873
-120.97343400179108,34.88449291574395,51,1753,703,1243,540,2.5851763789302313,NEAR BAY,181825
-119.26790583248457,40.7247843510667,11,1222,273,1848,225,3.9812491456775145,NEAR BAY,268539
-124.15920336717109,41.18633136976613,17,583,942,2782,793,2.7943961515813864,INLAND,159082
-124.23042412696708,38.80190583779419,44,3870,304,620,318,1.224655990659615,INLAND,50000
-121.8987337954848,41.25390629757258,2,4319,514,2693,377,1.9176418327047773,<1H OCEAN,198293
-123.29192802860915,36.240058722287266,6,3864,607,1078,584,2.126967640437197,<1H OCEAN,185891
-121.69788632064247,41.458352054780164,9,2257,252,335,694,2.190963820847033,<1H OCEAN,201707
-122.52956705471603,39.106159045360165,5,4818,202,1524,240,4.361051825879069,NEAR OCEAN,276763
-124.01479975161351,32.894854213736835,20,3280,813,1832,945,3.7993100191499636,<1H OCEAN,284783
-115.2069585359395,41.024604619099094,29,3787,891,232,706,3.542702469468433,NEAR BAY,267829
-124.21776868611109,37.05404440491201,21,2952,164,2894,976,7.414722889616453,INLAND,354331
-116.93917855662914,36.82707365691163,9,828,216,1990,805,5.312644756847834,<1H OCEAN,337427
-122.77852113080483,37.82478609620856,28,925,764,477,209,4.575553687891929,<1H OCEAN,309815
-115.177703780004,33.90421473964954,8,1269,255,2380,151,1.8255723896039209,INLAND,99025
-115.37204060410114,36.910160856533544,31,4475,775,949,714,3.4001378485533276,NEAR BAY,224142
-117.76098853630742,40.31259583714681,20,1107,181,2373,712,3.7414703090338555,NEAR OCEAN,285753
-117.57765850199395,32.64553511589264,27,2352,617,2592,753,2.8120369340270273,<1H OCEAN,224092
-124.24660858030312,35.06542130704909,8,3172,933,216,812,6.570250189157588,INLAND,315032
-114.45128433886397,32.523073112572135,21,2624,166,2809,418,3.388819274887165,<1H OCEAN,237287
-115.52167396424186,36.40768630600857,28,1800,337,2894,298,2.031268538915235,ISLAND,169985
-115.34893774269908,39.3461657986411,23,965,683,2877,895,2.2278768610305097,NEAR OCEAN,168980
-117.70755462949128,40.008455193677506,6,2464,706,1601,828,8.272501443361076,INLAND,412830
-120.85213071345463,41.38478375459386,3,2445,915,1017,145,2.8065355128088276,INLAND,148496
-115.36351350909518,38.219943361925395,5,3039,425,2307,604,1.4456924670371225,INLAND,90656
-121.38483071848808,34.89349254653722,9,2860,689,1860,639,2.612381370328932,<1H OCEAN,227568
-118.67288456657796,41.18699072188497,7,2539,166,666,613,1.5989580567887995,<1H OCEAN,180774
-123.30269027656118,39.78796808647554,4,1684,275,827,994,4.791887190820073,<1H OCEAN,330234
-115.0804436986725,37.899627740229555,39,4434,932,2638,116,1.5190105490874337,NEAR BAY,119468
-122.89229542228786,39.039018027758,5,3717,783,2932,414,1.8948088521431783,INLAND,81141
-122.05103194269593,41.18857373706983,11,3282,577,1410,535,3.325418145361659,<1H OCEAN,283832
-118.71865841871785,39.19650386764546,15,1277,354,2745,487,5.174548385322391,NEAR BAY,356409
-116.65906999787018,35.9627203712965,34,3879,162,799,176,3.2291739858941577,<1H OCEAN,235606
-118.10648694063701,39.20246510151751,13,2918,913,1938,998,2.0076037061971213,<1H OCEAN,151072
-121.97866087199843,32.878614729712645,48,4577,502,1584,470,3.571641150845099,<1H OCEAN,236838
-124.2905695747251,36.13230628120746,7,4762,857,2046,264,2.7535225366337945,INLAND,104082
-116.72849419692561,36.31943649934844,40,2939,291,2055,708,5.223046588491793,INLAND,195984
-114.44792674088906,34.06827940355585,6,2489,428,2696,716,4.673532457218374,INLAND,204749
-116.20086879693909,32.71700351718664,39,1566,170,2087,123,2.6781766674314946,NEAR OCEAN,179452
-119.69793381843384,33.753783624394785,50,1444,977,879,811,4.5353811401098705,<1H OCEAN,293436
-115.26232738600893,38.65344206049232,30,528,840,2035,134,3.7005825221599613,NEAR OCEAN,259560
-120.2015232688165,40.04151487381866,22,2397,162,2377,613,5.735780220140229,<1H OCEAN,345926
-119.05065915756532,41.78911283163355,25,2197,396,348,900,4.45876812480416,NEAR OCEAN,286323
-119.52870232604316,35.75581692921985,28,3314,344,1695,943,4.132151807070791,INLAND,188573
-119.82376127334474,38.134164689254355,20,3865,618,1017,953,5.64733522026096,INLAND,276322
-116.54809230706094,41.309162688062145,39,2988,492,1944,560,3.3406382201880316,INLAND,130704
-119.03231092730508,34.070192744578634,3,2165,871,1846,237,2.4369806088225823,INLAND,95899
-121.13282877974784,39.24586851162178,5,2070,700,2747,948,3.5978480235073538,<1H OCEAN,266641
-121.71841832341521,39.596800091602134,1,2233,276,1872,673,2.8801266772839713,NEAR BAY,290626
-123.92252683032567,33.33637003717178,15,1259,303,1578,910,4.227786709764302,<1H OCEAN,272171
-118.46804838116954,40.59574422072081,26,2657,745,2139,808,3.403409128053821,<1H OCEAN,251669
-122.00038584598965,40.14318744284193,3,1851,693,857,988,3.9007730403513423,INLAND,234455
-122.81866077983616,32.81398826182788,40,3976,632,1253,670,2.051054614245555,NEAR OCEAN,157083
-117.76170036172321,33.35619349987248,41,1768,227,776,364,4.068663691203226,<1H OCEAN,299109
-117.48790742178451,32.96179280258341,47,2285,294,922,432,1.9855796472875533,NEAR BAY,138525
-116.77845107742334,35.64658919891401,42,4449,293,2469,287,4.877847676196301,NEAR BAY,262394
-119.26423103661408,37.28731651239131,34,3107,283,2849,162,4.880763929948042,INLAND,198452
-115.35945394796113,37.50406864277351,5,898,346,1841,919,3.815919481176173,INLAND,170641
-114.93657246601772,35.01606754183276,31,3130,972,883,378,3.7585557077934366,NEAR OCEAN,223524
-116.2262906020751,41.06901073366657,51,2946,971,941,641,3.035990018320726,<1H OCEAN,192450
-117.94406517991813,35.96167022479598,13,2169,423,2827,270,2.6083257263743365,INLAND,137236
-121.26279046408811,32.92817146607431,43,738,259,2648,602,3.3002833150352195,NEAR BAY,210131
-114.47055078379779,35.32213484848903,1,4036,805,2245,632,7.33805608242453,NEAR BAY,458382
-121.55863832808062,37.49242857191506,22,4361,721,1827,398,3.639067861014729,NEAR BAY,287363
-122.27343078009568,36.33728513232938,15,3603,165,2759,300,1.938084973301486,<1H OCEAN,166938
-119.87845886213417,35.074119679533034,26,1646,353,2335,234,1.676413036467269,<1H OCEAN,170199
-123.73159429287611,33.734438547784585,18,2057,382,1688,371,1.8678167947922606,<1H OCEAN,141242
-114.5150553532821,40.20014630090456,48,4238,159,249,634,2.8546846106818258,INLAND,75411
-118.41566443583575,41.8637652759674,9,2657,217,302,541,5.508650273646337,<1H OCEAN,362163
-118.73047908335825,35.597696055124494,1,3951,522,567,186,2.204733159448245,<1H OCEAN,233419
-117.7420372010028,36.087237815260075,43,799,655,1135,130,5.863217966095938,INLAND,231910
-119.32976352222794,38.30955273196339,9,4198,821,1914,220,3.5671942295717445,NEAR OCEAN,250868
-123.97936482905457,39.253349862514085,23,4553,135,2002,168,4.028433002880641,NEAR OCEAN,283868
-118.17688711159603,36.18507762715376,43,748,630,1620,745,3.9845159439999325,NEAR OCEAN,264883
-117.13826123043569,41.00633745962906,45,3068,190,2000,982,4.204965625345514,<1H OCEAN,244536
-120.13250939375946,37.76403749875183,2,4629,400,2505,926,2.816384034234988,<1H OCEAN,228381
-116.72704427928807,36.73366671821575,14,4823,823,2195,595,1.3050400948346936,NEAR OCEAN,172985
-122.0299870066158,38.578723879703105,38,3360,833,2167,245,2.6238880098911985,INLAND,69594
-122.08723408933815,41.456356173542225,40,1223,316,589,432,2.3276247471401934,INLAND,83210
-122.68583012312426,39.96879156756403,18,1069,834,1566,580,3.759270766385245,<1H OCEAN,259612
-120.58005240210838,32.876123427030166,16,719,197,972,362,3.624424680908335,<1H OCEAN,293272
-115.82987964610916,35.62371316095562,29,1894,555,593,392,2.9773931945797516,INLAND,131478
-116.02087937850935,36.92312003854149,44,3334,630,882,528,6.700686554902007,NEAR BAY,408645
-120.47175792036496,35.45646517876559,11,2622,908,469,185,2.5694928760690567,NEAR BAY,206722
-118.40881264019764,39.08176307180629,6,4731,637,348,115,1.3630252325394117,INLAND,78641
-117.09183683525085,40.26693000870826,3,4500,127,1010,827,3.482612286979843,INLAND,187100
-121.88793225371977,39.37464389474155,14,4849,675,227,727,5.342416019906671,NEAR OCEAN,363510
-122.61858914105252,41.79973289618579,2,3589,423,2527,217,3.7242457609252932,INLAND,178560
-114.57904006787689,35.061947890194475,32,549,322,1405,369,2.8787166936068136,INLAND,115187
-118.12442686790381,40.72490125322956,31,1014,179,365,494,3.6553030444246892,NEAR BAY,214710
-114.48584278166337,39.70625305264017,11,3291,662,2264,954,6.927940796777252,NEAR OCEAN,470577
-120.9224401286777,35.90448032104657,22,3278,557,1373,261,2.3395270389078315,NEAR BAY,182897
-117.26968300025868,39.400770710375504,3,3118,713,538,799,3.361372167122791,<1H OCEAN,258371
-122.07396363458761,33.47831399033152,50,2337,275,1268,203,4.340446011523602,INLAND,140666
-121.68799828726087,39.91973473400119,31,1665,621,1041,752,3.6750064077408737,NEAR OCEAN,266208
-119.18097878730376,37.50390766431877,33,2749,848,388,266,3.0067302008969823,<1H OCEAN,227920
-121.10381874491928,35.24752762346698,24,914,556,850,399,2.799580692877219,NEAR OCEAN,210068
-122.62378436159415,38.66430663677129,1,2768,522,493,127,2.962170302946162,<1H OCEAN,200415
-121.67119298010674,38.53122798791544,44,1604,199,2057,523,4.107493260582927,NEAR OCEAN,247143
-123.94251605534136,34.469170493564235,15,3856,989,1522,883,4.012879023753519,INLAND,194844
-117.25576378522513,32.78573569922835,37,2916,839,2662,661,7.674379425097915,<1H OCEAN,451747
-119.37883342914138,36.57605231687573,27,2434,502,1847,982,1.7955011845302962,INLAND,61851
-123.35756933595474,37.85341157183756,38,703,675,1002,255,6.707073232953985,INLAND,288874
-122.58306006871508,40.740089616683626,48,568,479,630,423,3.0593713945086827,INLAND,73396
-123.27465461887356,41.22523787908739,27,1015,630,1718,447,3.2019666253124157,INLAND,152375
-118.17407191724124,37.4707690506736,44,4063,431,686,220,4.680913363663837,NEAR BAY,261243
-123.35789636387506,39.58575274742432,12,4956,417,288,751,4.66908613485757,INLAND,217369
-116.75717666964783,36.62945075988317,3,1964,752,470,627,5.273251807674428,INLAND,239964
-124.09489080679609,39.513172271785194,30,2152,636,2156,920,5.754090053330834,<1H OCEAN,377578
-121.80624212004108,34.42513433442817,32,1206,839,1972,660,3.267638660514058,NEAR BAY,243022
-115.39333324108092,35.9880085071532,23,2125,188,1099,263,5.783750526752429,<1H OCEAN,359043
-117.11468681877754,38.461743188847976,2,4285,703,1944,161,2.5814145543159297,INLAND,140894
-123.57031667074313,32.67068487670654,7,1845,610,477,439,2.9384469976976164,NEAR OCEAN,210087
-116.0887389551482,39.291136317186165,34,843,141,2200,765,3.0869821784511244,<1H OCEAN,218759
-119.36964878459796,40.35403371192076,32,4286,984,2453,411,2.6894807758191597,INLAND,81376
-115.8321697283117,36.251931614283144,39,1035,906,2575,475,3.400568181064868,<1H OCEAN,251529
-118.29260225549606,36.71065872146534,32,854,488,1833,445,4.752020465494924,NEAR OCEAN,313086
-117.48166967967141,40.50205279483539,43,4042,180,1061,249,4.308278442303517,INLAND,185412
-114.36498439604291,39.791153572064715,43,1482,501,2583,987,2.597959337638814,NEAR BAY,175833
-121.97664454075982,35.20860519691372,14,1845,206,805,684,2.5137903506685673,NEAR BAY,226585
-118.06054425238611,35.54537540167846,3,3509,210,2839,680,2.3581117708800563,INLAND,92565
-119.69678609942602,38.88145538447161,46,1026,376,1261,276,3.4401556894668746,NEAR OCEAN,206537
-123.90548047077309,37.79406206901272,32,1430,313,1213,453,1.7641387606361778,INLAND,52703
-124.15529358497135,34.02495796830707,43,3256,842,1706,613,2.325092540142698,<1H OCEAN,154560
-123.10771422182141,35.41334114675416,36,2782,917,907,408,2.7634269855328375,INLAND,116363
-117.80908259461452,40.959842802659345,17,2446,605,1177,218,5.063957960381227,NEAR BAY,326728
-118.62836912086607,38.968839705189275,48,4427,220,2017,618,3.149147847171462,INLAND,87844
-118.76570438836272,41.76815858624388,3,3041,233,2672,866,4.964653933137126,<1H OCEAN,321029
-123.9814323747174,39.70991778181923,10,2416,917,2834,577,3.5788084767023434,<1H OCEAN,282888
-119.60697003639993,41.35455966214975,47,3860,819,1005,513,2.746370807326082,INLAND,50000
-115.05377182157471,34.532172594382466,40,2093,470,1733,686,2.791958274779799,<1H OCEAN,179377
-120.32408130689353,39.7519578232791,18,3425,356,919,450,2.082515946825225,INLAND,114183
-118.05077530211544,32.690044689389296,3,4125,796,1148,605,8.682181051119313,INLAND,424221
-116.50181324376857,38.80514420408842,39,1723,897,2902,294,5.176892747572336,INLAND,234173
-116.46074720858113,36.91125341433027,10,2459,974,673,286,4.226990314256366,<1H OCEAN,309899
-119.10719917604729,35.75954467604865,9,1465,279,767,549,1.9712662969069563,INLAND,85745
-115.72048054597663,40.606600911555034,46,4178,147,2458,595,2.771391566185547,NEAR BAY,159391
-120.38621906636253,40.53011631098079,46,4812,698,1281,614,2.24760797600036,NEAR BAY,139862
-115.41306785215201,32.70963602604725,11,1122,996,414,795,3.4939304054880034,INLAND,136842
-121.89772833604454,38.22934815102465,33,4948,118,1099,946,2.2912032091567593,<1H OCEAN,191201
-121.49783593009428,35.95762290861699,36,2872,145,2001,372,2.5392881042275848,NEAR BAY,204356
-123.76879375800999,36.40721341410422,26,3448,550,2182,979,2.3152971074729805,NEAR OCEAN,172188
-116.34418163457717,40.32118294865649,27,3799,997,1296,151,3.0165043775348974,<1H OCEAN,222249
-120.12944763767294,35.41249385236018,38,1668,155,2714,362,3.416340647688302,<1H OCEAN,232979
-122.008833860886,41.36465881999363,22,891,840,1494,467,3.048638880718035,<1H OCEAN,231995
-121.9820972238342,34.18855796789812,26,4309,756,2601,232,6.129802839178066,<1H OCEAN,365250
-115.28600058770766,38.72959077966087,22,2907,191,1457,324,4.592583692985951,<1H OCEAN,340390
-115.96083399538963,38.817787629929384,5,4760,181,2872,409,2.4273178457224684,NEAR BAY,229923
-118.76469114642816,34.87063451742243,35,1080,836,2619,672,3.781959541670457,INLAND,155559
-118.13889199584278,35.5526557242917,2,1320,178,383,976,2.5086269188429062,INLAND,113054
-119.5567442944971,40.34710583025144,35,1747,761,873,115,2.834740585294712,NEAR OCEAN,190065
-120.3833345712119,39.660969396576554,9,623,972,1881,840,4.02159617109352,NEAR OCEAN,300037
-115.14523118781668,35.59350127495874,51,4939,382,2569,294,4.332999365110652,NEAR BAY,256174
-123.04387296479698,37.51919154118838,51,2374,410,634,862,2.624859036667163,NEAR BAY,182917
-120.11553210283772,33.0797947847791,49,1023,259,1266,542,2.134115265587763,INLAND,50000
-120.85438092012124,34.46221129454712,18,3623,415,1536,402,3.4386584129781994,NEAR BAY,243337
-119.31849279748852,37.06671325328775,43,4724,976,2540,147,3.9505269039926367,NEAR OCEAN,252344
-119.72368125454824,33.30815311162459,12,3698,767,887,846,2.5720017010646163,<1H OCEAN,235956
-119.11110468348919,40.427324135984215,3,3285,255,1087,220,4.602602051908901,INLAND,208683
-122.90081022773006,39.24925837501189,18,2618,987,268,598,4.287557404924821,INLAND,166661
-119.16858498486722,41.37015650409585,38,1710,813,2303,931,2.5570431863802456,NEAR BAY,198746
-121.87581186112789,39.01858891606185,7,1526,567,2878,661,5.217742694393021,<1H OCEAN,352606
-122.45668651011809,41.339772899264545,33,4617,952,619,568,5.2819265799288395,INLAND,196655
-123.65165781213808,37.71241802349507,6,4761,561,2814,140,7.591788800648016,<1H OCEAN,440146
-116.6734744124386,38.14205494398251,18,997,953,2797,555,6.584404426843185,<1H OCEAN,398282
-120.0255807914344,41.68352791348685,45,3305,216,442,633,2.313946968862049,<1H OCEAN,169022
-118.03356316688242,38.53601398052405,22,2193,765,2995,470,4.8066145874731285,INLAND,246116
-117.02406656695257,32.789393747291015,51,1224,463,1697,281,4.72020258220788,NEAR OCEAN,263387
-117.50683334686447,39.30374610032692,39,875,942,2774,616,2.8881227402985505,<1H OCEAN,216181
-119.59499280910318,41.01140570609171,51,4898,730,1879,756,3.9827394686493234,INLAND,108919
-120.4210147104827,39.97845434806667,9,2952,810,2324,968,1.5666671677847723,<1H OCEAN,176552
-120.54040090359337,37.98803276267897,35,4359,565,2208,689,1.5493658727137551,<1H OCEAN,172599
-117.89951203069944,38.81025302307905,23,2186,874,1701,330,1.6722051822883348,INLAND,63444
-119.35205645058126,41.80780281896571,12,756,283,639,908,3.879486379948336,<1H OCEAN,268611
-115.80867752011488,33.35222363198778,24,4994,759,1486,447,3.9535094498218912,INLAND,198326
-115.55298015673287,38.77210138915245,50,4100,265,1408,578,2.9756019501945445,<1H OCEAN,205757
-122.59439621993481,35.16393832896358,40,550,174,1278,308,6.609233268873301,<1H OCEAN,393533
-122.93766348454274,38.51684972791,9,1094,847,1531,774,4.927492121520051,INLAND,217019
-117.99599073964,38.211661613309026,13,4373,925,2763,779,1.7518541232878093,INLAND,81868
-121.2877425193772,33.94249422181672,40,3936,371,1453,377,3.099405496092581,<1H OCEAN,201275
-124.114292812349,34.443418469958246,42,1572,790,814,848,2.2798869844804552,INLAND,78223
-115.41357330637045,38.34331803360621,17,1976,602,2923,787,3.9180667161398053,NEAR OCEAN,279874
-122.03099232756192,33.70536150465548,7,3520,894,619,152,3.2797540344716567,NEAR OCEAN,278670
-115.0071934831419,34.99270022622503,17,2164,662,2100,960,2.3321921226190896,<1H OCEAN,188089
-117.12565549121746,40.351308148737225,50,4992,686,475,109,6.539031149464071,INLAND,273964
-116.67346510088515,35.574660156415405,24,3230,755,1784,757,3.3972244608105875,INLAND,161827
-122.2853850420684,37.08776546893483,2,1895,442,2855,838,2.811123383927968,<1H OCEAN,233835
-121.95805574383186,41.346719150370895,35,4397,799,2818,847,3.000395220674248,NEAR BAY,214589
-119.08732246175934,34.635201435067295,28,4545,734,1966,563,6.343731871119721,NEAR BAY,381051
-122.57900147350138,36.1624845631653,19,3160,943,1912,853,4.780331310557972,NEAR BAY,316743
-121.24568307316967,38.20070309010933,33,2733,350,2337,916,3.1113588397578855,NEAR OCEAN,235987
-121.08537522052195,39.600185937337336,21,3822,907,2529,682,2.2325939772607577,NEAR OCEAN,227347
-122.70370066747236,40.97554183509943,10,4697,934,1394,257,2.3762460314654157,INLAND,75242
-122.24817166604839,41.10544608319104,46,4718,229,2885,118,2.737767906105427,INLAND,65588
-116.41448157991744,39.800416699102655,45,2601,863,1010,154,4.066840075531927,NEAR OCEAN,255512
-122.62804145452732,34.646309863977116,9,1806,457,1578,826,4.493413960536692,INLAND,216663
-124.01542608156078,32.733207702400115,38,2137,791,1512,820,2.483784826209592,<1H OCEAN,181836
-118.00645057371061,36.107474945342865,6,1640,507,2709,120,4.573615698364576,<1H OCEAN,311615
-114.5401688060755,33.83055919928554,51,1115,960,949,381,2.3083976938127995,NEAR BAY,139772
-120.98786185376878,39.17764388592,42,4709,594,1396,860,2.5994257062395048,<1H OCEAN,175755
-123.11344296803748,38.714627516161734,35,2066,721,500,639,1.8592823719002471,INLAND,74308
-118.59612674632469,32.913333431241675,18,1476,581,799,516,1.83726288486279,NEAR BAY,175724
-115.23645788904354,40.36398152383094,19,1816,949,728,907,2.2984363770610914,NEAR OCEAN,209433
-116.45938220171521,34.83818670313711,5,2839,177,2387,822,3.2861192117662648,ISLAND,235237
-118.07484131587283,36.56293450961579,25,4856,613,477,384,2.23090525658488,INLAND,115428
-121.14943503392401,38.77857711328398,11,2596,420,862,631,6.045013665436302,<1H OCEAN,380012
-118.88119826723779,36.53653659641118,10,878,887,2758,631,2.2864518499093522,NEAR OCEAN,213826
-123.38755158695744,36.64810534631947,17,3965,389,1569,610,3.5736181180006517,<1H OCEAN,259179
-117.5105457571933,33.116903156155956,36,2771,396,2361,941,5.62993100336229,INLAND,234696
-117.04903981102349,36.27356936304403,26,1546,780,779,495,3.445279529145125,<1H OCEAN,254920
-114.64968377090081,39.689570196267844,31,1507,851,1730,219,2.870349129643406,<1H OCEAN,224527
-121.69602641254929,41.10265756955402,32,609,574,1589,196,3.521205612856458,INLAND,197820
-124.11543580956977,36.386873088395696,21,3271,122,890,219,2.651978948645791,<1H OCEAN,224384
-118.84391535572848,36.481706772663344,18,4383,905,836,636,2.2248206872772927,INLAND,105726
-117.23209495603186,39.10469479944233,18,3100,271,2048,252,4.242202171204369,NEAR OCEAN,317007
-116.39592524117012,41.362056810389596,1,3743,934,2245,344,2.629399279242265,<1H OCEAN,241107
-122.36261066975189,35.010372838249985,14,1505,417,1022,871,4.8292989172079475,<1H OCEAN,326690
-121.68247130962976,36.63735554145661,8,805,897,2073,615,4.565395372432419,INLAND,226784
-119.17409074732703,39.982148489391626,2,1458,954,1074,492,3.548505765490911,INLAND,192521
-120.99399190029997,38.23111955211596,51,1453,292,1139,242,4.8956857379282495,NEAR BAY,321599
-115.69488513412554,33.53951163326118,15,3168,780,1882,603,2.6707953522535552,<1H OCEAN,188326
-119.56239846261279,38.4006877142853,34,4038,217,1141,893,4.5426509996332305,NEAR BAY,255327
-116.30421355897997,34.25541507521487,36,3177,105,2098,946,4.533204837083302,INLAND,217627
-118.49380239517646,37.296029780337,1,2130,942,2605,957,2.9430056948597114,INLAND,130201
-116.56909858382888,37.47357071600812,51,2291,582,2250,319,2.7957830947024664,<1H OCEAN,155630
-120.97327013469676,40.73631160491485,21,3103,231,1946,938,3.7871411418908236,INLAND,133317
-115.98583378069688,36.84744617571692,42,2471,192,2651,259,7.295792280676358,<1H OCEAN,458826
-121.55427684448978,35.12675876901741,1,566,862,224,175,3.025589097416914,<1H OCEAN,267831
-118.83901191996709,34.6710836732307,32,1334,621,2066,710,2.7723381196717423,INLAND,90715
-122.15992886826126,40.71796764083276,20,705,662,2756,791,5.319386199326157,NEAR OCEAN,330894
-119.54473478373806,34.10750203153135,47,3333,960,2943,738,3.411844391271325,NEAR OCEAN,224689
-121.11824790491296,36.50316447230155,36,4750,393,260,131,4.694578939983337,INLAND,215916
-121.63296569362785,34.259427280313304,39,2214,740,322,876,5.988568793891476,INLAND,254548
-114.63014981971962,39.76905797707513,30,2032,491,1720,433,1.5483509255569359,INLAND,50000
-122.6992589451327,36.95910281576142,7,3645,348,2302,624,3.2705826956422266,NEAR BAY,279230
-116.42674162542605,35.800750691234036,22,3620,713,1386,539,3.0285335294202755,INLAND,128909
-114.45835040516785,35.89433662188879,50,1207,948,1922,991,2.259328607954394,<1H OCEAN,159133
-124.10098516259922,40.51081354319601,45,678,694,1262,451,1.5411769282327497,<1H OCEAN,143901
-117.30972585957905,37.70547517036772,10,612,802,1306,438,1.7566362142424754,INLAND,50000
-121.77088194443712,39.24795780063388,8,1256,516,1930,499,3.461657472796148,INLAND,174565
-123.89512175671695,40.93216205275643,27,1396,242,745,495,2.6815248008566903,<1H OCEAN,215294
-120.27110421043369,40.976371754782036,10,3368,336,2360,301,2.4091321170355724,NEAR OCEAN,182878
-114.94782189829125,35.58798511077591,14,658,386,2672,629,3.4479193145872684,NEAR OCEAN,219568
-124.18234905633003,41.45304187357602,46,1285,376,2477,192,2.5171849149160024,INLAND,68572
-118.42114308070218,32.73383329093729,11,2303,486,1510,891,5.5626368837903595,<1H OCEAN,370791
-119.28603521404675,36.042254273551954,6,2339,481,354,457,2.5899700302827444,<1H OCEAN,229195
-115.56615835628952,40.92050926058311,21,3668,549,2412,495,6.062538507457677,NEAR BAY,416207
-123.45998285479374,35.08158667027964,33,2798,390,1462,927,3.280492971136203,NEAR BAY,234693
-117.48473970113349,35.066965633020395,19,4578,268,2896,159,2.558036987139746,<1H OCEAN,180925
-117.49890301566722,35.34464947976976,39,2042,542,1562,576,2.4847550840957795,<1H OCEAN,180218
-117.60919983137717,38.25574581756107,24,4708,755,1137,825,6.083119877121531,INLAND,254183
-114.87665505064963,36.620328090774926,18,4854,283,711,711,4.385630284496427,<1H OCEAN,297699
-116.06912470993119,39.33130746172142,35,2654,144,1131,100,2.4503545462322984,INLAND,115695
-123.88027273756494,40.91216004010786,43,1074,854,2513,654,3.4820828236414885,NEAR BAY,240288
-119.58917149295486,38.83747412446289,37,3538,926,386,410,1.292435569353161,<1H OCEAN,113206
-120.32046943798666,34.42198716985721,19,1881,367,2045,267,1.949081571312988,<1H OCEAN,190300
-121.19852778909198,41.267209882188716,24,1722,575,1902,291,2.459319122913571,NEAR BAY,183410
-119.78663274845903,34.9862330094663,34,2974,352,590,133,2.4353076525251587,<1H OCEAN,132496
-120.45805815074023,33.90900637608468,22,2001,495,1483,133,5.3935612877601615,NEAR BAY,323008
-119.97666100121334,33.34569242129303,4,1358,388,854,787,1.5439210716583418,INLAND,82364
-114.50738134391358,37.79580716226196,10,4074,311,1939,516,1.8755039344776256,NEAR BAY,199221
-123.41367025250419,33.569367147318125,2,4229,788,375,807,3.978710585511988,<1H OCEAN,331288
-115.0776913016127,33.80449331065873,8,3465,120,963,257,3.6404559154479594,<1H OCEAN,280846
-119.49763286528973,35.320286517597665,33,3691,415,1130,856,2.886635582806755,INLAND,138274
-118.06257754500459,35.14753829103396,38,2096,663,1423,599,7.545833612358164,INLAND,351893
-115.99817033382305,38.179851397122135,43,2061,537,910,465,4.250186382782976,<1H OCEAN,288257
-120.69536970850744,40.17740562704321,28,3022,522,2836,439,5.414767169804048,NEAR BAY,364772
-119.99578091912034,39.65668676830719,10,3099,332,2778,957,3.253332815629994,NEAR OCEAN,262406
-120.20481519721285,34.96735387433488,45,2891,222,1285,434,2.6713050681995223,INLAND,110062
-120.5526897746424,34.80591868106821,1,3175,973,1550,682,2.683570674676562,<1H OCEAN,219207
-115.04470678353104,41.57844038300549,34,2683,711,2129,426,4.81177464217003,NEAR OCEAN,258056
-116.01070108806988,32.57742067096442,3,776,313,480,213,4.52265556217885,NEAR OCEAN,336147
-123.21000010137024,40.769373010766024,9,4382,938,2163,896,3.042126407367155,INLAND,150601
-123.21876647522903,34.37744807975061,5,4104,746,1985,517,4.0093679957472474,NEAR BAY,277962
-120.02130485147009,41.40447263704382,42,2578,929,2474,567,4.879521791932292,<1H OCEAN,276727
-123.3134262326719,35.71768847737869,10,4842,829,2886,242,2.649651728323235,<1H OCEAN,225096
-118.1090690472888,36.63930667459657,12,4577,699,1281,708,2.8940063144283537,<1H OCEAN,247038
-122.86308392738266,39.14693377107718,18,4668,891,676,408,3.9695637446446996,NEAR OCEAN,290876
-119.07626736033198,38.024089083848644,21,1620,139,915,500,1.623421399153711,INLAND,50000
-124.22780052996282,35.488629699244136,21,3023,851,442,419,3.99977004276305,<1H OCEAN,263080
-121.13403651587353,37.70601060915754,1,3870,431,2614,311,2.1169584733953033,<1H OCEAN,218237
-117.52809276327345,39.36864471301113,3,4882,747,1135,416,4.838773871869821,<1H OCEAN,340392
-119.45961059772151,32.897948491483426,5,2408,281,1723,284,7.839020817978573,<1H OCEAN,500000
-114.51730514001012,32.60527346940362,25,4020,364,1037,304,2.512134208359535,INLAND,94141
-115.55896203933789,36.80582922728518,49,4807,870,1545,463,1.935068073671639,<1H OCEAN,162543
-120.70929220956849,33.73926420735303,8,4996,793,2623,315,3.0895842893846353,<1H OCEAN,245686
-123.84513458527725,38.74483633976831,17,3605,632,2228,345,2.985884705704294,NEAR BAY,217838
-115.8437369988498,34.51209308853788,9,997,962,1632,338,4.32446974166224,INLAND,225786
-115.18765689685328,36.56880040387931,32,4087,531,2958,904,3.645977570246165,NEAR OCEAN,230447
-116.09372606580963,34.358106806618125,6,4693,295,2590,490,2.949005181714236,<1H OCEAN,242933
-123.02050059080234,37.65574570604177,49,2913,823,439,619,3.442663485002694,<1H OCEAN,226682
-114.32084865587711,33.590902518214946,40,4300,608,338,689,2.119412725335425,INLAND,63564
-121.71415778447226,32.717204416202314,21,962,546,619,935,4.625969716203196,<1H OCEAN,330114
-117.05795087191629,32.98063739820295,7,3260,627,1784,376,6.341938362818824,<1H OCEAN,421549
-115.21965123664278,41.47002935024391,7,3957,301,503,301,2.0564087678688296,NEAR BAY,204889
-121.94312885669291,33.837490454942795,47,772,974,2362,313,1.7652614487649128,NEAR BAY,142632
-115.21741445322934,39.15969557948625,39,1650,829,2590,705,2.826854556257781,<1H OCEAN,239469
-121.20518420805132,33.138506319694564,27,3889,704,1474,577,2.0368648941532306,<1H OCEAN,204136
-114.53586777615944,33.51670731101071,8,518,232,2226,607,1.992744684214234,NEAR BAY,210025
-121.48739979619525,37.28343676324774,9,2116,238,206,174,1.8949502819284654,<1H OCEAN,200849
-114.76564175242164,36.86978674345083,28,3678,768,2978,768,3.0727073366499096,INLAND,113590
-123.76455349107324,41.444854908734776,15,4581,592,2426,764,2.8163198421009703,NEAR BAY,224834
-117.20727988330187,41.38145325839493,2,911,946,1368,241,3.854736953947364,NEAR BAY,303453
-118.97888866162997,39.82832123989917,7,1241,169,615,689,2.650621980378481,INLAND,146562
-119.5212292287727,38.15975720319709,47,3171,915,2913,421,2.0408017835339916,<1H OCEAN,172881
-122.0650568574416,36.7766269834943,18,3279,114,1344,793,3.2977710736364862,<1H OCEAN,258507
-117.24404210223508,35.84807822268716,22,3124,846,1347,560,2.1740191190298117,NEAR BAY,226713
-122.39190508553692,41.40262294157022,50,1014,311,349,806,4.0749906316756235,NEAR BAY,251037
-118.77158204015231,38.16734282739204,10,706,901,2644,769,1.7049075385312342,INLAND,95509
-121.76754636959748,37.94328176024835,50,1447,159,2628,245,1.396606934143727,NEAR OCEAN,137659
-114.74378620218644,34.679870544627796,33,2941,351,2003,153,1.7438423397238694,NEAR OCEAN,163073
-124.01368806164346,32.93895948812006,7,2328,545,1038,455,2.8085609423955575,INLAND,143038
-122.30271719888763,41.384772649739716,3,4098,101,2248,376,2.9598780184628612,NEAR OCEAN,254200
-121.87689393612553,35.44911143313975,14,2667,847,1896,920,3.5070552084323565,INLAND,147188
-120.15932174232184,36.66033681924991,44,2156,435,443,694,2.648832715927954,INLAND,96458
-121.97269758129946,33.57761546970564,46,1101,118,2110,499,2.3664639029332224,<1H OCEAN,187288
-119.38650909731214,40.367088701147345,36,1211,660,1621,767,5.890317070692912,NEAR OCEAN,364954
-115.5753447674146,32.759739228845746,13,1703,177,1474,615,5.299191000154116,INLAND,215117
-117.17936578590829,40.3395131637315,16,1891,571,1078,598,4.925771796741564,<1H OCEAN,298565
-118.50038019464888,33.81867912020689,16,3196,127,1520,410,3.756766136718573,NEAR OCEAN,255473
-123.4099682201732,40.833702658732825,5,3772,659,1176,370,3.87832178157037,INLAND,186677
-117.36007891610724,39.35986279095988,25,3631,707,1723,675,2.405892281361156,NEAR BAY,180003
-122.6358571568906,34.04790046756867,38,4230,264,1338,548,3.5174746926766867,<1H OCEAN,250791
-116.43632614038302,37.818689132879,38,3166,557,2248,211,2.279721102436386,INLAND,99826
-121.79943241489846,35.43896935493906,50,1049,976,752,338,2.1786178887448022,<1H OCEAN,185604
-120.12951271679098,34.17539112976888,38,4482,275,681,243,1.7384676917338648,NEAR BAY,155659
-120.79529797682072,40.57631267446442,39,1744,684,799,473,3.905667224263549,<1H OCEAN,277966
-115.71186085325142,36.29311400516796,48,4386,967,2582,119,3.5447537902485005,INLAND,117986
-123.03455541286591,36.24631091503459,41,4512,128,2712,675,2.9412834945236166,NEAR OCEAN,203031
-118.64355117615212,34.09693474318223,26,3049,768,1364,388,2.7912160613770425,<1H OCEAN,190221
-122.87938390556937,36.10081735520632,13,3704,925,782,692,1.5967293877725612,NEAR BAY,190974
-117.25204163867814,40.69319835549119,44,1345,915,336,296,3.6787014523421466,NEAR BAY,279253
-115.24921872205519,35.91340987860258,51,543,378,1203,481,2.926432120889897,<1H OCEAN,188349
-119.95392346132746,41.44507348749801,26,1158,382,2182,680,4.751207917624549,<1H OCEAN,268157
-119.41907739735024,41.39530365255884,1,4430,578,1834,797,3.5200829066529167,<1H OCEAN,255896
-115.02577163517238,33.86204739748905,8,3367,618,886,778,4.403120764093214,<1H OCEAN,299152
-119.09008611350643,34.16672578311286,4,4147,404,2414,816,3.3105152454820956,NEAR BAY,235001
-119.42401561950439,40.60913626111976,21,3282,793,1633,591,3.5703768443505526,NEAR BAY,236912
-118.51670897295696,36.19195263789236,22,2191,208,1992,263,4.818441382176186,<1H OCEAN,323014
-117.40770263637047,32.54111543346029,51,2725,423,1109,705,3.074198737905713,INLAND,115904
-123.23116624912969,35.07439510523049,37,3566,305,1959,348,4.009802367858398,INLAND,122202
-116.08889472258484,38.11771253603826,49,2447,333,2234,167,2.780387298704841,<1H OCEAN,179376
-119.94494972546741,40.0131000800237,3,1865,557,1041,954,3.150487605170472,<1H OCEAN,255277
-123.57651490102513,33.75385300067664,19,3630,286,2312,120,6.2802488120207505,<1H OCEAN,373677
-116.43817330801787,33.53908882551731,1,1467,581,1804,930,4.289639397082471,INLAND,218205
-120.53050028313727,41.167670943579914,29,1904,506,2680,611,2.6735747551846987,INLAND,102322
-123.29632504904946,39.56079465753228,23,985,940,1537,696,3.932076524565767,NEAR OCEAN,264632
-117.96220960456749,38.043928247313936,33,2255,608,314,489,1.9897469911935748,<1H OCEAN,149197
-115.49868646566358,39.73035582596172,41,4130,968,768,635,3.038983590105747,NEAR OCEAN,216417
-115.42246490586014,36.5312309962824,23,3468,619,1753,210,2.2673920166565504,INLAND,75099
-114.72336525191027,39.62948402470579,5,2079,152,2889,962,3.977933562471343,NEAR BAY,259236
-115.62294540233312,35.994948117980634,7,3295,497,694,694,3.078453533359611,INLAND,147364
-124.27859080654524,34.79448898143046,6,550,298,1021,969,3.7187641309748876,NEAR BAY,255157
-120.4975883358661,39.35272616015391,49,2159,490,2449,559,4.525245398604896,NEAR BAY,244338
-116.11457420094497,36.44491954627832,22,4800,748,2896,177,2.7618874269914797,INLAND,118684
-120.63746994001525,41.72494478066623,49,3287,870,1808,533,2.8016436796291155,<1H OCEAN,187824
-118.28451493620294,35.78516071369615,13,2655,945,759,479,3.2712923724424225,NEAR BAY,233237
-118.23683052625468,41.164237752992015,12,4846,597,1241,751,2.353259739643306,NEAR OCEAN,210241
-120.64974695961176,41.26984795653055,4,4730,271,2725,539,3.305258895494145,NEAR BAY,269741
-115.25526072718712,34.773417702408615,8,3661,185,2735,987,3.3757756395748886,NEAR OCEAN,265585
-119.26771654613881,40.00327910692732,37,2114,657,1669,882,3.6385166544015917,INLAND,148996
-119.65215794062499,36.57090034835891,31,3236,957,539,438,3.9267816694628994,<1H OCEAN,233231
-114.32486254338104,41.12473243596527,37,906,285,1754,523,1.7484916423764079,<1H OCEAN,176289
-119.36499635927383,36.73116816277125,45,3879,255,811,268,1.9856600953037553,NEAR BAY,165432
-122.51601748071418,39.49645494297124,26,4697,592,2363,808,2.0815780802113566,<1H OCEAN,159063
-119.16930577136561,36.8894936461397,43,1884,620,2081,361,3.4454109993208473,<1H OCEAN,229035
-116.1598326448007,34.641327103700846,8,4195,726,273,826,2.96314041330811,NEAR OCEAN,243722
-116.53139673101718,34.37389121208005,40,4999,765,2363,678,1.34032238754446,NEAR OCEAN,126229
-116.41418234891529,36.49905322600965,33,3402,229,1909,328,7.234186566245069,<1H OCEAN,464570
-117.21976216002088,39.601649775933616,45,2129,942,1961,260,1.498421728087212,<1H OCEAN,91016
-121.75782170933311,38.187671960699205,29,3762,180,1892,526,3.3607678411424673,INLAND,109514
-115.67915914159768,38.97311532506511,5,1526,483,2234,221,4.15931008973537,<1H OCEAN,256986
-115.36556534623735,35.15386769688026,28,3489,901,1445,248,2.4895082730210913,NEAR OCEAN,198072
-122.3584730338145,37.02549225200149,40,2724,758,325,951,4.288700941587095,<1H OCEAN,285315
-122.99544363448605,32.91731549071167,17,3420,394,856,804,2.218273095458416,NEAR BAY,201145
-114.54395031410888,40.18480471000633,23,4815,368,1399,842,3.555303956669602,NEAR OCEAN,248982
-115.61676036349631,41.80498632505482,45,4768,744,2196,210,1.3878853683131238,INLAND,50000
-115.36763852790052,36.324663188671906,9,3283,661,2911,756,5.3084061839522105,<1H OCEAN,350491
-115.43623615375604,32.60305833943651,2,1913,634,1190,320,3.3212799458679894,INLAND,178878
-118.88313175966272,34.0960508117789,32,4148,477,1058,163,1.7543791579594,INLAND,77864
-117.835982633342,38.633752650853936,51,3308,475,1721,737,4.269521353725452,<1H OCEAN,243852
-118.84637147866358,38.25354559111628,49,3831,187,2332,829,6.378040366172444,NEAR OCEAN,364149
-123.7879365080967,39.90592836410411,31,2678,723,2099,895,2.292025247229525,INLAND,81087
-116.84496914647227,34.886509703034044,7,1297,210,1606,453,3.0523604924565992,NEAR OCEAN,274126
-119.2466796666412,39.67814000614306,30,3346,683,832,573,2.7022113098439395,<1H OCEAN,188841
-117.8229092520977,38.96704980232249,3,1429,253,1864,847,2.439793084091654,<1H OCEAN,240942
-119.27360195024464,35.53445627851013,51,3591,562,1686,584,2.339120864456104,NEAR BAY,136634
-119.38188677677543,37.62758859173544,51,2762,668,2698,112,2.563610755719011,INLAND,102051
-122.58210890522233,33.88437379988427,9,1833,868,2765,252,2.6196685858066724,INLAND,139021
-121.51286284858851,36.75410633229448,10,1774,255,894,338,2.8789183033406984,INLAND,130832
-122.71147308056044,40.78325499182302,46,3980,724,2797,289,2.7965019696660374,<1H OCEAN,212158
-122.34333704374657,36.45919897035867,50,3842,417,1128,762,4.501759882081328,NEAR OCEAN,265069
-114.57022619579695,40.391927040868964,47,1717,658,315,185,4.343804280994913,<1H OCEAN,251733
-122.76886554227801,38.048381633441124,26,1964,337,1231,120,1.7978648307682543,INLAND,98022
-121.60729575694792,34.30364110316216,1,4908,433,1441,793,2.6184010788829837,INLAND,119096
-118.39410342261415,37.96239870016023,30,4674,205,1942,418,5.4751676629533845,NEAR BAY,357298
-118.19821423763358,37.2562432940764,38,513,581,1813,257,3.7344852227224616,INLAND,170901
-122.7602587025617,36.24722855084601,15,2793,798,2103,580,3.79539421158542,<1H OCEAN,290896
-116.36282574214788,33.62452613145106,25,2545,770,2651,978,3.653155692031076,INLAND,169643
-116.44797132087174,36.41706144016396,6,1537,809,503,175,2.9901859185394395,<1H OCEAN,257112
-121.9268229579611,33.183966336652496,18,4628,481,1690,428,3.266048628475566,<1H OCEAN,266451
-121.41333697324539,33.42842908314826,1,1959,788,2175,515,2.82480810725033,<1H OCEAN,246594
-114.92012134540502,36.40961540956753,3,756,360,2987,302,4.675303595240271,INLAND,229972
-116.04328554020522,35.37058593050356,17,4629,898,287,328,2.8351325680362556,<1H OCEAN,197377
-117.32202966937476,41.2001166631049,48,4573,392,1233,251,3.1734439379010757,INLAND,117034
-123.477667784894,36.03163457057454,8,1783,434,507,874,4.455480811229213,NEAR BAY,335340
-120.11735919097424,39.62386634747774,49,3987,754,2681,171,2.912125416992461,NEAR OCEAN,174591
-118.70698127923173,37.48432674784268,40,2684,919,1001,324,3.2275133512309138,<1H OCEAN,216794
-122.42588712016223,39.118405285237955,17,858,808,363,572,2.876921513390437,<1H OCEAN,235353
-119.81773417891775,34.945090240344754,25,4291,575,1195,996,3.2035706972854965,INLAND,165425
-118.2897412251131,41.353906744680295,41,3687,324,2903,742,2.91617021039891,NEAR BAY,181637
-121.026233198846,37.48283187099558,12,4999,654,1558,459,2.67957261387837,<1H OCEAN,237847
-116.49055181049512,40.31444627008135,29,1725,553,2265,639,2.5013205883466454,NEAR OCEAN,188910
-115.89550418361195,35.931429518675465,25,2797,762,1294,910,3.0988147361090705,INLAND,116468
-121.06390530565929,33.44198668107493,51,777,395,1398,708,4.989298328970891,INLAND,180104
-115.91342845507542,38.83288948857598,36,4707,674,2077,145,4.260893273962187,NEAR BAY,263933
-123.26423433896984,32.57294069437179,25,2486,741,2023,100,1.7653117956300826,NEAR OCEAN,173247
-115.92270901377343,36.96775397971578,29,4044,866,1010,777,2.7964204889557633,NEAR BAY,206265
-122.77249568332383,34.312337885064714,11,3293,562,2586,344,2.5719505308352324,<1H OCEAN,231882
-123.47072847490274,38.3973297416924,4,891,954,2495,318,1.7772562373276404,INLAND,62425
-117.88224595558988,41.70654680749581,14,1468,313,1548,713,3.706586646105207,INLAND,185269
-119.58062634244705,36.86538731941407,46,2690,684,2553,390,3.1949246771750017,<1H OCEAN,222422
-115.22109399587167,40.184483611341264,38,2728,715,2003,557,7.457176300187035,INLAND,304702
-120.6681080390915,37.27317135734054,17,3126,257,2451,303,2.904879375287575,<1H OCEAN,258368
-121.4284773656237,37.16089629237783,2,3345,371,1793,301,2.433984859290482,<1H OCEAN,226497
-119.29265093855801,41.24598083588051,8,4864,926,2694,665,2.3415771127082823,<1H OCEAN,224387
-119.74053814231338,40.865679166218804,36,3807,337,2960,581,2.771430848676888,NEAR OCEAN,225694
-120.85571953782811,39.88652437276696,10,3100,402,632,891,4.204396021839003,NEAR BAY,319587
-117.36258701301671,35.28480408117777,7,3180,983,1847,610,4.401508102288677,INLAND,210553
-116.70438166086092,37.62307910780504,36,4870,769,1351,377,10.702345632216979,INLAND,500000
-115.77016030969862,34.60463399307344,16,585,720,1021,115,2.049031799210993,<1H OCEAN,150250
-114.57143395289657,36.67281696163747,14,3634,620,1270,624,3.4366389698503457,NEAR BAY,265707
-121.63343807867496,37.05160281814203,16,4999,420,704,455,2.5251169675326492,INLAND,144905
-117.13906517510038,40.31741637759171,25,2739,158,314,455,3.819807041768225,NEAR OCEAN,252082
-120.35741764504255,40.922666634054934,41,3864,457,1639,929,5.773409848907847,NEAR OCEAN,365979
-117.52918028048892,36.39742858652689,4,2545,803,1990,698,4.687242946034216,<1H OCEAN,365821
-119.54018309650779,32.66642178368843,29,1554,747,1194,177,2.0481935242454132,INLAND,87193
-114.36226897232068,40.60067409401993,6,3901,350,422,166,4.366068801164047,NEAR BAY,332811
-117.0109786420925,34.13821957791279,1,4229,990,835,958,1.4256953829163976,<1H OCEAN,138895
-114.77508699565675,38.3456904605697,39,3169,535,2172,822,1.2815012665142549,INLAND,50000
-115.95030450518814,32.734726464080836,1,775,245,871,313,3.005307149332748,NEAR BAY,277860
-115.27098988836629,36.255360867449305,51,4590,958,1157,796,4.238765578398232,<1H OCEAN,280145
-116.15580802785325,41.768026839884286,40,1605,451,1132,548,3.8162899797796115,NEAR BAY,260734
-119.70840869624088,33.44651985037575,3,3432,669,295,532,7.115783135672165,NEAR BAY,447496
-121.78211546653115,36.48271562879664,1,628,788,2354,644,3.46852972288925,NEAR OCEAN,278118
-120.59679824549478,35.38720953178555,1,4851,899,831,214,3.1811937508044115,<1H OCEAN,292822
-124.09763767360049,41.00782835984968,39,4826,344,1901,886,5.270246502421994,<1H OCEAN,322474
-119.06006832535333,40.67179701432914,21,4068,659,2149,519,2.858642687537273,<1H OCEAN,235917
-119.24942199729591,34.73436834687855,45,2902,400,897,598,3.8786971898429567,NEAR OCEAN,262394
-119.04749535169512,33.26316519827405,30,2147,537,231,809,3.9732740707122747,NEAR OCEAN,255346
-114.55968775027935,38.395100904174505,32,4056,967,2313,479,2.2508159094467635,INLAND,68767
-115.1854599654516,35.661865891706874,33,4391,199,1402,242,3.8767094623678777,<1H OCEAN,291375
-122.68287221669891,38.81759327169699,48,2693,824,978,839,7.956671598012414,<1H OCEAN,461236
-120.6111747844411,32.801925707037455,22,2547,913,1666,731,5.231300363027149,NEAR OCEAN,325958
-120.06043820536738,33.7539528106684,30,3604,579,1115,964,2.3733066300679373,NEAR OCEAN,182439
-120.69467082148351,38.951898988062844,46,4855,514,748,123,8.460940826337438,NEAR BAY,457335
-116.31504036396086,34.496284159843476,4,2634,264,2448,638,4.374130983121282,NEAR OCEAN,336036
-119.05962330132412,40.56132415216658,23,1342,737,2093,174,3.9341695638659995,NEAR OCEAN,268673
-118.57900183028374,33.05075434447527,44,2471,401,2296,852,3.1934804637764342,NEAR OCEAN,210905
-115.76986441012075,34.5255306381844,25,4860,220,1903,634,4.3626612914566385,INLAND,209951
-116.24071846584641,41.88646633575964,12,4403,187,2510,772,3.471941170006305,INLAND,128008
-122.977884771797,36.57091536431585,17,4113,316,1356,140,3.346308447892854,NEAR BAY,249577
-117.16085415916365,39.10787723731965,15,891,672,2230,849,3.147965762657484,INLAND,142180
-119.94563871097964,34.21703265925593,10,2779,913,2033,850,4.901330870072895,<1H OCEAN,329354
-121.353510969375,38.232766108864055,35,1400,278,543,667,4.688796241069352,<1H OCEAN,288449
-123.79981179097814,39.325397042672535,29,2994,801,1399,512,3.127526118487376,<1H OCEAN,213175
-119.42750439654549,35.4560803771452,12,1652,262,2258,514,1.808334338440398,INLAND,84065
-120.74563319275468,40.29163285257325,1,1794,692,2448,548,3.3683614993380675,<1H OCEAN,247216
-121.78486960323599,38.17212523763946,1,965,269,1144,709,2.491411596742815,<1H OCEAN,226794
-117.35328270403042,36.157756290381286,10,2675,400,1125,757,2.7471617068035727,INLAND,116299
-116.60514612684413,37.74183849742569,18,3745,473,2250,873,3.1583793516241907,<1H OCEAN,230190
-121.85210480970575,37.921551965897685,47,987,807,1530,535,2.1724891936429276,NEAR OCEAN,165564
-123.80552563320653,34.056031751322344,2,3438,302,2203,651,1.7434758538463442,INLAND,75221
-115.81247299434764,36.28568427674948,49,3126,146,2807,804,3.7314215737893583,INLAND,162911
-124.20040258795696,35.72824752738323,8,1449,562,1987,338,3.355939672297461,<1H OCEAN,256995
-114.92887506078527,36.268485592243785,22,1549,769,2446,141,3.304999653484927,<1H OCEAN,264182
-118.02380126017295,39.654439531761426,22,4575,507,2139,833,4.072701894889234,INLAND,166396
-121.08153364798679,37.03586103018672,26,4959,293,2356,807,2.550233315080335,NEAR OCEAN,185829
-121.83522090423264,41.338971840449084,26,1890,526,2355,899,3.7923632456449536,NEAR OCEAN,230357
-124.20994335735524,35.2605582855693,9,1583,890,2799,109,5.668751030282818,<1H OCEAN,364594
-121.94528582989122,36.407613635878334,21,2158,416,251,846,2.9985163719292607,INLAND,124273
-122.92271698482858,39.897394018502986,31,4887,578,2359,936,7.097577327841233,<1H OCEAN,425419
-118.17833779276855,37.63263117721505,43,2317,520,494,364,3.387180183073855,NEAR BAY,240306
-122.63454411406198,37.64206457638981,6,690,368,2312,680,2.360912751218629,NEAR BAY,224541
-119.01370162463381,33.001397532248724,14,960,580,2821,544,4.664000750545681,INLAND,241912
-118.39883577655529,36.24683682955349,33,3021,810,664,238,3.1739465700869403,INLAND,107951
-121.31958301653086,35.04489708476429,7,3976,835,2505,966,5.058248098918649,NEAR OCEAN,346528
-123.94935050981282,41.89375015461248,24,3205,362,1869,830,3.9170488092247457,NEAR OCEAN,251849
-123.92746119385804,35.39853766394371,9,4866,525,833,295,2.9120823584067437,INLAND,144888
-124.03652667806082,40.81426742706232,11,1657,265,1554,173,6.10071499458171,NEAR BAY,430120
-116.90875332863453,38.85659710938049,23,4766,791,1724,714,2.7189656119966896,INLAND,89019
-121.11990295185701,35.70461424640565,48,527,527,409,324,1.3961974057325657,INLAND,50000
-116.33699814032336,37.60922315671676,51,4731,803,2336,734,4.721997306942264,NEAR OCEAN,306072
-119.98267176157151,40.40103727152242,2,3472,496,2275,201,3.8189396207674546,INLAND,171092
-119.77001899170035,40.80366200149057,15,3524,315,437,363,5.548278364793708,NEAR OCEAN,371140
-119.17117397490426,34.007702425057765,35,1764,895,535,260,2.3334093925351698,<1H OCEAN,174471
-117.16968543624895,35.691987527356794,36,1355,963,2310,332,3.007590732135627,<1H OCEAN,211956
-121.56497134170293,35.65109789400757,28,4525,206,1776,590,2.874800528546027,<1H OCEAN,207878
-123.08412650466472,32.89522108311388,39,1751,197,699,886,4.823524235599149,INLAND,197678
-118.73942664808538,38.12343494260783,44,4370,979,1764,869,4.307424113653182,INLAND,194481
-121.03022376757261,40.53530849812657,4,1826,581,990,410,3.617995525671921,ISLAND,275316
-119.87508686331962,36.08679924555987,10,1525,598,2839,750,3.627333776593069,INLAND,159333
-117.83053291662695,39.456337882851265,6,861,329,1335,326,2.095121475301308,NEAR OCEAN,200136
-119.35874258858729,38.40038388784696,30,1718,356,2548,372,4.515305530841308,<1H OCEAN,253322
-118.09721182899156,36.03109811363421,46,1105,142,428,416,4.552371970825112,NEAR OCEAN,265280
-118.85799997886372,33.82596211522759,35,2170,341,349,998,8.301555192555066,INLAND,405049
-116.90203628063901,39.16764421609409,49,2797,653,1978,185,4.008086677847182,INLAND,148497
-117.2406338228838,40.53291258804766,43,2694,194,1824,390,4.275852400571198,<1H OCEAN,261231
-118.95810108191381,38.947032228574024,10,4943,865,2774,568,4.019029481875905,INLAND,194410
-117.51096979140293,32.66805774992729,32,1777,287,532,828,2.512600048976372,INLAND,108362
-115.56440397727387,34.532589207275315,42,898,484,373,970,5.472636931923629,INLAND,258206
-119.97728712211831,33.1531118579052,42,2672,918,1566,677,3.2469027071474503,NEAR BAY,211324
-120.17236927251206,37.861629336016534,3,3310,499,2308,868,3.073498406723805,NEAR BAY,242114
-116.6575437914762,39.610890181099876,26,3152,605,1284,746,3.1458200070302325,NEAR BAY,226827
-118.47446162958006,33.5394443584454,15,3439,266,1018,503,3.233685655963565,INLAND,167267
-123.58993219777412,40.38037551357782,17,1321,882,1901,526,2.7330996404022625,NEAR BAY,220795
-115.37887984308918,37.72178439691754,27,1444,224,2771,474,3.618629797745726,NEAR OCEAN,297249
-123.99216897762359,38.985708714132215,18,3978,772,2463,666,3.1942636955933024,<1H OCEAN,238493
-116.81603643790257,41.63117737692127,51,3279,186,1812,967,3.0873596492537376,INLAND,138637
-116.71205857295686,33.286601289528356,19,4929,920,823,854,4.038728771505458,<1H OCEAN,265075
-114.76888914718069,40.971505815991215,12,4950,588,777,351,3.4223090194279946,<1H OCEAN,231318
-123.75865591597679,33.68536534228165,24,1696,325,2941,632,2.660051867106889,<1H OCEAN,206974
-118.33143139215508,36.19381278238481,5,1712,756,622,406,2.446317335037991,<1H OCEAN,240103
-120.02159429372946,40.503523745512474,24,1323,444,2963,529,3.4534048821777854,NEAR OCEAN,239130
-120.99367045140458,41.01878982533596,27,2396,859,1594,774,2.4629190800722514,INLAND,83815
-123.39681439700927,37.25989373132437,48,4763,973,1429,967,2.3930179242440475,<1H OCEAN,192151
-118.6734588032869,38.08458359978899,30,2915,617,953,363,2.406586382892714,NEAR OCEAN,204431
-119.50959274325386,39.156584945226435,15,1035,130,946,167,3.676620151222094,NEAR OCEAN,252982
-123.25445541848975,40.327931483455515,47,3510,808,887,206,5.351714561774916,NEAR BAY,303568
-118.17510492902916,33.64220499365406,38,3127,843,922,499,3.815624164278339,INLAND,169367
-116.92046879747062,40.114651497354735,44,4277,395,1766,678,4.733801999284778,INLAND,160052
-116.62721698946352,37.0239958148092,34,1449,513,946,298,3.2288280299018246,<1H OCEAN,249031
-115.24626811737572,36.73586019601679,27,4008,936,441,291,3.51447474013068,<1H OCEAN,262560
-120.20529258111223,36.48465766877178,20,4802,234,2912,613,6.431438740272432,<1H OCEAN,355953
-114.76927231377863,37.2865889013128,41,1043,624,907,868,4.625026011435815,INLAND,190562
-115.64570594917313,41.38347520190927,32,4400,103,634,541,4.829827209353262,ISLAND,269913
-121.33498428976061,37.65311546424623,4,4253,277,980,100,2.9871451975149506,<1H OCEAN,221255
-122.70716962650542,41.459868859673506,5,4724,845,683,457,3.3131284343178193,<1H OCEAN,250597
-119.94610603871986,34.19472722778702,8,2582,358,2631,214,3.905031238517287,<1H OCEAN,261895
-120.28101292044033,39.30687820102675,22,3366,751,1733,699,2.605017244885885,NEAR OCEAN,252614
-118.54280694668796,40.13505166292222,42,2746,164,369,296,1.2901111475888198,<1H OCEAN,139786
-118.46613767672251,38.8838110145477,7,2336,894,1220,703,3.8906910460461948,INLAND,214883
-116.80013015620024,38.20506943412948,22,576,462,1068,373,4.877079585935115,<1H OCEAN,319048
-119.2011005179439,37.809240142210115,46,868,917,2570,955,3.394242797476414,INLAND,124321
-123.25177359059234,40.592746536239744,30,848,816,1047,259,2.6159753837646513,<1H OCEAN,232413
-115.71708664446894,40.2234780133463,37,4833,116,1697,272,2.9087444913810914,INLAND,117111
-121.20235416814813,33.649513979097634,16,1955,299,895,644,1.4750483719087824,<1H OCEAN,169997
-114.58702539693408,40.476723976090256,15,2685,643,2606,557,2.905802514680227,NEAR OCEAN,212066
-123.1213989132023,36.392245022740155,5,4311,311,231,684,2.125412874040398,INLAND,82954
-114.71748827767496,34.88475020196062,3,3772,534,376,532,2.5096501254407566,NEAR OCEAN,227703
-123.38988193117483,40.675824539330904,23,4182,372,2312,580,2.0828282184513074,INLAND,88600
-121.9896386205294,36.56103311655717,10,2346,389,2274,554,1.9889543059405097,<1H OCEAN,169505
-123.83420057913457,40.09862808766208,5,2354,902,1702,295,2.2218829900705086,<1H OCEAN,213263
-117.24886853361005,34.97599395238494,23,3485,582,2515,895,4.276468082054839,INLAND,166390
-115.79701263428208,32.53693562136885,15,4950,333,2844,698,2.707658145694768,INLAND,120659
-119.95928918184019,37.157316413287674,18,3125,507,265,408,2.1315084243418108,INLAND,59825
-115.0147792495757,33.44214561244311,25,3394,793,332,835,4.488890778383419,NEAR OCEAN,326004
-118.397009282444,39.59113398193415,8,1058,245,2128,655,3.4958929727571286,NEAR OCEAN,260570
-117.99992864553477,35.09510627905246,31,3396,661,1115,947,1.289860127239596,NEAR OCEAN,119621
-115.8458079829923,36.6702690780727,21,2417,529,2329,593,4.944370896708327,<1H OCEAN,303303
-121.3319979494816,33.31811551186061,2,1754,531,2116,538,3.4172268407052973,INLAND,144021
-120.75734278672374,35.19459693540418,22,2181,714,2054,749,4.518362148405223,<1H OCEAN,312646
-115.24048080805355,39.84600828663058,8,2314,644,1551,881,3.0340885447266692,INLAND,163780
-115.29036503961235,33.9249263718818,23,1162,596,784,458,6.3083632430862115,<1H OCEAN,410492
-114.53517223799129,38.5832998745934,32,4616,188,2574,135,2.849787820655422,<1H OCEAN,238421
-115.28161683558329,41.12380301636231,8,3825,510,2789,133,1.1568079122757187,NEAR BAY,184804
-123.02627963966638,38.89046554172257,4,1741,996,1348,187,2.3262368905381945,INLAND,131470
-116.06275713863012,40.12360387934693,30,3643,952,2457,757,4.058671290583314,<1H OCEAN,262875
-120.20161521890405,33.52433331545681,19,3537,926,1948,115,3.538258335085635,<1H OCEAN,261302
-114.39198644054062,34.85687916441931,23,661,340,2380,844,3.161334675405064,INLAND,89927
-119.57719035671198,40.90866521106155,18,4725,877,2404,520,2.237693329055399,NEAR BAY,206636
-118.76163917497779,39.22199276801004,29,2450,322,2092,652,3.3446687974898084,INLAND,141218
-119.00225084743201,38.51180596794672,23,4820,847,2629,866,3.3010802214842263,NEAR BAY,273958
-121.08262970141722,38.73940731954398,33,2281,764,1173,892,3.2875426547957844,<1H OCEAN,216509
-123.54977911107082,36.393485210463645,47,1977,567,2842,225,4.116766591214321,INLAND,169148
-115.34348769598081,32.91883233720594,18,3530,668,1642,107,3.5705068416076298,NEAR OCEAN,240458
-116.27324187473712,39.873750495464854,44,4486,421,2719,571,3.0014086535554787,INLAND,103869
-122.90473219440331,38.879904420424324,33,606,474,433,567,2.2232588278837833,<1H OCEAN,145457
-116.53231728649926,36.94436196265961,7,3168,211,2819,979,5.720167614662097,INLAND,306129
-118.0415333394939,40.957740384461616,51,1664,626,1677,961,7.334876402371487,INLAND,336796
-120.20856212082377,35.65990085085993,28,1657,511,1793,951,6.670427354648948,NEAR OCEAN,396067
-121.75978850904437,35.26662439577362,1,2746,368,970,609,4.39133093192141,NEAR OCEAN,323803
-115.70271216497767,40.70428545574676,39,1166,725,2548,501,1.6988773996998714,NEAR OCEAN,146713
-117.29811740705946,39.99168395473446,34,2626,351,505,935,1.6177980703297186,INLAND,50000
-118.82260090530863,37.34081022009444,39,3441,473,201,275,2.666137629383293,<1H OCEAN,196770
-118.20431466101536,33.72890655090379,19,1011,753,470,839,3.248194740808962,INLAND,134554
-123.38933817917818,34.52167183177149,31,749,725,620,934,3.195262255938457,NEAR OCEAN,248369
-119.56080239088807,38.66854310984278,13,1388,549,2947,466,3.5876619864017667,NEAR BAY,262166
-122.36299707214297,36.119387635699866,24,1523,901,1063,587,1.9022195515447058,<1H OCEAN,218921
-122.21616320991174,40.362848001660126,5,1099,968,2076,117,6.315252497882772,INLAND,309205
-117.68696037713133,41.42957708772272,23,3522,636,1209,155,6.062337645386447,<1H OCEAN,382372
-115.18743848165711,40.07298709758423,19,3030,467,2939,134,1.9649335800173369,<1H OCEAN,189809
-120.26243389521653,36.048926976158235,1,3383,921,1260,729,1.576776524585509,INLAND,94579
-122.2225072698781,39.913652434775386,33,2564,354,306,893,3.203044826192757,INLAND,128711
-117.81253062763345,35.80355173062443,50,2258,562,2048,865,5.5004846052935665,<1H OCEAN,335151
-115.58812953649682,34.07074082499696,33,4069,367,2528,824,3.27765351282178,NEAR OCEAN,234538
-116.81681198877509,32.813896125739056,32,1742,225,1333,672,3.6839373880956154,NEAR OCEAN,236625
-115.61242769463412,36.12573709995359,28,4829,492,748,699,2.7846310187578176,NEAR BAY,190268
-118.934453289892,40.99345745475445,37,2795,861,2799,882,3.520178214770448,<1H OCEAN,252993
-116.78123755630808,34.746473924903356,41,2425,898,1820,446,4.844242337763049,INLAND,231556
-122.89935440641064,34.44122375033997,12,2562,433,2037,131,3.9151110020500752,INLAND,151136
-120.81725384636809,41.61631538126578,9,3895,664,2435,232,4.179549606552523,<1H OCEAN,271286
-120.40450835518477,32.73503866079557,50,940,467,2999,675,1.7069466818203887,INLAND,50000
-119.18704253753965,39.88635221370129,11,3243,654,1711,298,7.809281222013887,NEAR OCEAN,494966
-115.00923639743176,35.52087758396418,33,506,777,1577,355,1.7151464366319904,<1H OCEAN,169929
-115.55703439777825,32.8523867945748,19,2086,653,218,441,3.534489260577308,NEAR BAY,238197
-122.95474507710816,41.127343877970084,42,1325,991,1058,766,3.1262084158047903,NEAR OCEAN,258426
-122.57210348117536,33.812637903970085,34,4324,555,1616,330,3.1811329405745425,NEAR OCEAN,217357
-120.72359450411088,37.68672526702154,7,1768,787,1484,400,4.701728807936283,NEAR OCEAN,356799
-121.39256134109326,35.076109549837746,31,3936,166,609,646,2.501462797106142,<1H OCEAN,210243
-118.15229046843737,33.112812340536095,2,3938,165,1626,125,2.792443304068126,NEAR OCEAN,218460
-115.27223952235455,32.96927136523576,19,1810,694,1893,634,2.0987835635878818,<1H OCEAN,177578
-114.67708458327412,33.586232969061584,38,4533,961,2731,752,5.201065664990453,NEAR BAY,304604
-117.76397047464773,33.17084993056017,32,2127,716,823,573,3.6929816552763124,<1H OCEAN,225762
-115.91840798598913,39.64924628588727,10,1536,499,855,486,4.2840003596702,<1H OCEAN,299135
-119.04797799769203,37.06432230146423,41,977,386,967,384,4.594194958734782,INLAND,164737
-122.2167305313996,35.72318565868041,8,3178,985,217,549,7.363719001562706,<1H OCEAN,456687
-119.05311587906522,36.432667755240864,26,1214,285,2431,419,6.867350228978467,INLAND,356026
-118.74917398562349,41.23209931438266,30,2176,383,2652,255,3.778082665190197,INLAND,172837
-116.87542435786443,41.06106703973858,11,2662,615,2726,570,3.536668134890804,NEAR BAY,254690
-122.1011701029265,39.22735891315222,41,1008,749,2016,519,2.683557264838636,INLAND,80403
-120.61689617913268,40.81601434776386,20,881,790,1980,212,4.4712280907800785,<1H OCEAN,295538
-120.65972530785433,35.50469145932367,20,1680,336,207,750,4.405462215334655,<1H OCEAN,341695
-114.70560404258835,36.082427664477855,9,2345,117,904,521,2.4799625673486014,INLAND,93231
-119.8605503967328,38.26889450942974,8,4870,914,1541,985,4.427845756939773,INLAND,213356
-116.74906032701853,38.362083904594286,15,2218,513,1359,820,4.969612143259144,NEAR OCEAN,342787
-116.79188618625561,37.027978477316005,34,1600,108,730,934,2.1198415616495785,<1H OCEAN,196301
-121.64455815196759,36.26618377531676,24,2360,519,2936,975,3.5821586314136056,<1H OCEAN,248454
-118.58130310628268,41.77009492912173,33,2591,128,2221,697,3.2339633302185953,<1H OCEAN,209444
-115.35697106681351,40.218562085506605,41,1217,755,2800,384,3.312971091009405,<1H OCEAN,230438
-119.5480228054305,36.588813860147624,41,817,447,2693,671,2.2680914529896206,<1H OCEAN,198697
-114.84882492657454,39.33654928605194,45,2276,760,1915,153,1.5989988207323218,NEAR OCEAN,129492
-122.15541770675839,35.03387991657312,40,2784,675,2953,704,2.4542800998671073,<1H OCEAN,165925
-123.55840894225969,33.4415916666309,27,1744,978,2443,424,2.32057888630476,INLAND,91233
-115.3854612685525,35.81285164019576,21,1833,549,1960,557,3.8239702946317196,INLAND,137726
-115.82318802037783,36.287944321159905,5,4169,479,1546,984,3.848968716321007,<1H OCEAN,283075
-114.37410124066155,32.6554489708703,35,1700,798,1996,364,3.762324152333316,NEAR OCEAN,276676
-117.50606511887574,40.15904481537742,21,2294,465,2875,481,1.898962587938993,INLAND,91445
-114.93312073332851,35.87641798245831,4,3201,326,1885,312,2.1216130037547556,INLAND,99203
-116.0305097491589,37.95593075833338,49,1954,217,2877,432,2.594336827019489,NEAR OCEAN,213903
-115.85573666879912,33.19525396034699,48,2433,511,2002,109,3.3509946259091143,<1H OCEAN,257747
-118.60858429545732,34.14497019025549,16,1246,455,243,457,2.9036163631103884,NEAR BAY,242462
-120.47635402083289,40.86312101807906,31,1340,353,688,302,3.7593859760564783,INLAND,127613
-114.95441927456717,38.221662762098326,26,2995,642,380,807,4.9046715411869695,INLAND,181635
-119.97882824384105,41.432670071602566,35,1588,772,2621,157,2.2261696813047704,NEAR BAY,203978
-118.91180632750331,41.88825032327838,6,1292,826,827,593,2.260287008968517,NEAR OCEAN,211908
-119.83885692874811,35.99548508413109,33,1767,543,1156,609,3.50483692998945,INLAND,174952
-118.65181686039803,35.30874880238278,21,2050,780,2314,867,3.2129443042285577,NEAR OCEAN,212873
-119.59494921007672,40.56854691849551,16,3190,180,1748,322,4.469807865547863,INLAND,204266
-123.82032441420523,41.88694741415207,47,792,145,1315,468,3.3301943442007453,INLAND,140093
-115.47951813992302,38.4186276017851,39,4522,148,1981,791,6.6605928155506,<1H OCEAN,379433
-119.8560618108423,39.97432279160831,34,1904,548,850,517,1.7591840479933454,<1H OCEAN,174254
-118.41056351492651,39.84841107286358,42,2148,909,2076,973,4.646372204283806,NEAR OCEAN,287863
-122.90812197242013,35.84019325726374,15,3316,506,1467,646,3.5956704842486933,<1H OCEAN,265344
-124.26612152017361,37.89814157441662,6,4410,979,540,970,1.8942056587019813,<1H OCEAN,165037
-121.84709906356356,40.33073524788361,2,3418,382,2008,202,1.451817594747085,NEAR OCEAN,175618
-117.25413967866649,38.96827043685392,24,1897,572,2645,260,2.116983871093629,<1H OCEAN,225704
-123.30805469887122,32.69893985143116,49,2193,515,2950,299,5.385095713736952,<1H OCEAN,328015
-115.21112559613532,35.66503328763682,28,1537,699,2344,259,5.14534602875968,INLAND,213432
-122.14977430643815,33.85807154798929,1,4352,220,1554,794,3.1535821777370914,INLAND,184589
-122.25406385708224,34.689938793533564,1,2062,102,648,964,2.872235960050123,NEAR OCEAN,227380
-122.48492038378504,41.01160108841846,28,1612,415,1641,235,2.357404442621581,INLAND,124292
-124.16018287028635,32.84679691576122,36,1791,559,276,497,3.0803532200899126,INLAND,92518
-116.58194531521765,34.56612669244208,20,1661,326,1095,837,2.7465218402552023,NEAR OCEAN,222780
-115.54965468754742,35.40995191103938,48,1529,178,748,491,6.579618864950723,INLAND,311507
-118.15837297383801,38.29871027648411,8,4837,756,997,854,2.024611357547887,INLAND,75894
-122.41800018320137,37.52055588680714,1,4757,853,1652,205,3.8844254424854743,NEAR BAY,294884
-121.4472200305912,34.55173313882183,26,3239,643,1708,682,6.704832510379483,INLAND,332387
-119.54073302635037,34.04386603189765,51,1478,874,1014,688,4.525975465152918,<1H OCEAN,230188
-114.75654048376698,34.72590152520352,43,1017,822,2382,153,2.1176125926837717,<1H OCEAN,181418
-121.82648628182257,37.223778490995564,49,1282,170,2901,376,1.7915262693178826,INLAND,50000
-116.98354096080112,35.049071185685314,25,3331,995,1783,210,3.7052861232736123,<1H OCEAN,289103
-119.90551776707079,41.40746351511259,10,4680,296,845,323,3.5261593726375016,INLAND,149758
-121.32152651639979,36.860333081431165,12,637,157,2025,174,5.435565912559514,NEAR OCEAN,332042
-119.74084062977886,33.05268255551959,41,1253,523,919,605,4.134552662676135,INLAND,154866
-123.58793282458767,39.355104214864355,7,3453,568,1722,113,2.7348156520571294,<1H OCEAN,218462
-116.31312629069637,35.5911457091645,12,2955,723,2860,869,2.6615645020375696,NEAR OCEAN,216948
-121.86698072017033,38.642795961347524,47,3334,147,2731,581,1.9690218956999073,<1H OCEAN,142079
-117.0458787680703,35.12818708291838,40,1079,534,1269,288,3.4964414940798654,NEAR OCEAN,194664
-123.61651628551805,37.86499117229321,17,3755,284,1666,463,1.8931094705081595,INLAND,75756
-114.74901443834314,39.758233545190166,5,3766,978,847,338,4.77787620426494,<1H OCEAN,338529
-122.369850145943,41.223282172680804,14,895,938,991,500,4.202426449274135,NEAR BAY,292256
-115.4725792379292,34.95459515767092,34,2437,264,778,945,4.149477406584666,<1H OCEAN,279210
-116.20526790384565,35.647655339390425,48,3089,826,2248,403,1.9567191258556014,NEAR BAY,151534
-114.62140075918583,36.86410435068783,17,3534,430,2356,190,3.126814140021627,<1H OCEAN,211700
-119.5210933905425,41.21544347471829,35,669,429,659,491,2.8413456253381777,<1H OCEAN,201050
-117.02602706154047,40.973036454020175,1,2837,220,2513,283,3.4594947548036274,<1H OCEAN,274252
-120.59289342962215,33.344855832945996,50,3739,312,1361,116,4.101714890850029,<1H OCEAN,250342
-122.45631761980306,33.740140362085825,50,3915,922,243,111,2.7035377140500447,NEAR OCEAN,155321
-119.8692406706655,37.157786266908,36,4068,606,1733,265,2.7445210813048093,INLAND,125688
-122.64250984611544,33.50222116437098,15,3716,652,1182,245,4.357816523746003,NEAR OCEAN,283447
-114.47955377213616,35.748460209477756,19,3984,964,2509,381,2.1131928755245397,<1H OCEAN,161815
-123.33753508859283,33.89482255524429,51,2341,900,2975,648,2.4628899218603673,INLAND,72960
-118.40788276547379,38.478779338239725,42,4260,267,832,681,3.3278775646485097,INLAND,118078
-118.03536144745944,41.425257058348116,5,3526,645,2399,268,4.758288996997488,INLAND,244943
-118.91920457125946,41.869297440767184,19,4465,929,2460,946,2.253512487777426,INLAND,111128
-117.67814114288166,36.027266645471,43,2101,886,1457,269,6.792911186381028,INLAND,311056
-123.13819224988109,38.13071878887735,39,1646,526,822,864,1.9342794802958745,<1H OCEAN,157678
-118.74981475794709,40.54891594312636,5,4826,808,2177,445,6.172546833368547,NEAR OCEAN,414693
-121.42787428872639,33.60414348428601,12,3184,802,560,598,5.364676411815318,NEAR OCEAN,325033
-114.89823936698943,38.98190546388847,19,611,320,2567,559,1.8737829645468311,INLAND,96576
-116.67928346560274,36.343130420215644,47,1092,109,2469,396,1.728266123556077,<1H OCEAN,131316
-114.57485517840257,34.437773906633545,12,2939,219,409,241,4.427989606134584,<1H OCEAN,348798
-123.9244393025981,36.28588401622596,36,1738,734,1130,996,2.8549077360890456,<1H OCEAN,229241
-121.44866824819292,33.21402669747022,12,3294,346,1806,884,2.2193651358795563,<1H OCEAN,195022
-122.3457741336165,39.03682719673947,18,2914,459,688,836,6.852958683311565,<1H OCEAN,425076
-124.1884541268817,34.875781086235456,49,2629,320,800,794,2.059450138103026,NEAR OCEAN,177653
-121.87674269753678,35.42721306342185,51,3353,872,973,832,2.4823968394578837,INLAND,50000
-117.51224016479571,33.63816420346975,48,3369,605,1077,152,2.602937655638835,INLAND,78942
-121.98911077865431,40.62779567056498,43,4098,157,1687,217,1.0835259252483842,<1H OCEAN,145204
-119.20996554517382,37.138376225257744,34,4303,926,899,464,3.4437021656927715,NEAR BAY,255082
-115.42181885035001,37.87818065119216,48,2026,559,2699,770,2.3056821536833687,<1H OCEAN,150529
-117.36242079650924,37.852667221091636,33,2469,227,2660,235,4.591535253031613,NEAR OCEAN,302866
-120.35370930093968,36.35863527668861,49,1451,798,2157,513,4.838017789339687,NEAR BAY,273367
-120.57531061087892,34.30978120511851,18,2002,816,2723,176,3.6425660791862375,NEAR OCEAN,257298
-119.74264185991515,39.50424783588496,29,4967,185,455,947,3.6591052556653176,ISLAND,260632
-122.52958558940094,33.69432889436214,45,3836,203,1373,656,3.5446366056546417,INLAND,142428
-117.95999232584012,33.47641362862082,5,609,242,2374,117,2.5088847360475666,<1H OCEAN,235032
-120.65847180895395,39.17536335340713,25,4486,304,591,966,2.5962518786788804,<1H OCEAN,229488
-115.77634650737956,34.46306799224865,24,2854,740,2727,502,5.636654857115996,<1H OCEAN,333958
-116.73447339942183,35.383663862716624,29,725,857,1192,304,4.455309708077987,<1H OCEAN,294245
-118.1948683590784,36.96713818981636,38,3511,137,2649,598,3.6054074711760276,INLAND,125263
-120.65797777350484,36.72390237725774,33,4626,462,2521,423,4.220806107502383,<1H OCEAN,270063
-122.20068168326516,39.16064377561099,10,1113,720,1044,694,3.239978158209328,NEAR OCEAN,236910
-116.53848135894377,38.360258858367594,37,598,408,338,661,3.5750483757417455,<1H OCEAN,251740
-119.43590901008913,38.55732392544954,33,1310,151,302,380,4.2114489809125155,INLAND,198632
-122.05249961822642,39.2121107081613,23,3837,100,1465,265,1.4481511470939892,NEAR BAY,171547
-122.34825384959993,35.250559637780576,11,3199,110,1340,342,4.77052120981794,<1H OCEAN,305422
-122.6459909549864,35.529933130924455,24,1519,925,1437,988,4.635463010702243,NEAR OCEAN,305307
-116.52838803794404,36.61717883021821,24,3525,846,683,578,2.42959527299334,NEAR OCEAN,174821
-122.01012814699688,35.39014442651514,7,4028,739,2776,263,5.461049604086569,<1H OCEAN,342727
-119.03357736474803,41.75841596832611,50,4386,313,423,423,1.3676228491664473,INLAND,50000
-119.78453639026944,40.15208810836144,21,3479,854,1493,667,3.82355735454888,<1H OCEAN,277043
-118.50389100771716,34.047754069606675,20,3840,655,2048,650,3.373575693880792,NEAR OCEAN,259057
-115.52845099628806,32.55258506528957,10,1296,617,2084,930,2.9335449437246504,INLAND,149761
-115.62252609918269,32.90216272152432,25,2457,767,2361,739,3.345937525511011,INLAND,154144
-119.7892392817514,34.7941964398035,47,3566,514,1664,733,4.191640661703217,NEAR OCEAN,245625
-124.14633749265276,33.574338086866454,36,3520,107,843,858,1.6124789226957357,<1H OCEAN,168279
-120.03556194285696,37.51337827999018,48,3180,104,2898,797,4.95494385191132,NEAR OCEAN,315812
-118.2380646257586,40.565155093637166,47,4941,461,1455,307,2.817614472041865,NEAR BAY,185626
-118.72235240901938,39.425452076584335,15,3448,793,657,414,4.983742621844889,NEAR BAY,326688
-117.78663894199794,34.52672519297259,44,4231,211,2622,403,4.294808943853581,NEAR OCEAN,257589
-122.75924267526916,36.25341300664239,40,1601,372,1827,338,2.794272939041011,INLAND,73876
-117.83464901219267,37.27420556959401,40,1537,521,810,826,3.2164218708148886,NEAR BAY,234141
-122.47348381256228,40.11593498533135,50,4731,364,406,903,3.2928986620180303,<1H OCEAN,231086
-116.7947601930325,40.387743069197946,6,1291,557,1743,323,6.312325510324679,INLAND,291095
-120.9091238673732,41.05135213193309,37,4674,311,1666,187,2.103960845800671,<1H OCEAN,143560
-117.20104566618546,37.286905354727025,2,2278,177,1116,636,2.786456891116518,NEAR BAY,218592
-123.82134401093893,39.02618261649711,12,1481,881,2568,528,1.7631901960595453,NEAR OCEAN,178364
-120.22139974409086,33.55092348959901,4,1765,765,2340,319,3.4888190513701156,NEAR OCEAN,242801
-117.24965477736667,37.81371622356743,23,1243,320,1631,374,2.5872522225462986,<1H OCEAN,228918
-122.03129483668505,34.83770300902867,13,2931,468,1381,746,2.715921746547144,NEAR OCEAN,244155
-116.34712955202777,36.558138719250145,17,874,446,2346,844,6.012713601509976,NEAR OCEAN,392122
-117.99220266895068,38.46007477808316,31,2253,124,2472,165,2.388468082942617,INLAND,104618
-118.42438227850201,34.91566781582554,16,4397,519,1051,691,3.1148817211294544,<1H OCEAN,240919
-120.76451145795663,32.99053954328956,41,3036,453,640,522,2.76367104724233,INLAND,106486
-119.47548529618882,32.596198250242324,26,2491,819,919,354,2.8339396592944603,<1H OCEAN,189693
-118.32650699022146,32.708299634118504,28,3428,516,784,224,10.061495823194218,INLAND,500000
-119.57537886085109,32.57848753262944,1,3946,614,2214,245,1.6586594588681731,<1H OCEAN,172185
-117.3168667605944,33.53733753164403,47,1091,314,263,714,4.295755392687173,<1H OCEAN,265211
-119.9630306689304,34.751193916959224,12,3069,211,967,484,8.766602698604634,<1H OCEAN,500000
-122.27726818257969,34.57948223331361,37,3372,803,759,546,5.112222844419153,<1H OCEAN,314210
-122.16066217198953,41.77588798529103,50,1676,658,1933,486,3.383047282428464,<1H OCEAN,233940
-124.24196231157059,35.37645738896406,20,1835,527,869,482,2.0769338009502705,NEAR BAY,194137
-121.29042284441327,33.69775536357835,2,612,832,1742,376,5.595203616125153,INLAND,251103
-116.8108235952148,37.62828791517693,36,4272,798,1471,481,4.830444011268686,<1H OCEAN,285527
-116.3583729116239,40.564800080736575,15,2345,661,2615,223,1.8006055503708365,INLAND,115748
-122.27532457904249,38.87376754180415,38,2487,808,2991,366,2.920887498712302,INLAND,119627
-114.70956003128592,35.28317163787323,22,2485,315,817,889,2.0494314669449167,NEAR BAY,180134
-119.27597206519873,37.77919190203968,44,3792,512,2194,210,1.057800745622835,<1H OCEAN,98177
-115.13021250981497,39.219646157483844,50,3742,832,1321,480,2.0304491155125626,<1H OCEAN,157924
-117.23234718138369,39.34418222825678,32,752,479,1491,924,3.4631399947856174,NEAR BAY,249459
-117.07566576977587,38.765461479798276,20,623,701,1283,700,4.1875995537725395,<1H OCEAN,293910
-123.44956378693928,40.685617992890805,36,1736,331,2747,998,2.917202819810537,<1H OCEAN,231239
-122.1000887310307,40.67899130843458,33,1123,934,2658,257,5.752589820658927,<1H OCEAN,337292
-124.21185166705527,37.94200365842583,15,3656,357,1363,827,5.011703940200059,<1H OCEAN,315571
-117.13872359523262,36.54064986964539,50,3636,764,2132,995,3.1578421965401575,NEAR BAY,228753
-120.85561711571489,38.53076077831194,46,3889,355,1551,912,3.001040089106177,<1H OCEAN,246305
-116.43347483923652,40.19119281288235,3,3917,502,663,647,3.8693860362162416,NEAR BAY,307321
-120.91063780062973,32.55312978550714,29,2155,523,2949,698,3.296500450009818,ISLAND,261780
-116.10666247701138,41.8247718847396,47,1766,869,1860,217,1.8770968740317655,INLAND,50000
-122.99301746251686,34.21920145989447,27,3445,164,2148,427,2.9501240081355133,<1H OCEAN,225828
-122.56626843242492,36.92034046520378,5,1660,289,2410,793,4.332855871185181,<1H OCEAN,316695
-120.89123460416063,40.69707950752294,31,2794,702,259,167,5.617552697178661,INLAND,248769
-120.21512611117727,34.615379751015475,22,940,272,532,533,4.874734096830113,INLAND,249962
-120.81297189157021,36.9818751046636,35,2592,858,275,458,3.795139158379855,INLAND,177073
-116.6635296747678,33.74627249370308,7,3205,867,1978,770,5.947367335300715,INLAND,282383
-123.33048607373286,36.21371745864901,6,4259,727,2564,896,3.933700819891487,NEAR BAY,257773
-120.78782980361511,34.165073275054226,26,1053,660,389,542,3.2045766122452735,INLAND,132957
-115.9276000048454,35.91810083844887,1,1612,326,2112,263,5.998351174505644,INLAND,275824
-123.63202922737828,36.01056363785159,19,3277,680,495,460,4.428688380287314,NEAR BAY,302907
-114.87656492328642,41.835805422224325,7,2333,487,2748,684,5.589004790981801,<1H OCEAN,350932
-114.43683157727988,41.85124247545546,36,1814,500,376,218,2.0646428407713118,<1H OCEAN,192362
-123.4143182617492,33.578991019409756,12,3993,737,999,952,2.353474032963896,<1H OCEAN,219362
-121.38727477744263,39.32410652568646,20,3638,312,1005,294,2.394173243534954,<1H OCEAN,212911
-120.57599333964643,32.98640750888955,23,3612,152,1942,700,3.5705178807905518,INLAND,176969
-116.53608631347274,32.783804944169574,25,598,723,414,956,6.887717915585062,<1H OCEAN,427208
-118.34073187883266,33.490138605902665,30,4425,770,2079,687,2.1052226871882667,INLAND,86197
-117.85634299507433,41.57556517587458,29,1979,851,2900,832,4.769044652380521,NEAR BAY,338146
-116.72490177181494,41.344117350210155,31,4896,761,796,750,2.0523235335466827,<1H OCEAN,168925
-123.12021000562974,34.322921510638395,18,1722,238,1917,983,7.744692427556024,INLAND,381336
-115.96790543089737,34.01971995420489,41,1504,517,1555,340,1.7530188097218369,<1H OCEAN,125588
-117.24380195819856,34.7610298132499,19,976,724,327,608,4.464334394807886,<1H OCEAN,305802
-118.52658274803629,37.34614174430634,4,1635,242,1492,765,4.721611539676708,INLAND,277266
-115.40264665216944,37.85522354113285,1,3356,981,2798,664,4.254605296999154,NEAR BAY,328026
-117.29693646116192,34.58297824613081,41,2205,608,1758,241,2.3375425191091885,<1H OCEAN,174157
-122.28300037368975,39.612254208045485,15,1017,749,1977,931,2.175944038714155,<1H OCEAN,199088
-120.00254618924333,35.409799792384916,8,1720,585,818,130,5.523215732927785,<1H OCEAN,367740
-119.35957133064267,41.168034459976454,15,3006,536,2595,322,5.049870770167463,<1H OCEAN,342127
-123.74782373249595,38.67319344069327,15,4825,915,341,903,5.0223819984263764,<1H OCEAN,328138
-114.75362486639943,36.60170122645395,50,1691,642,444,365,5.2718892830794575,INLAND,223491
-123.01422739203122,39.92517281600674,39,4380,392,2950,381,1.796009626394757,<1H OCEAN,161406
-117.32538732773273,40.188397484838646,22,3743,719,1513,887,1.7746648364402373,INLAND,66866
-119.2376896390912,35.23052709272407,18,2477,383,1914,480,2.538238856441975,INLAND,111713
-124.04367750115577,35.69331671205919,16,2742,770,1335,655,2.7405083649464657,INLAND,127840
-115.05252524135638,41.29797844504887,2,3590,937,2461,161,2.626150570429005,<1H OCEAN,218762
-115.78163191181066,34.04856576061476,36,2387,113,2109,812,3.7098787308161048,NEAR BAY,259199
-119.05742072096164,32.89621391945158,20,1473,733,2447,946,5.186713176911122,<1H OCEAN,354938
-122.01057663860554,36.76812003252976,16,565,826,2652,620,2.9517609266710894,NEAR OCEAN,260885
-123.08377109319906,40.03137306229011,3,3406,371,620,170,2.3961735367749797,<1H OCEAN,223176
-120.66607520567874,39.75368019932101,30,1070,124,206,701,4.595921318851577,INLAND,188683
-121.74571718953909,41.14358791178063,2,4392,421,1748,635,2.965999884066706,<1H OCEAN,244241
-119.233087989937,37.51208624506898,35,807,905,2839,239,3.465753097748689,<1H OCEAN,215428
-114.63590703876571,33.44060791272541,26,3908,780,2533,415,2.90667756593888,<1H OCEAN,233880
-118.55046506770358,38.03367635875855,5,4242,202,870,439,3.8037527447818626,<1H OCEAN,243993
-115.40068944109902,39.81691877492019,2,1282,965,2636,987,2.213197598150335,NEAR BAY,229152
-117.79121162504222,33.37728433053637,51,4716,982,615,689,4.439354088732557,INLAND,193874
-119.54753473412799,34.12297957031734,20,1265,139,1206,825,3.2768720340108826,<1H OCEAN,185231
-115.75392437266629,32.61553221486331,34,3975,334,1936,627,2.4455584650511635,INLAND,113783
-119.58631889827002,38.080334246800014,34,1272,931,627,640,4.105687446518565,NEAR BAY,291830
-115.61371829489639,40.8353032842915,20,4357,188,533,515,2.444624539037097,NEAR OCEAN,196430
-121.38423230424235,38.80423517041974,50,3685,199,2519,566,2.488228373861446,<1H OCEAN,150575
-123.01186926237011,41.73117682335523,25,1039,243,2566,474,2.053384157287723,NEAR BAY,160914
-115.74685535637062,33.092516333497755,20,2549,181,726,390,1.6796192585096823,<1H OCEAN,148810
-118.42584836207332,40.988210200424064,25,3783,688,1395,142,4.111196690432931,INLAND,206880
-115.4090760175104,40.1522419014348,14,2163,670,1953,963,5.292266794394116,INLAND,241632
-114.92172793007616,35.45387029269535,47,1547,328,1872,986,2.7725295824112157,NEAR BAY,209732
-123.7637160962855,41.65114958727017,44,4336,702,2568,152,2.4123732054537843,NEAR BAY,174137
-119.29030698141132,35.206614832811304,43,3939,965,2986,887,1.6081462020565636,NEAR BAY,138508
-120.5503545092547,40.85946440398525,43,1005,494,1755,982,1.3918858692113354,<1H OCEAN,95166
-118.04141602929883,40.77903662449738,39,3747,612,2228,331,4.440168020957597,NEAR BAY,260066
-116.36408802797676,39.62198159606794,12,4000,880,1854,311,1.5074159282772526,<1H OCEAN,189232
-121.4940978402563,37.796622453840804,48,2410,897,653,107,2.1010276281176155,<1H OCEAN,153936
-118.73201615626829,33.62802584639875,5,1232,296,945,733,3.718693985028218,INLAND,186947
-117.212714200951,37.500534304267084,2,4013,373,2103,582,3.4414156230866544,INLAND,206197
-122.95568917164266,35.85388480315638,16,2071,689,1128,141,3.7805932940773284,INLAND,170477
-116.15933094048732,39.94684011166031,30,3442,752,1047,432,3.329319002734985,INLAND,132781
-118.23890400147026,39.62641454107034,47,4956,899,1067,332,2.878384670453624,NEAR BAY,221040
-114.80462562886348,41.05975756930249,43,2821,682,973,169,2.10613334861617,<1H OCEAN,162553
-120.90471080869307,32.639403526858054,38,3835,661,2330,978,2.576270014110069,<1H OCEAN,197213
-123.21854057662802,40.10557023813663,45,4874,471,742,115,2.957608047449055,NEAR BAY,222816
-119.23498798963074,41.32154329937188,51,3253,980,521,168,1.5587173618018224,<1H OCEAN,126938
-123.44189228290561,39.91942422161661,42,1872,179,985,152,2.4241126949662424,INLAND,94957
-114.60473476675993,33.723827922781446,24,1944,334,739,784,2.8608322990269293,INLAND,116724
-123.91315041742808,33.26402358550435,51,3876,386,2499,873,2.520391124610605,INLAND,94642
-116.76496098892692,32.69594525419239,30,789,918,1988,478,2.8949799709402613,INLAND,123175
-119.04897601857756,38.410205122783864,37,2565,766,648,900,4.3383370234435485,<1H OCEAN,275408
-120.6137934750171,38.41892292748294,39,563,671,689,562,4.556680376997128,NEAR BAY,290319
-123.64157835491345,41.776988913651195,11,4445,644,2105,626,6.077182957145731,<1H OCEAN,343972
-118.07833075826392,36.2416058365785,14,829,536,663,881,1.8163682757865096,INLAND,100693
-118.44779670609044,35.61991907803647,23,2463,226,513,778,2.8058371410082885,<1H OCEAN,192199
-121.491167269324,38.36959431553329,16,3588,832,2155,162,5.42507542213105,INLAND,233871
-115.19778298589688,40.260721521571384,50,2990,811,584,360,1.651535785619266,INLAND,50000
-121.25889992657163,41.30567512551622,21,640,516,494,599,2.0740605394039524,NEAR BAY,146844
-119.80274589407894,40.04936716208296,4,2973,737,1438,220,2.5953093855017753,NEAR OCEAN,235117
-118.86237544081344,36.51073541778857,33,4403,140,961,957,7.521228740445951,INLAND,350281
-123.29768121823713,38.4681938119334,47,949,886,1298,339,2.248328201227192,NEAR BAY,155685
-114.97838280786367,40.5492136711315,14,2325,568,2591,564,5.121914304305271,INLAND,228534
-120.55463847548958,37.11173107013035,19,4946,396,1937,206,3.28327448344697,INLAND,131295
-123.49220786125656,34.53685445083069,5,1369,696,2389,279,2.098910485268813,INLAND,112241
-120.4270882632467,34.09540033363,36,4064,700,2965,115,10.174958559410259,INLAND,440873
-118.2979745290742,32.50148279903373,31,4159,141,1422,454,3.5889482807179576,NEAR OCEAN,240267
-119.16347328178671,39.251437152824074,45,4102,731,2142,408,3.8592811175060913,<1H OCEAN,217375
-117.35458025962726,33.54431376315231,18,892,378,2653,826,4.111562058848547,INLAND,202952
-123.7451605793209,34.79208753714184,44,1341,558,427,688,3.9859770848637464,NEAR OCEAN,248574
-121.45459389727944,35.300037516314255,31,2948,132,610,836,7.852479504327685,NEAR BAY,472558
-116.10769423159897,37.76757068528562,30,3291,375,890,704,6.782715508929828,NEAR BAY,434126
-123.50106312208639,36.24079840658023,21,3453,764,1077,280,2.287274062021657,INLAND,118692
-115.74514045304042,38.84193552501772,47,1858,189,986,273,7.444607651787659,INLAND,304788
-123.38103907922894,33.023003397689806,30,1490,715,2309,453,2.509156946460861,<1H OCEAN,201647
-115.95545785108304,33.66502842608573,41,1538,623,1550,453,3.776872749811354,INLAND,170271
-120.69211598921272,37.19258813321271,4,527,259,1939,318,1.8577995553493103,NEAR BAY,202819
-118.17790936742784,35.667469005760196,5,887,557,2186,754,5.026091104235634,NEAR BAY,362211
-122.77112884352002,35.28064560986278,41,1332,807,1078,414,2.936021705072652,NEAR BAY,170134
-123.63831278274819,33.13006394295272,45,749,498,1807,533,2.0963651107913415,<1H OCEAN,173441
-122.14061795979865,40.91976024263121,10,2527,918,1813,381,5.340933260649606,NEAR BAY,341188
-123.02146182091305,39.00309470957548,27,2028,873,2603,358,5.8972170781305255,NEAR BAY,381154
-121.17594102320368,33.6432106741047,16,4693,190,270,967,5.977731287919735,<1H OCEAN,395742
-119.15616753488979,33.111432002729124,30,2338,808,2510,658,1.8054679680249193,INLAND,72071
-118.41240536434991,41.66380181425368,13,1860,680,505,104,6.230254408618254,NEAR OCEAN,396299
-116.40131892620256,38.90302197413134,36,3609,565,2805,673,2.9440722081807387,INLAND,137525
-117.73760106751641,36.42408706828117,21,1823,319,961,695,7.542859758061633,ISLAND,466349
-118.21241674870447,39.09627178310438,45,2726,518,787,744,4.263035559718068,INLAND,174582
