SectorID,NDVI_Value,SoilSalinity,DailySunshineHours,CropYield_KgPerAcre,GrainProteinRatio_Percent
1960001,77937.0,78.4,20.0,142.9,37.9
1960002,96442.0,126.0,20.4,105.8,64.5
1960003,18160.0,81.8,25.6,67.2,42.8
1960004,68709.0,166.4,11.6,114.4,33.2
1960005,67288.0,99.2,6.4,98.4,25.4
1960006,94731.0,113.8,24.6,131.9,39.7
1960007,51810.0,110.5,18.2,105.3,46.0
1960008,60082.0,67.5,37.8,74.1,51.2
1960009,69635.0,90.7,18.8,120.3,27.6
1960010,82618.0,96.1,40.8,80.9,53.8
1960011,41718.0,113.4,19.3,99.5,47.2
1960012,76380.0,114.5,40.5,100.5,18.7
1960013,101438.0,73.7,43.3,90.2,64.1
1960014,39658.0,111.8,19.3,109.4,50.6
1960015,102233.0,89.7,29.6,109.9,41.7
1960016,49613.0,63.7,39.3,101.2,39.3
1960017,66865.0,76.0,20.3,92.6,43.4
1960018,37553.0,122.4,30.8,105.0,41.3
1960019,,89.3,33.6,108.7,58.3
1960020,73425.0,114.1,21.0,108.2,45.9
1960021,86488.0,108.5,17.7,110.7,58.9
1960022,40479.0,49.4,26.7,125.3,52.5
1960023,91159.0,127.5,42.3,128.4,31.7
1960024,54867.0,103.0,32.8,136.9,41.6
1960025,74922.0,77.8,43.4,129.1,30.1
1960026,61303.0,102.1,16.9,114.3,49.5
1960027,,97.4,28.5,103.4,48.5
1960028,79116.0,88.5,29.6,69.3,53.0
1960029,60298.0,101.2,35.4,86.8,40.9
1960030,55658.0,120.9,14.6,116.4,31.1
1960031,49839.0,139.7,31.7,127.8,40.3
1960032,53315.0,119.3,34.6,82.5,54.6
1960033,73219.0,36.9,43.5,70.5,48.9
1960034,73484.0,104.6,17.1,76.2,76.1
1960035,67202.0,112.1,32.3,94.6,61.2
1960036,40074.0,88.2,8.4,107.7,50.5
1960037,64965.0,60.1,13.9,113.1,36.3
1960038,76082.0,92.7,16.8,89.2,62.8
1960039,42449.0,38.0,19.4,59.7,23.3
1960040,73039.0,74.1,25.8,91.9,49.8
1960041,82573.0,55.7,20.0,91.0,23.7
1960042,71331.0,98.5,10.5,80.2,56.6
1960043,72480.0,104.2,19.2,87.7,39.8
1960044,59880.0,115.5,9.5,87.7,32.2
1960045,74992.0,102.4,15.3,87.2,44.7
1960046,65942.0,94.5,17.2,83.7,48.2
1960047,58519.0,63.9,20.4,70.9,33.6
1960048,44632.0,113.5,11.1,72.9,32.3
1960049,47732.0,53.1,37.3,94.0,79.4
1960050,46431.0,119.8,18.3,127.3,44.1
1960051,82062.0,124.2,18.3,108.5,44.8
1960052,65252.0,120.3,43.0,120.4,21.5
1960053,96710.0,58.8,39.1,100.6,73.2
1960054,66303.0,127.4,40.2,69.9,16.6
1960055,62517.0,92.8,9.0,91.0,28.4
1960056,28889.0,101.6,25.7,104.7,34.0
1960057,77129.0,141.2,18.7,93.8,58.1
1960058,69913.0,97.9,12.2,93.4,40.5
1960059,41142.0,83.2,6.4,68.4,49.7
1960060,67661.0,80.4,15.2,74.0,41.6
1960061,62002.0,111.9,42.0,113.3,64.2
1960062,66172.0,106.9,25.8,81.6,36.2
1960063,46887.0,75.0,5.3,64.6,23.7
1960064,57795.0,92.7,24.4,95.9,34.0
1960065,85343.0,96.7,15.7,95.2,71.9
1960066,59661.0,92.3,45.0,149.1,40.2
1960067,63905.0,97.1,28.2,94.0,59.0
1960068,55172.0,93.0,23.5,103.8,5.1
1960069,56338.0,83.2,35.8,105.4,58.5
1960070,45330.0,137.6,8.6,130.7,50.6
1960071,47322.0,135.5,12.3,93.9,70.1
1960072,81428.0,82.6,19.1,102.9,56.0
1960073,,103.3,33.8,87.1,45.3
1960074,83842.0,124.6,15.1,104.3,65.9
1960075,22151.0,71.1,32.1,139.3,32.3
1960076,59862.0,138.0,18.8,127.2,58.6
1960077,57735.0,89.2,11.3,118.8,68.4
1960078,82119.0,133.3,6.0,144.7,55.7
1960079,41762.0,106.6,42.1,90.6,49.4
1960080,76651.0,59.7,21.3,115.1,61.8
1960081,66246.0,96.3,17.5,128.0,61.9
1960082,103734.0,112.1,8.1,79.2,41.9
1960083,78378.0,56.8,6.4,110.2,62.0
1960084,56163.0,115.2,8.0,99.0,62.1
1960085,57959.0,117.8,17.6,56.6,43.8
1960086,84903.0,97.2,15.4,119.1,37.3
1960087,68040.0,114.4,35.6,109.1,29.0
1960088,79917.0,98.8,42.1,91.3,22.4
1960089,47211.0,89.1,14.3,159.6,38.4
1960090,28300.0,124.7,16.7,129.0,56.6
1960091,53060.0,120.1,15.6,82.6,53.2
1960092,36682.0,83.1,23.2,69.0,42.2
1960093,68772.0,114.0,30.0,137.6,22.0
1960094,84096.0,95.1,41.1,101.2,44.8
1960095,44679.0,137.1,13.5,98.4,44.0
1960096,76984.0,90.9,27.3,96.3,69.7
1960097,83627.0,100.4,25.1,102.2,36.2
1960098,60761.0,95.4,18.8,135.6,69.0
1960099,48057.0,74.2,20.1,36.2,29.4
1960100,54988.0,71.2,44.0,50.8,45.4
1960101,64856.0,99.3,27.7,64.5,50.8
1960102,69490.0,92.8,29.0,144.3,65.1
1960103,63492.0,133.5,22.3,74.4,9.6
1960104,72570.0,135.3,41.3,130.2,22.4
1960105,65280.0,105.0,38.3,136.1,37.7
1960106,56988.0,85.6,9.1,111.7,31.2
1960107,77722.0,111.9,37.9,89.3,7.5
1960108,54881.0,109.3,27.4,104.5,12.6
1960109,76493.0,113.3,16.9,97.9,35.2
1960110,69360.0,79.4,19.7,70.8,57.6
1960111,67075.0,131.8,7.2,59.8,27.1
1960112,50469.0,127.1,16.5,111.4,41.5
1960113,86333.0,102.7,14.1,92.0,40.6
1960114,57796.0,44.4,41.9,108.8,10.6
1960115,78310.0,122.4,27.8,77.3,41.6
1960116,66931.0,143.4,20.5,105.3,59.1
1960117,51032.0,134.3,22.1,64.9,42.2
1960118,88748.0,140.1,28.3,140.9,49.5
1960119,25998.0,123.6,31.4,41.8,34.3
1960120,87998.0,122.6,33.4,94.0,43.5
1960121,82617.0,90.3,17.9,85.8,38.5
1960122,51132.0,92.1,14.1,134.5,52.8
1960123,61311.0,103.8,18.6,97.9,56.6
1960124,67075.0,102.3,9.7,76.7,38.6
1960125,52444.0,104.4,39.5,106.0,32.3
1960126,54889.0,118.3,8.2,52.6,58.2
1960127,69878.0,82.0,43.0,130.2,48.2
1960128,64179.0,103.4,12.1,69.9,41.2
1960129,42555.0,110.6,32.9,154.0,40.6
1960130,98408.0,91.2,35.1,103.3,34.7
1960131,41569.0,99.6,41.4,43.0,42.8
1960132,60011.0,51.5,15.1,81.5,60.5
1960133,74928.0,108.4,19.8,112.6,45.3
1960134,61800.0,96.7,37.2,112.4,31.0
1960135,70819.0,118.7,35.8,82.5,47.1
1960136,53385.0,72.0,6.5,97.1,53.6
1960137,49634.0,82.9,26.0,119.9,42.4
1960138,87894.0,71.4,31.9,95.3,34.4
1960139,60047.0,130.7,27.9,123.2,63.9
1960140,70568.0,102.4,15.6,149.4,51.0
1960141,57902.0,116.0,15.2,77.1,31.6
1960142,68467.0,108.0,31.3,106.2,17.6
1960143,69004.0,122.0,42.9,133.7,57.8
1960144,69863.0,118.5,37.9,162.0,44.4
1960145,70979.0,133.6,34.1,94.6,26.0
1960146,68470.0,108.3,30.2,103.6,33.4
1960147,74853.0,93.7,25.4,105.6,81.2
1960148,100542.0,129.3,15.8,108.7,66.1
1960149,47277.0,95.9,7.8,72.3,30.3
1960150,49817.0,102.2,16.9,55.4,56.0
1960151,69054.0,121.3,41.3,107.0,46.1
1960152,77807.0,96.1,11.9,76.7,41.9
1960153,69547.0,102.7,40.2,69.0,27.8
1960154,53162.0,88.5,10.6,133.1,44.4
1960155,72065.0,62.1,17.1,126.3,38.2
1960156,39289.0,65.5,40.2,83.3,61.3
1960157,60928.0,94.4,25.2,94.1,33.2
1960158,68726.0,97.7,24.0,99.7,54.9
1960159,78039.0,64.2,34.3,111.8,43.1
1960160,68644.0,141.2,40.4,115.7,56.2
1960161,69553.0,122.8,39.6,111.9,33.9
1960162,54306.0,70.1,5.2,108.3,58.6
1960163,54388.0,103.2,31.5,124.9,45.6
1960164,64911.0,74.8,23.1,89.1,67.0
1960165,61762.0,92.4,17.0,91.9,51.9
1960166,89918.0,139.9,21.2,107.2,53.2
1960167,58835.0,122.4,15.0,127.0,70.6
1960168,72942.0,95.3,23.7,85.7,27.8
1960169,56000.0,137.7,28.5,127.7,49.9
1960170,87483.0,118.5,34.6,51.6,49.0
1960171,61411.0,77.2,32.6,139.8,34.2
1960172,73509.0,109.0,13.3,64.0,26.4
1960173,19094.0,88.9,14.7,51.7,36.4
1960174,59225.0,86.4,16.9,120.4,49.6
1960175,22067.0,134.4,30.6,119.2,45.4
1960176,75129.0,85.4,41.0,125.3,50.3
1960177,37655.0,107.0,23.5,105.1,49.6
1960178,30260.0,90.4,22.1,78.5,69.0
1960179,70248.0,114.4,39.1,116.8,53.0
1960180,61704.0,103.2,24.8,102.7,48.1
1960181,70157.0,86.1,35.4,81.3,58.7
1960182,62810.0,102.9,44.5,111.9,44.0
1960183,87195.0,59.2,38.8,89.3,49.9
1960184,51639.0,79.5,15.0,114.5,24.6
1960185,52392.0,118.0,40.9,84.0,33.5
1960186,58908.0,85.5,37.5,103.8,61.5
1960187,70576.0,107.2,34.9,138.8,50.1
1960188,77828.0,160.8,37.5,143.1,60.0
1960189,54817.0,76.7,39.8,95.9,74.7
1960190,93948.0,139.1,38.2,103.0,48.6
1960191,48675.0,80.8,9.7,96.3,61.0
1960192,63840.0,108.2,25.2,88.0,29.6
1960193,76675.0,91.5,10.3,95.0,25.4
1960194,65842.0,26.8,25.2,144.3,42.9
1960195,87932.0,136.6,9.5,124.7,17.3
1960196,57178.0,131.2,14.9,68.6,61.2
1960197,48906.0,107.4,17.3,109.9,67.1
1960198,52963.0,123.0,8.4,114.9,25.7
1960199,46418.0,67.2,37.5,118.6,44.9
1960200,64892.0,50.9,17.3,71.1,93.9
1960201,43722.0,65.1,23.4,108.8,42.0
1960202,46760.0,136.8,31.7,103.5,42.6
1960203,45987.0,94.6,43.8,115.1,14.7
1960204,31057.0,126.1,8.5,127.3,78.7
1960205,38168.0,84.1,38.7,126.9,56.4
1960206,55697.0,107.5,12.4,56.8,57.0
1960207,61194.0,131.0,17.7,63.1,76.7
1960208,89040.0,71.5,32.5,107.2,41.2
1960209,104001.0,175.7,33.1,116.7,35.4
1960210,107791.0,57.5,23.7,74.4,37.5
1960211,69962.0,88.8,26.2,56.2,31.4
1960212,58951.0,90.6,42.6,83.9,25.7
1960213,57460.0,93.0,43.8,85.3,65.2
1960214,76654.0,134.6,44.2,54.2,44.1
1960215,52437.0,136.7,21.1,119.2,36.2
1960216,75842.0,80.3,27.7,92.2,58.0
1960217,28504.0,68.3,34.3,97.9,46.3
1960218,80900.0,99.1,25.7,115.1,15.5
1960219,92641.0,101.3,42.6,129.3,50.7
1960220,64004.0,125.7,25.3,114.1,32.8
1960221,79522.0,97.4,27.8,96.6,39.1
1960222,67989.0,82.8,20.1,81.0,65.5
1960223,68022.0,71.4,25.6,98.6,29.8
1960224,65984.0,95.9,25.1,117.0,42.8
1960225,74327.0,95.0,6.0,118.3,73.9
1960226,84366.0,69.2,12.0,140.4,56.7
1960227,51382.0,104.3,38.6,106.1,46.7
1960228,85614.0,115.8,21.8,153.4,39.4
1960229,58541.0,144.9,37.7,161.7,52.5
1960230,71782.0,143.7,35.7,88.1,40.1
1960231,52782.0,105.8,32.2,154.7,55.1
1960232,82753.0,99.7,15.2,93.2,49.3
1960233,65752.0,110.4,20.3,101.6,32.1
1960234,86938.0,132.6,17.8,125.2,44.0
1960235,85897.0,73.0,34.8,110.4,14.3
1960236,40016.0,99.8,17.3,114.9,18.3
1960237,58165.0,73.2,21.7,121.5,45.3
1960238,45913.0,97.4,21.8,80.9,42.0
1960239,60379.0,85.3,5.2,79.7,17.9
1960240,48163.0,63.2,25.6,99.5,62.2
1960241,73051.0,55.6,32.4,87.0,50.9
1960242,51032.0,67.1,42.8,73.1,47.0
1960243,42962.0,46.3,44.2,97.6,43.8
1960244,64088.0,100.1,7.4,85.3,45.5
1960245,68685.0,105.5,13.1,101.6,54.3
1960246,72458.0,119.8,18.5,138.4,47.3
1960247,84786.0,151.8,44.1,85.3,27.7
1960248,80585.0,122.1,32.9,65.2,0.0
1960249,83801.0,108.6,22.1,70.3,38.2
1960250,47150.0,73.7,42.8,96.9,44.0
1960251,34655.0,121.7,28.5,122.7,27.0
1960252,66818.0,115.8,32.7,107.7,57.3
1960253,58546.0,97.7,8.8,90.3,67.6
1960254,89327.0,92.6,31.7,116.5,35.0
1960255,93479.0,108.9,31.8,106.4,24.7
1960256,93635.0,131.3,36.1,134.6,48.2
1960257,83202.0,63.3,11.6,79.1,56.5
1960258,71677.0,125.4,40.3,111.9,71.3
1960259,55493.0,121.0,30.3,126.2,47.3
1960260,51317.0,135.1,20.1,93.0,58.3
1960261,73392.0,117.8,38.4,70.7,49.3
1960262,94008.0,123.1,12.2,116.7,53.0
1960263,68148.0,110.8,12.7,74.7,60.4
1960264,67523.0,87.9,36.1,104.1,43.7
1960265,68730.0,108.6,36.4,110.2,39.0
1960266,77184.0,106.9,18.8,109.2,22.8
1960267,45910.0,72.2,10.9,78.3,72.6
1960268,46568.0,118.2,15.7,95.9,41.4
1960269,70125.0,83.3,42.5,78.4,62.4
1960270,100669.0,72.0,40.5,57.7,48.1
1960271,62379.0,76.8,21.1,124.2,51.6
1960272,82877.0,101.2,26.9,107.1,54.1
1960273,67978.0,105.4,41.2,105.0,17.5
1960274,46863.0,81.2,5.3,99.4,31.1
1960275,61105.0,56.4,14.1,115.4,34.9
1960276,73295.0,78.3,5.7,134.9,81.2
1960277,94981.0,89.0,44.3,71.8,59.0
1960278,57700.0,96.6,37.4,62.9,49.6
1960279,42235.0,136.1,12.5,87.9,7.6
1960280,59174.0,132.8,39.5,109.8,36.3
1960281,76733.0,107.4,18.2,87.7,19.1
1960282,80120.0,88.6,13.0,61.1,35.9
1960283,89508.0,49.4,40.7,66.3,63.9
1960284,48397.0,84.9,13.1,106.5,38.0
1960285,65510.0,138.3,35.2,90.5,22.2
1960286,54075.0,81.0,23.4,103.2,61.3
1960287,91907.0,117.9,30.9,83.4,23.3
1960288,27239.0,128.0,35.4,87.4,53.7
1960289,72454.0,65.1,31.4,104.5,55.4
1960290,67094.0,104.1,15.6,53.4,17.6
1960291,74283.0,81.0,37.8,91.0,32.6
1960292,54807.0,107.2,11.0,106.8,39.1
1960293,88210.0,116.0,10.4,107.5,63.2
1960294,64713.0,89.5,41.1,67.1,64.5
1960295,73780.0,83.8,19.8,53.7,51.1
1960296,57895.0,110.9,14.1,117.4,37.7
1960297,44853.0,103.2,31.1,110.9,52.5
1960298,66369.0,40.9,12.4,81.8,43.5
1960299,63220.0,114.0,31.9,137.4,26.6
1960300,82717.0,80.1,34.9,86.6,59.7
1960301,35604.0,77.3,35.4,102.5,55.9
1960302,,74.3,29.2,104.8,39.7
1960303,40419.0,77.9,13.6,131.6,44.6
1960304,76200.0,98.2,17.8,134.5,42.6
1960305,108588.0,74.3,26.3,89.2,23.8
1960306,68000.0,106.9,17.7,105.9,37.4
1960307,84729.0,77.4,29.7,71.6,53.4
1960308,81965.0,90.1,29.3,96.3,33.6
1960309,61774.0,101.5,36.5,117.5,66.7
1960310,69333.0,84.8,19.3,99.1,42.3
1960311,101085.0,142.9,26.7,90.5,58.2
1960312,66475.0,106.7,8.2,124.3,69.0
1960313,80724.0,125.4,40.2,129.4,33.8
1960314,15258.0,74.9,6.5,129.3,42.9
1960315,66346.0,79.7,17.8,85.4,49.8
1960316,74233.0,135.9,13.0,92.1,66.1
1960317,101914.0,82.7,20.6,91.5,39.6
1960318,56455.0,105.4,41.0,106.7,40.3
1960319,51980.0,45.5,39.0,82.3,30.0
1960320,52150.0,114.2,20.7,85.1,59.8
1960321,36656.0,107.7,24.7,126.3,40.6
1960322,81484.0,103.7,24.1,57.6,54.5
1960323,93512.0,65.0,13.0,122.5,57.1
1960324,,96.8,38.3,128.4,29.3
1960325,68161.0,117.2,13.3,32.5,44.2
1960326,69330.0,125.3,20.5,108.2,65.0
1960327,69555.0,147.6,40.4,64.5,72.7
1960328,76199.0,99.9,38.6,109.1,45.9
1960329,49302.0,104.1,16.7,115.7,50.3
1960330,48921.0,66.1,19.9,84.7,30.6
1960331,74728.0,102.4,36.3,106.6,11.7
1960332,59751.0,128.4,28.1,75.7,26.4
1960333,76810.0,122.9,29.1,103.9,23.8
1960334,93030.0,124.2,26.0,74.9,17.9
1960335,46411.0,91.0,6.9,126.8,41.0
1960336,68136.0,84.0,31.5,152.9,61.4
1960337,68427.0,109.5,9.0,133.0,74.9
1960338,67851.0,80.5,18.7,88.2,50.0
1960339,78563.0,129.8,7.4,125.0,36.0
1960340,57204.0,107.7,18.4,78.5,8.5
1960341,84013.0,78.9,22.4,132.8,52.3
1960342,59158.0,73.1,6.3,84.7,43.2
1960343,79081.0,111.8,42.6,84.6,45.1
1960344,51295.0,82.0,8.9,66.0,39.6
1960345,78955.0,124.3,43.1,82.3,48.4
1960346,72764.0,78.7,31.5,104.2,8.1
1960347,88678.0,108.3,35.2,134.9,38.8
1960348,62313.0,86.0,25.7,86.1,63.2
1960349,15000.0,104.2,5.8,67.1,47.4
1960350,47351.0,107.9,25.8,83.7,50.9
1960351,47361.0,56.3,9.1,86.0,37.0
1960352,49090.0,80.0,8.4,69.7,34.3
1960353,104864.0,147.8,40.4,92.8,39.5
1960354,73389.0,101.3,15.7,105.9,46.2
1960355,82034.0,114.5,18.2,63.5,58.0
1960356,81343.0,120.1,32.9,58.2,33.8
1960357,51467.0,122.1,25.5,101.9,57.0
1960358,46657.0,83.9,42.7,97.4,40.0
1960359,52538.0,97.0,5.4,130.8,48.6
1960360,76564.0,63.8,11.0,53.8,13.5
1960361,51641.0,115.6,8.0,73.5,57.6
1960362,92820.0,165.6,41.7,82.8,49.7
1960363,91109.0,97.3,41.0,132.3,29.4
1960364,55916.0,106.8,32.0,132.1,33.6
1960365,80855.0,114.3,29.1,89.4,47.7
1960366,43856.0,123.3,6.6,127.1,41.1
1960367,75768.0,108.7,40.8,91.4,33.5
1960368,74335.0,86.3,27.0,114.3,61.0
1960369,69395.0,83.2,23.1,97.0,32.1
1960370,47033.0,87.4,7.2,56.3,47.3
1960371,59397.0,74.5,20.3,93.1,32.9
1960372,59715.0,113.4,44.4,135.1,68.1
1960373,56162.0,79.4,29.0,91.2,36.5
1960374,54394.0,96.7,27.3,75.7,56.1
1960375,92048.0,96.5,11.9,126.5,34.8
1960376,62304.0,117.1,40.8,77.6,49.6
1960377,61617.0,74.0,25.0,106.8,53.1
1960378,38657.0,81.2,32.5,168.3,49.0
1960379,74788.0,76.5,33.9,122.6,65.3
1960380,41117.0,95.5,25.6,66.0,48.4
1960381,42139.0,115.9,33.1,69.8,30.3
1960382,102770.0,76.8,19.3,95.8,37.6
1960383,98410.0,79.5,30.3,151.8,59.7
1960384,88105.0,89.0,21.2,70.5,62.9
1960385,104137.0,123.6,16.8,83.5,64.3
1960386,92995.0,148.1,28.8,36.0,21.2
1960387,73032.0,98.2,10.2,145.6,36.2
1960388,74223.0,102.8,31.4,156.1,56.9
1960389,48083.0,146.6,28.8,71.2,58.0
1960390,57809.0,97.5,13.3,118.1,8.3
1960391,34877.0,99.4,30.1,109.9,34.6
1960392,91758.0,146.5,17.4,146.0,48.0
1960393,50960.0,131.8,16.6,68.0,56.4
1960394,93639.0,89.0,31.2,126.9,11.5
1960395,56339.0,72.5,34.6,107.0,28.9
1960396,80969.0,110.3,28.8,81.6,30.3
1960397,80552.0,90.6,11.5,121.1,41.2
1960398,81182.0,99.5,41.7,92.6,49.8
1960399,53803.0,133.8,37.0,100.4,45.4
1960400,74329.0,86.6,20.6,126.7,43.5
1960401,69907.0,91.1,21.8,72.6,47.4
1960402,73880.0,139.3,29.5,98.9,42.9
1960403,65650.0,134.0,21.8,71.9,71.0
1960404,102263.0,112.6,42.5,173.4,38.7
1960405,78373.0,114.6,7.7,45.1,11.8
1960406,59144.0,89.2,16.4,77.1,36.2
1960407,88796.0,82.1,7.4,76.4,61.4
1960408,84965.0,116.0,33.0,126.3,54.3
1960409,67185.0,91.3,39.1,102.3,33.6
1960410,47275.0,81.3,15.7,8.1,62.0
1960411,65989.0,89.8,26.9,129.7,38.7
1960412,66146.0,99.7,33.3,131.1,65.1
1960413,56554.0,80.7,18.8,121.5,56.9
1960414,76037.0,63.7,36.3,98.0,53.5
1960415,57070.0,146.3,20.3,110.9,59.0
1960416,71662.0,89.1,36.1,113.5,41.7
1960417,102840.0,105.2,31.8,86.2,41.0
1960418,34349.0,115.9,21.3,137.4,23.2
1960419,86803.0,157.9,20.2,64.0,52.9
1960420,38519.0,53.1,35.6,79.4,24.0
1960421,60272.0,45.8,39.2,126.2,21.0
1960422,56354.0,82.7,36.9,111.8,48.8
1960423,58312.0,119.8,14.6,134.3,31.0
1960424,70496.0,96.6,21.6,92.5,48.6
1960425,59114.0,129.9,20.3,82.3,62.3
1960426,63607.0,107.0,7.6,155.3,34.8
1960427,34641.0,50.9,23.1,106.4,31.9
1960428,58555.0,140.4,36.1,109.1,40.3
1960429,50953.0,146.2,28.9,109.4,54.2
1960430,43724.0,124.8,16.5,119.9,58.0
1960431,47209.0,67.6,33.2,41.0,38.3
1960432,95517.0,75.8,13.5,65.2,34.8
1960433,58178.0,63.7,26.5,105.6,41.7
1960434,75669.0,113.4,10.0,116.1,43.3
1960435,54476.0,114.7,26.6,88.4,56.7
1960436,63015.0,101.9,21.4,108.6,33.1
1960437,81831.0,96.1,36.9,116.6,18.8
1960438,97402.0,119.0,43.0,119.3,42.6
1960439,36008.0,93.7,25.8,145.0,61.4
1960440,94843.0,67.3,15.2,125.8,36.3
1960441,109398.0,120.9,27.8,105.9,55.6
1960442,63826.0,125.1,13.7,84.8,59.3
1960443,70323.0,128.8,8.2,56.1,44.1
1960444,42597.0,98.0,36.7,113.9,23.9
1960445,75834.0,75.6,32.2,103.9,6.6
1960446,57863.0,94.0,5.1,146.8,31.4
1960447,42860.0,119.9,10.5,130.4,47.7
1960448,95229.0,85.1,19.7,86.3,42.8
1960449,70249.0,78.3,12.7,129.7,40.4
1960450,60171.0,64.7,32.2,130.3,37.1
1960451,90622.0,112.6,5.8,58.8,59.2
1960452,56006.0,86.4,32.0,68.7,53.6
1960453,23111.0,104.2,31.1,117.9,58.7
1960454,53870.0,91.9,38.1,114.3,23.2
1960455,73022.0,115.9,32.3,100.7,58.1
1960456,54723.0,152.3,41.0,93.9,21.8
1960457,95413.0,103.4,27.2,76.8,49.0
1960458,64814.0,91.5,8.7,90.5,44.3
1960459,65023.0,105.0,18.7,75.6,24.8
1960460,40098.0,93.8,19.8,65.9,27.9
1960461,44466.0,105.1,14.0,55.1,43.6
1960462,71371.0,124.6,18.4,118.4,41.4
1960463,97377.0,108.9,13.3,109.0,68.1
1960464,75050.0,125.4,33.7,141.8,27.2
1960465,19010.0,104.3,38.7,118.7,53.5
1960466,69794.0,91.1,10.2,114.6,23.9
1960467,59085.0,144.9,16.3,79.7,36.7
1960468,42689.0,117.7,38.2,85.9,24.4
1960469,45018.0,111.7,32.2,151.5,80.7
1960470,52347.0,95.1,16.6,119.5,55.7
1960471,75197.0,78.2,24.2,92.7,36.8
1960472,64812.0,115.9,32.6,72.4,39.7
1960473,55928.0,101.5,27.7,47.4,42.2
1960474,41876.0,71.1,23.7,103.2,47.9
1960475,90989.0,123.9,11.5,105.0,52.2
1960476,54179.0,118.1,42.3,137.3,33.4
1960477,64469.0,118.2,41.1,82.1,57.2
1960478,70671.0,80.2,17.3,101.1,24.1
1960479,59563.0,125.5,13.5,93.2,31.5
1960480,47711.0,102.2,33.5,115.2,60.8
1960481,60615.0,87.1,39.6,124.7,62.8
1960482,58774.0,122.8,9.5,93.2,54.6
1960483,64626.0,88.8,22.9,111.4,72.5
1960484,42456.0,93.3,20.5,116.9,63.0
1960485,99563.0,84.0,28.0,115.6,54.6
1960486,66956.0,87.0,12.9,108.7,64.7
1960487,60639.0,88.5,44.9,100.6,67.1
1960488,61267.0,106.2,20.6,75.5,36.6
1960489,32040.0,109.4,18.5,84.2,31.0
1960490,24487.0,91.8,19.7,143.7,25.8
1960491,50594.0,86.6,23.1,147.3,41.6
1960492,79228.0,123.4,13.0,76.9,66.7
1960493,44653.0,82.1,18.5,91.3,47.1
1960494,59503.0,59.2,25.4,78.7,47.4
1960495,87852.0,147.2,39.5,104.8,34.6
1960496,81640.0,104.6,24.2,119.5,56.0
1960497,37037.0,67.1,27.4,109.4,52.7
1960498,75349.0,91.9,30.3,74.2,22.2
1960499,30363.0,96.9,17.2,62.6,36.9
1960500,86652.0,91.0,11.2,122.1,57.2
1960501,77601.0,122.0,7.8,135.2,40.1
1960502,62530.0,129.6,43.5,114.8,47.0
1960503,58252.0,102.6,30.0,142.7,66.1
1960504,80390.0,110.7,30.3,101.5,28.1
1960505,85114.0,127.2,6.3,118.2,33.2
1960506,77052.0,108.2,34.6,147.3,31.4
1960507,75065.0,89.2,17.9,133.0,82.0
1960508,48919.0,108.4,10.3,153.5,48.5
1960509,78550.0,103.6,7.2,69.8,35.3
1960510,48287.0,121.8,32.9,95.6,32.4
1960511,55056.0,126.5,26.0,88.2,54.7
1960512,33099.0,94.9,16.5,130.1,51.4
1960513,97169.0,118.7,28.2,152.9,45.7
1960514,73570.0,87.2,14.9,121.6,50.8
1960515,82451.0,117.8,30.8,86.7,18.6
1960516,95464.0,54.7,17.5,101.0,48.9
1960517,75632.0,86.0,21.5,102.2,71.9
1960518,66262.0,127.0,5.2,59.4,52.4
1960519,51160.0,104.3,34.1,120.3,48.9
1960520,79329.0,81.6,41.1,108.9,57.5
1960521,16762.0,133.9,27.1,98.3,57.1
1960522,69966.0,98.7,18.1,66.0,44.3
1960523,,123.3,25.7,87.7,50.0
1960524,80691.0,117.2,38.2,72.7,64.4
1960525,39666.0,99.0,8.9,88.1,42.0
1960526,26984.0,93.0,14.3,53.3,36.7
1960527,92807.0,84.1,10.2,102.5,55.5
1960528,81033.0,73.5,23.3,63.3,57.1
1960529,34160.0,87.9,43.8,76.3,42.4
1960530,69195.0,123.4,6.1,112.8,38.3
1960531,43443.0,135.4,8.1,84.9,49.1
1960532,55496.0,136.9,43.4,104.8,62.5
1960533,77622.0,69.1,18.2,102.1,55.2
1960534,44287.0,86.1,30.5,60.7,75.3
1960535,46887.0,109.9,36.2,99.6,40.2
1960536,56362.0,93.8,25.2,91.8,38.6
1960537,90218.0,110.0,32.4,84.8,24.7
1960538,57309.0,129.7,5.5,166.1,45.2
1960539,67489.0,99.1,29.5,133.4,25.7
1960540,60771.0,131.1,33.4,109.9,14.0
1960541,57623.0,109.4,25.3,133.6,43.3
1960542,54424.0,85.7,24.9,43.5,37.8
1960543,64052.0,78.2,38.2,115.7,67.0
1960544,69573.0,67.1,30.8,93.7,29.4
1960545,24925.0,107.3,8.5,137.4,63.9
1960546,67253.0,85.0,15.8,99.9,60.9
1960547,70342.0,92.6,27.2,136.7,48.1
1960548,89572.0,56.8,23.5,54.3,11.3
1960549,66232.0,116.4,25.5,96.7,45.3
1960550,76911.0,106.8,40.4,122.9,64.5
1960551,60310.0,66.8,14.9,165.4,37.8
1960552,72245.0,101.6,35.3,94.7,56.8
1960553,54555.0,53.9,6.3,103.0,37.2
1960554,61221.0,118.7,31.5,121.3,30.3
1960555,63530.0,116.7,21.4,128.0,68.6
1960556,66274.0,137.9,38.7,108.9,38.7
1960557,73760.0,109.2,9.4,78.2,34.3
1960558,43122.0,103.1,19.6,102.9,29.5
1960559,32317.0,111.9,33.0,137.4,38.5
1960560,46812.0,107.3,17.9,87.2,46.1
1960561,44074.0,58.5,38.8,114.0,39.9
1960562,62464.0,115.7,25.0,158.7,30.2
1960563,15000.0,86.9,16.3,107.4,24.4
1960564,66173.0,103.8,11.1,89.9,73.0
1960565,47903.0,113.7,43.5,92.5,46.1
1960566,61641.0,124.7,21.9,98.4,47.9
1960567,52293.0,120.3,44.7,122.9,51.3
1960568,71197.0,115.8,19.9,121.0,32.2
1960569,64818.0,108.3,14.6,115.1,50.3
1960570,66613.0,114.9,26.4,139.7,47.4
1960571,47897.0,82.3,27.0,97.1,36.6
1960572,82683.0,86.3,18.7,95.3,41.0
1960573,107637.0,108.7,25.2,81.0,39.5
1960574,95335.0,63.1,22.6,109.0,65.0
1960575,99235.0,71.3,30.6,95.7,19.4
1960576,52976.0,82.2,21.8,107.6,54.5
1960577,62962.0,74.4,15.5,106.1,55.8
1960578,57635.0,145.1,39.8,83.4,53.6
1960579,59359.0,92.4,31.2,98.2,47.3
1960580,67359.0,111.4,44.3,93.3,29.5
1960581,70153.0,73.2,28.4,100.6,22.9
1960582,46785.0,117.1,30.3,96.2,37.1
1960583,74180.0,75.7,10.5,109.2,59.2
1960584,84304.0,107.0,5.3,72.1,47.3
1960585,37873.0,113.6,37.7,97.3,43.8
1960586,50418.0,54.9,29.2,55.7,31.0
1960587,75120.0,58.5,32.4,113.4,36.2
1960588,90480.0,128.5,22.7,109.2,39.7
1960589,51621.0,94.2,36.8,106.1,58.5
1960590,68683.0,136.5,9.4,78.9,17.3
1960591,82996.0,81.6,40.4,109.2,18.8
1960592,83082.0,70.2,17.7,149.6,23.5
1960593,52985.0,94.0,42.4,96.5,8.8
1960594,45149.0,98.2,16.9,106.1,62.4
1960595,83577.0,109.9,12.6,97.3,57.1
1960596,60758.0,65.7,18.5,113.4,62.3
1960597,63664.0,127.9,30.7,135.0,27.1
1960598,113514.0,56.8,39.7,85.5,76.6
1960599,64437.0,111.9,33.0,115.8,40.7
1960600,37138.0,125.8,20.6,147.2,57.3
1960601,,121.8,6.1,119.2,69.2
1960602,76119.0,125.5,10.1,112.7,53.4
1960603,47334.0,104.6,6.9,109.3,44.7
1960604,92094.0,80.4,32.9,107.7,53.1
1960605,48655.0,77.0,7.5,99.2,48.4
1960606,61636.0,89.8,12.1,101.9,43.0
1960607,56681.0,39.3,9.9,80.3,17.3
1960608,90306.0,126.9,29.6,139.4,68.1
1960609,31124.0,96.6,41.4,76.3,60.8
1960610,57812.0,138.9,44.1,120.5,76.2
1960611,93329.0,152.7,31.5,71.8,38.6
1960612,95555.0,82.4,15.5,120.1,41.3
1960613,85727.0,111.3,24.9,101.7,60.6
1960614,77017.0,66.9,42.1,102.4,45.0
1960615,74976.0,79.3,23.0,64.5,38.2
1960616,90413.0,97.4,20.5,100.2,8.8
1960617,36635.0,63.4,28.9,120.7,51.1
1960618,86917.0,80.3,12.1,139.8,35.5
1960619,53515.0,107.8,12.7,102.6,62.7
1960620,82077.0,126.2,26.3,98.8,35.9
1960621,59654.0,122.4,7.8,127.4,70.8
1960622,82310.0,108.9,24.1,69.0,50.0
1960623,36164.0,71.2,11.9,124.4,24.7
1960624,51068.0,76.3,20.0,123.1,70.0
1960625,48029.0,78.0,25.0,78.4,25.9
1960626,26695.0,100.2,23.8,173.9,29.8
1960627,34386.0,102.1,25.5,66.7,27.4
1960628,35013.0,81.6,42.3,108.3,48.2
1960629,62718.0,106.3,26.3,88.7,21.9
1960630,23456.0,130.9,21.5,143.7,49.3
1960631,80056.0,103.4,26.9,90.1,48.1
1960632,57620.0,85.9,30.2,64.2,41.7
1960633,56831.0,112.5,6.9,32.2,60.3
1960634,71271.0,72.6,20.1,70.2,49.1
1960635,62907.0,110.7,34.7,64.1,31.3
1960636,70902.0,78.1,13.6,119.5,57.6
1960637,49396.0,131.3,21.2,99.9,38.7
1960638,55400.0,78.4,44.7,82.5,44.8
1960639,71752.0,92.0,40.5,89.3,33.7
1960640,90797.0,84.3,20.3,74.5,38.7
1960641,56044.0,109.0,35.8,101.0,18.1
1960642,39376.0,113.7,18.9,125.6,39.8
1960643,39032.0,79.1,31.2,76.7,18.7
1960644,48021.0,112.4,38.5,113.0,78.2
1960645,70342.0,98.9,29.4,79.7,60.1
1960646,90874.0,101.2,33.6,73.2,42.4
1960647,56836.0,64.8,8.3,115.0,43.3
1960648,,68.3,40.5,69.4,76.9
1960649,101433.0,103.0,9.8,67.7,54.7
1960650,91449.0,112.1,27.2,101.4,65.9
1960651,81123.0,111.0,20.6,96.6,50.9
1960652,80348.0,85.7,16.8,83.7,41.1
1960653,33587.0,111.2,24.1,136.1,44.4
1960654,20840.0,63.5,28.9,108.4,34.2
1960655,104334.0,124.0,11.0,90.0,57.4
1960656,,75.2,34.3,89.1,46.0
1960657,56966.0,123.7,32.6,123.6,61.0
1960658,50381.0,121.9,42.9,129.9,57.3
1960659,95263.0,94.2,8.2,89.2,47.1
1960660,81670.0,158.7,24.3,129.7,60.7
1960661,95319.0,85.5,22.1,66.5,36.6
1960662,75394.0,98.0,30.1,116.0,35.7
1960663,57324.0,120.4,37.0,149.5,26.9
1960664,75068.0,98.2,6.5,110.5,24.4
1960665,52855.0,39.0,41.0,17.5,39.4
1960666,43028.0,54.1,28.9,130.1,44.8
1960667,47272.0,120.9,27.5,67.8,47.8
1960668,97558.0,112.7,17.3,147.0,18.1
1960669,70824.0,134.7,14.0,84.1,24.4
1960670,96418.0,83.4,37.5,109.3,41.1
1960671,63405.0,115.5,32.6,97.0,49.9
1960672,104704.0,127.5,40.8,48.2,38.8
1960673,48048.0,115.1,18.9,111.5,34.7
1960674,89501.0,101.0,11.7,106.9,25.6
1960675,,108.8,39.3,81.9,41.6
1960676,67840.0,106.8,5.6,57.3,57.0
1960677,47931.0,111.4,24.4,97.3,65.1
1960678,108972.0,97.9,7.4,148.0,61.4
1960679,57595.0,123.5,36.0,93.6,9.9
1960680,79480.0,66.9,11.1,121.7,48.5
1960681,52321.0,42.9,33.0,113.8,56.6
1960682,69979.0,90.5,41.9,117.7,30.4
1960683,47790.0,146.5,18.5,109.8,54.9
1960684,68766.0,111.4,20.6,138.9,47.5
1960685,41515.0,118.0,29.0,104.7,45.8
1960686,60477.0,109.3,26.5,91.7,60.1
1960687,36031.0,98.4,7.1,90.9,58.2
1960688,118510.0,85.9,21.0,105.1,60.4
1960689,63993.0,90.4,16.8,102.8,67.6
1960690,95950.0,43.8,41.7,79.8,38.3
1960691,75233.0,114.7,35.5,111.1,45.5
1960692,62046.0,121.4,13.7,108.3,39.9
1960693,50149.0,70.8,15.5,69.8,23.8
1960694,77299.0,101.9,10.0,114.5,50.1
1960695,54372.0,87.0,22.1,126.3,55.3
1960696,91510.0,133.4,17.2,95.7,50.1
1960697,81728.0,129.0,40.7,102.6,48.1
1960698,54881.0,99.2,30.2,127.2,47.1
1960699,89529.0,98.7,42.3,104.5,36.9
1960700,34874.0,58.3,40.6,128.2,42.8
1960701,50849.0,97.8,10.2,140.5,24.1
1960702,20712.0,83.1,6.4,64.2,74.2
1960703,55321.0,122.5,35.7,120.0,64.6
1960704,75354.0,128.6,19.6,108.8,50.2
1960705,62790.0,52.0,8.8,157.5,35.8
1960706,85354.0,96.7,10.7,80.6,69.6
1960707,75025.0,148.0,27.3,86.1,46.8
1960708,52736.0,115.7,39.7,136.5,28.2
1960709,82187.0,99.8,24.9,79.5,57.4
1960710,93808.0,94.9,42.7,112.2,57.8
1960711,67147.0,103.3,37.9,121.8,36.0
1960712,52863.0,86.8,5.2,86.3,28.1
1960713,61770.0,58.2,24.3,115.8,43.7
1960714,48581.0,76.5,16.0,128.7,43.4
1960715,60274.0,108.5,25.1,65.8,14.4
1960716,68609.0,127.5,17.2,84.0,50.4
1960717,71572.0,87.8,14.5,130.8,49.4
1960718,26193.0,84.7,21.0,134.6,34.7
1960719,43657.0,80.5,8.3,131.0,32.8
1960720,63201.0,69.7,22.3,93.5,35.7
1960721,105699.0,110.5,37.3,51.0,42.4
1960722,56154.0,89.7,5.1,128.7,34.8
1960723,44814.0,106.1,17.8,64.1,63.9
1960724,71518.0,100.8,8.5,120.9,59.7
1960725,82676.0,136.5,22.9,126.7,56.0
1960726,77165.0,133.2,28.8,88.7,46.7
1960727,29185.0,106.3,15.6,128.7,34.4
1960728,73113.0,104.1,42.8,108.5,51.5
1960729,41155.0,63.8,42.5,51.7,59.5
1960730,79442.0,69.3,19.5,116.9,56.5
1960731,70348.0,69.6,18.7,74.1,64.9
1960732,88510.0,68.2,28.7,124.9,56.8
1960733,64778.0,119.5,36.7,51.6,24.8
1960734,37445.0,69.5,38.4,101.0,52.7
1960735,25809.0,119.6,22.2,104.8,8.6
1960736,63131.0,112.9,38.2,103.0,80.7
1960737,89421.0,98.6,10.3,104.4,38.9
1960738,68086.0,131.8,27.6,66.2,20.0
1960739,78270.0,85.3,7.1,83.2,61.7
1960740,,89.9,15.6,128.1,58.0
1960741,71887.0,81.5,27.8,131.8,39.5
1960742,38583.0,81.3,14.6,58.7,45.3
1960743,46318.0,102.8,8.5,104.0,58.7
1960744,63571.0,138.1,32.6,87.3,32.7
1960745,61033.0,71.8,17.7,38.5,41.0
1960746,86342.0,72.5,36.4,128.7,61.7
1960747,80561.0,100.3,44.7,133.8,56.2
1960748,95384.0,102.2,32.4,122.7,54.0
1960749,63236.0,93.7,18.3,81.8,43.7
1960750,61557.0,91.7,19.1,81.1,63.9
1960751,32020.0,127.5,33.2,139.3,20.1
1960752,54615.0,104.6,6.0,119.0,58.9
1960753,49116.0,66.5,6.4,82.3,55.4
1960754,81316.0,129.5,38.7,107.7,44.2
1960755,77151.0,79.5,44.7,130.0,39.5
1960756,79284.0,88.1,10.9,122.5,86.2
1960757,74984.0,69.9,9.8,47.4,58.0
1960758,53654.0,85.9,16.0,76.5,66.8
1960759,73042.0,128.0,18.4,154.1,66.7
1960760,39912.0,127.3,44.7,103.5,56.5
1960761,52265.0,82.0,22.7,120.9,31.3
1960762,15000.0,79.1,8.6,88.8,64.4
1960763,63172.0,107.3,42.7,69.2,51.6
1960764,48817.0,151.6,6.1,49.4,47.1
1960765,88097.0,129.8,42.8,70.2,53.2
1960766,36625.0,113.1,43.7,103.8,50.1
1960767,53063.0,106.0,16.8,107.0,49.9
1960768,20794.0,129.6,16.1,81.2,37.0
1960769,91029.0,114.3,5.8,89.4,61.1
1960770,68658.0,85.4,30.7,102.5,53.5
1960771,86545.0,127.7,14.9,102.6,63.2
1960772,19553.0,119.0,9.2,79.2,30.6
1960773,55608.0,128.4,12.6,104.4,22.5
1960774,70166.0,106.3,8.6,97.2,41.4
1960775,81397.0,75.5,8.0,132.5,19.2
1960776,60672.0,37.3,41.3,114.0,47.9
1960777,46563.0,59.7,43.9,114.1,47.2
1960778,45046.0,73.2,6.7,155.5,35.2
1960779,55369.0,85.1,44.3,97.2,50.0
1960780,59462.0,146.6,42.8,86.3,66.7
1960781,60587.0,108.9,39.0,123.5,27.6
1960782,76343.0,85.5,35.9,75.2,59.2
1960783,49772.0,87.1,34.3,81.7,29.6
1960784,43151.0,120.7,14.6,127.9,72.4
1960785,58559.0,116.4,43.0,106.3,27.4
1960786,54543.0,87.6,22.2,101.4,40.6
1960787,76593.0,88.3,30.5,39.5,67.1
1960788,79898.0,117.2,29.1,134.0,51.5
1960789,50463.0,122.1,38.5,56.5,33.6
1960790,49604.0,65.3,39.5,83.8,52.5
1960791,47572.0,114.6,7.4,86.1,63.1
1960792,51936.0,79.8,15.0,127.1,40.4
1960793,63851.0,120.9,41.7,101.4,59.9
1960794,91935.0,125.2,37.2,68.7,49.4
1960795,46610.0,71.5,22.1,64.0,40.8
1960796,47899.0,118.4,32.4,152.1,76.3
1960797,49053.0,92.5,32.4,106.9,46.2
1960798,54474.0,78.0,44.8,85.3,37.3
1960799,72058.0,92.3,41.7,140.6,56.1
1960800,43773.0,127.2,5.0,134.7,32.3
1960801,55737.0,101.2,23.1,85.1,50.7
1960802,102076.0,99.4,44.6,68.4,47.4
1960803,66050.0,67.0,26.3,87.6,45.6
1960804,71102.0,67.3,9.3,82.5,44.3
1960805,68326.0,111.7,37.2,103.9,39.6
1960806,53688.0,108.2,6.9,164.4,51.6
1960807,71812.0,85.1,17.6,61.8,52.1
1960808,41665.0,114.4,13.1,110.8,37.1
1960809,61848.0,95.8,27.3,105.0,40.6
1960810,65391.0,90.7,26.8,59.7,20.6
1960811,74569.0,109.2,5.9,68.2,29.0
1960812,85158.0,107.8,29.0,106.8,42.7
1960813,65062.0,89.2,32.3,124.5,32.3
1960814,62552.0,90.9,18.4,102.7,14.0
1960815,56466.0,82.2,12.2,106.1,56.7
1960816,48358.0,95.7,9.8,108.7,46.1
1960817,59985.0,78.9,44.3,107.0,0.0
1960818,55487.0,126.0,26.6,103.0,19.4
1960819,66883.0,109.8,10.7,73.6,7.6
1960820,79700.0,77.7,13.5,105.7,25.1
1960821,70438.0,100.1,6.6,108.9,49.7
1960822,72163.0,93.6,5.1,77.8,29.7
1960823,54194.0,121.5,29.3,134.6,41.7
1960824,59667.0,84.8,7.8,131.9,43.4
1960825,92761.0,106.5,25.8,146.2,41.0
1960826,51876.0,90.1,37.8,81.8,46.6
1960827,54124.0,105.0,17.2,87.1,55.0
1960828,92983.0,95.7,42.0,144.6,32.8
1960829,44118.0,68.7,13.5,89.2,52.1
1960830,78927.0,70.3,39.2,84.1,38.4
1960831,59119.0,118.4,20.9,79.0,52.4
1960832,52572.0,144.9,23.6,99.6,9.0
1960833,83754.0,79.7,12.0,91.5,70.9
1960834,68207.0,89.8,28.9,102.9,39.4
1960835,60168.0,54.3,23.0,105.1,19.9
1960836,46976.0,81.1,42.2,85.3,92.9
1960837,56889.0,142.4,15.6,80.3,37.6
1960838,50897.0,127.1,36.7,98.8,54.9
1960839,53331.0,88.2,27.7,120.7,10.2
1960840,89509.0,81.4,39.2,116.4,39.7
1960841,52806.0,64.9,15.5,148.9,35.9
1960842,32424.0,76.9,41.9,90.2,50.9
1960843,62468.0,106.7,28.8,88.4,46.5
1960844,54475.0,126.6,6.2,120.6,45.4
1960845,49434.0,93.4,12.0,115.9,54.7
1960846,36920.0,97.8,20.1,53.9,29.5
1960847,60431.0,126.8,22.3,79.2,38.9
1960848,98139.0,120.4,40.5,116.7,47.4
1960849,57501.0,88.5,41.2,107.3,33.9
1960850,61407.0,79.9,24.7,125.2,48.6
1960851,64870.0,150.8,30.4,131.7,66.3
1960852,66705.0,115.1,9.7,114.1,78.8
1960853,70843.0,122.4,28.6,76.4,33.8
1960854,66165.0,119.2,12.4,130.9,36.1
1960855,67399.0,132.9,42.8,78.9,16.9
1960856,39669.0,48.6,34.1,95.5,62.5
1960857,70144.0,93.1,32.0,94.8,16.9
1960858,71222.0,105.7,22.6,74.1,34.2
1960859,59186.0,98.4,35.8,101.0,66.0
1960860,69770.0,58.5,19.3,95.1,72.0
1960861,73336.0,74.6,42.7,69.2,47.9
1960862,29130.0,56.7,42.4,75.0,40.9
1960863,49272.0,79.5,16.2,93.5,25.0
1960864,76369.0,56.3,11.5,94.3,50.4
1960865,15000.0,77.6,17.7,130.5,23.5
1960866,66059.0,105.6,12.1,78.6,63.4
1960867,35814.0,102.2,18.6,86.1,62.3
1960868,79921.0,112.1,16.9,75.2,50.4
1960869,69124.0,132.1,10.9,93.6,39.1
1960870,100125.0,78.6,9.6,104.3,61.9
1960871,71865.0,48.3,17.3,151.9,3.6
1960872,75662.0,90.5,21.9,139.3,32.3
1960873,83073.0,108.3,40.6,76.1,38.9
1960874,51766.0,125.6,17.0,62.8,36.4
1960875,71380.0,81.9,19.7,129.1,28.2
1960876,68346.0,109.4,18.0,89.7,43.9
1960877,49234.0,124.8,29.4,90.1,42.8
1960878,58250.0,85.0,8.6,83.3,48.5
1960879,39662.0,139.5,27.3,116.2,52.9
1960880,43395.0,136.7,21.1,131.1,39.6
1960881,84896.0,70.8,36.2,80.4,25.7
1960882,65824.0,133.1,6.2,102.4,33.5
1960883,54794.0,109.8,26.0,77.9,0.0
1960884,93706.0,118.0,44.5,127.2,68.1
1960885,53398.0,119.5,22.0,50.7,24.3
1960886,84745.0,86.3,22.6,81.4,65.0
1960887,50851.0,91.9,14.8,53.7,27.1
1960888,36057.0,117.0,33.6,62.5,33.8
1960889,61754.0,106.4,28.3,125.1,36.5
1960890,96609.0,52.8,26.5,54.0,66.3
1960891,45409.0,84.7,5.4,88.6,52.1
1960892,53040.0,96.7,24.9,142.8,42.4
1960893,35432.0,79.3,35.2,80.6,61.7
1960894,77462.0,104.5,31.6,80.7,59.6
1960895,87891.0,67.0,16.8,69.5,84.5
1960896,58368.0,127.3,25.7,128.2,53.7
1960897,66735.0,150.9,37.8,110.8,52.7
1960898,91036.0,77.2,23.6,64.6,93.2
1960899,47289.0,105.5,31.6,124.6,42.7
1960900,62642.0,44.2,21.2,114.4,66.8
1960901,68416.0,111.7,18.0,111.0,22.2
1960902,66314.0,92.2,11.9,70.8,42.2
1960903,,101.8,6.4,121.1,0.0
1960904,63481.0,118.9,9.6,92.2,52.1
1960905,43999.0,148.7,31.8,137.0,46.1
1960906,38113.0,141.1,21.0,81.4,15.9
1960907,64772.0,94.9,26.7,148.8,38.7
1960908,59937.0,120.6,12.1,86.5,39.0
1960909,76541.0,77.2,39.3,120.9,37.2
1960910,73504.0,91.1,17.7,134.3,25.2
1960911,99436.0,97.6,28.9,110.9,13.6
1960912,84105.0,117.8,30.2,56.2,31.5
1960913,66452.0,78.8,22.0,120.8,31.6
1960914,56748.0,101.1,10.0,54.4,35.2
1960915,79109.0,66.1,8.2,96.8,45.4
1960916,,91.1,23.4,87.1,39.7
1960917,47751.0,84.6,42.7,105.7,61.4
1960918,75123.0,82.2,34.6,94.3,48.6
1960919,57641.0,125.4,5.4,99.4,22.3
1960920,58788.0,96.7,30.6,85.9,55.1
1960921,55064.0,101.7,10.1,48.6,21.7
1960922,51285.0,119.6,11.8,123.2,75.9
1960923,57364.0,134.2,13.2,41.7,59.4
1960924,50821.0,113.0,5.4,110.2,54.5
1960925,61415.0,98.5,36.4,80.3,37.2
1960926,44160.0,80.3,27.5,103.1,54.3
1960927,53107.0,70.1,23.7,67.3,57.4
1960928,49955.0,121.5,9.4,106.0,48.0
1960929,36098.0,95.4,29.3,158.2,37.6
1960930,59395.0,136.5,36.3,120.3,55.0
1960931,61266.0,116.1,35.9,104.2,55.2
1960932,68773.0,143.5,19.2,65.8,56.2
1960933,72581.0,92.0,29.6,90.0,26.8
1960934,60167.0,111.7,36.9,103.6,44.0
1960935,81527.0,83.2,9.2,102.2,47.0
1960936,77079.0,83.1,20.6,92.1,53.1
1960937,63677.0,83.2,20.8,125.5,63.6
1960938,63348.0,81.4,14.8,120.5,16.8
1960939,57770.0,72.6,10.2,100.0,53.9
1960940,39165.0,125.0,40.5,96.4,44.7
1960941,84288.0,74.7,9.8,91.0,57.3
1960942,60565.0,59.6,37.0,99.4,17.2
1960943,99879.0,63.5,35.6,56.9,27.1
1960944,73300.0,121.7,22.5,151.3,64.2
1960945,87847.0,76.6,12.7,105.7,28.3
1960946,75366.0,88.9,5.4,116.3,71.0
1960947,81610.0,91.8,34.0,110.6,25.4
1960948,76883.0,114.8,24.0,97.5,53.1
1960949,85231.0,115.3,11.2,86.3,35.6
1960950,51273.0,89.2,13.3,84.6,41.1
1960951,63421.0,124.1,41.1,116.3,37.5
1960952,55521.0,40.1,23.0,80.2,52.4
1960953,42665.0,123.0,25.6,90.7,37.6
1960954,49780.0,101.5,34.9,77.0,61.4
1960955,89429.0,92.5,7.3,63.0,56.3
1960956,45358.0,90.2,20.5,141.0,3.1
1960957,78604.0,124.2,40.3,108.5,26.2
1960958,93240.0,116.0,24.7,103.3,35.0
1960959,89699.0,96.7,42.5,131.0,63.1
1960960,38377.0,83.6,20.4,101.5,55.5
1960961,85732.0,89.9,31.9,78.3,47.5
1960962,87176.0,107.3,32.7,111.1,32.7
1960963,97486.0,87.8,12.2,126.8,45.5
1960964,74383.0,94.6,37.8,143.8,41.4
1960965,56231.0,73.8,34.7,62.3,34.1
1960966,88041.0,116.1,22.0,102.4,35.3
1960967,94091.0,93.0,18.4,108.2,18.3
1960968,91029.0,131.4,44.8,73.5,59.9
1960969,84296.0,107.0,35.0,112.7,58.5
1960970,46400.0,146.5,6.0,140.0,17.7
1960971,73343.0,107.2,42.1,96.1,26.2
1960972,73978.0,79.3,28.9,86.6,42.1
1960973,69693.0,105.0,30.5,101.6,36.0
1960974,29421.0,93.1,19.3,99.2,51.1
1960975,,106.8,6.5,75.5,35.9
1960976,77381.0,133.9,39.8,143.7,37.7
1960977,72502.0,92.1,12.9,104.1,43.3
1960978,,112.6,36.8,74.9,39.9
1960979,80515.0,101.6,43.8,116.0,53.7
1960980,29272.0,80.0,17.8,64.9,18.1
1960981,38949.0,112.4,20.1,63.4,48.1
1960982,79044.0,146.8,25.5,98.3,21.3
1960983,58341.0,144.5,11.8,39.4,55.8
1960984,74081.0,137.3,31.3,112.6,50.8
1960985,74890.0,109.7,21.1,87.0,26.4
1960986,77185.0,111.0,15.1,103.7,43.5
1960987,70344.0,82.2,14.5,90.9,26.2
1960988,60899.0,73.6,29.2,57.4,88.8
1960989,82429.0,95.9,27.9,118.9,42.9
1960990,70744.0,71.7,30.0,141.2,42.5
1960991,44359.0,81.1,35.1,33.6,50.6
1960992,61325.0,90.3,35.3,122.0,36.6
1960993,97921.0,99.6,19.1,86.9,36.7
1960994,44389.0,118.3,42.9,106.8,54.1
1960995,52433.0,89.2,13.3,102.1,21.4
1960996,87034.0,123.1,26.0,87.9,26.1
1960997,114576.0,113.5,12.7,49.1,47.5
1960998,78460.0,68.1,44.0,102.5,60.0
1960999,64123.0,59.9,16.2,168.3,56.0
1961000,36296.0,147.9,22.4,85.2,35.2
