WellID,FluidInflowTemp,FlowRate_Lps,HeatExtracted_kW,COP_Coefficient,WellStatus
1860001,178.8,13.9,93.3,120.1,1
1860002,134.3,43.4,174.1,104.9,0
1860003,154.4,46.8,109.2,89.1,0
1860004,121.8,53.4,113.4,110.7,0
1860005,154.3,36.0,87.6,111.0,0
1860006,162.2,52.9,109.2,59.1,0
1860007,101.9,35.0,97.3,76.5,1
1860008,95.6,28.9,113.0,79.1,0
1860009,125.6,63.8,124.6,119.1,0
1860010,122.4,71.5,100.4,69.5,1
1860011,123.8,54.3,126.7,93.2,1
1860012,133.1,77.4,116.0,106.8,0
1860013,125.4,35.0,137.0,98.0,0
1860014,108.8,38.5,104.1,126.1,1
1860015,88.3,23.6,97.1,86.4,1
1860016,152.8,55.3,105.2,118.9,1
1860017,94.4,41.7,117.0,77.7,0
1860018,78.1,35.0,77.7,82.0,0
1860019,145.1,45.5,90.5,89.5,1
1860020,100.9,40.0,114.8,112.2,0
1860021,121.6,54.4,99.8,81.7,0
1860022,175.1,38.0,88.6,91.3,0
1860023,120.5,36.2,84.4,92.0,0
1860024,170.7,12.5,100.9,115.4,0
1860025,125.4,88.4,113.0,109.9,1
1860026,119.4,61.3,127.0,135.3,0
1860027,128.0,19.6,111.1,105.9,1
1860028,90.3,44.1,89.8,107.7,0
1860029,120.0,29.4,86.4,100.4,1
1860030,136.8,32.0,97.8,121.3,1
1860031,126.1,65.2,106.5,110.7,1
1860032,85.8,20.0,92.1,85.4,0
1860033,68.3,73.7,92.1,114.0,1
1860034,138.9,64.2,87.6,73.8,1
1860035,133.8,41.3,58.9,131.9,0
1860036,164.7,32.4,141.4,142.8,1
1860037,114.3,63.0,101.5,100.6,1
1860038,92.1,63.5,122.1,83.4,1
1860039,71.1,59.2,102.8,130.2,0
1860040,171.8,53.8,114.5,157.7,0
1860041,125.2,31.5,83.1,118.1,1
1860042,129.5,61.7,108.4,94.5,0
1860043,205.6,48.5,96.2,141.2,0
1860044,93.0,78.5,145.6,66.6,0
1860045,91.6,47.7,90.8,101.9,1
1860046,171.8,65.8,129.9,124.6,1
1860047,111.7,61.7,105.7,83.6,0
1860048,127.9,63.6,118.5,82.2,1
1860049,105.8,47.5,135.4,103.0,0
1860050,169.6,72.6,73.5,110.0,1
1860051,124.1,30.5,90.1,100.4,1
1860052,133.7,60.9,72.6,83.6,1
1860053,111.1,57.5,87.1,82.9,0
1860054,123.3,,118.4,54.8,1
1860055,126.9,55.5,84.7,112.8,1
1860056,124.7,73.7,70.8,135.1,0
1860057,120.0,63.9,62.2,68.7,1
1860058,101.2,47.8,85.0,94.3,0
1860059,101.8,40.8,88.2,137.9,0
1860060,139.8,68.3,129.3,124.3,1
1860061,136.5,67.5,87.6,63.9,0
1860062,160.3,18.7,88.9,94.0,1
1860063,153.5,53.7,49.7,107.9,0
1860064,160.1,36.8,102.9,73.0,0
1860065,95.7,42.3,112.9,111.1,1
1860066,82.2,34.4,92.7,43.3,1
1860067,148.2,39.0,122.3,128.1,1
1860068,56.3,44.1,110.0,122.7,1
1860069,101.5,43.4,107.3,116.5,0
1860070,113.3,47.6,104.0,126.5,0
1860071,62.3,22.2,115.4,111.0,1
1860072,137.9,58.7,78.7,122.7,1
1860073,124.7,41.9,97.5,113.8,1
1860074,104.8,,103.2,134.7,1
1860075,123.9,53.7,58.6,70.0,1
1860076,76.9,19.0,53.8,80.8,1
1860077,145.8,53.3,114.1,100.6,0
1860078,141.4,29.8,105.0,159.3,1
1860079,88.5,26.1,72.8,117.6,1
1860080,62.3,18.6,98.6,61.8,1
1860081,114.6,55.3,85.3,130.5,0
1860082,101.8,28.0,126.0,83.2,1
1860083,112.2,44.5,88.8,67.5,1
1860084,99.7,34.8,99.9,101.3,1
1860085,70.7,56.0,96.1,97.9,0
1860086,133.4,32.4,96.4,71.0,0
1860087,177.7,,120.3,105.7,0
1860088,69.9,39.8,110.8,128.6,1
1860089,130.2,67.1,97.7,112.6,1
1860090,142.5,32.0,97.6,74.8,1
1860091,139.6,25.3,64.8,101.9,0
1860092,202.1,44.9,105.9,102.2,0
1860093,105.9,54.9,79.7,65.7,1
1860094,135.5,49.6,105.0,69.1,0
1860095,157.7,58.9,124.9,82.2,0
1860096,97.9,66.4,133.9,87.6,0
1860097,129.3,37.8,156.2,112.1,0
1860098,139.5,36.9,92.3,121.7,0
1860099,121.0,47.9,131.5,58.4,0
1860100,138.2,60.6,120.3,76.0,0
1860101,141.8,,110.9,127.4,1
1860102,112.2,69.3,121.3,74.4,0
1860103,99.4,18.1,133.3,146.0,1
1860104,111.4,41.5,100.5,102.8,1
1860105,102.6,34.7,102.6,79.4,1
1860106,78.2,61.6,111.4,101.7,0
1860107,22.4,54.3,85.4,27.6,1
1860108,116.0,60.5,116.5,76.0,0
1860109,52.7,47.5,127.1,75.9,1
1860110,134.9,47.4,108.4,97.4,0
1860111,139.1,58.9,92.3,130.0,1
1860112,92.2,55.1,133.1,90.6,0
1860113,128.3,54.8,111.5,73.0,0
1860114,106.5,43.5,128.4,125.3,1
1860115,146.4,59.5,107.2,136.2,0
1860116,146.1,50.6,101.2,132.6,0
1860117,92.4,74.1,91.4,82.8,0
1860118,85.5,38.8,85.7,159.1,0
1860119,86.0,8.9,87.4,117.3,0
1860120,181.5,23.9,66.3,101.8,0
1860121,191.5,40.6,111.5,102.9,0
1860122,131.7,43.4,110.5,116.0,0
1860123,127.7,36.8,127.3,51.6,0
1860124,61.5,,110.0,139.8,1
1860125,71.3,56.1,122.8,130.3,0
1860126,118.1,30.1,130.0,165.4,0
1860127,135.4,39.9,75.3,81.5,1
1860128,105.3,28.4,121.0,117.3,0
1860129,124.8,29.1,100.5,93.1,1
1860130,83.5,64.6,101.1,135.4,0
1860131,69.4,42.6,165.2,119.8,0
1860132,121.1,39.4,95.0,111.9,1
1860133,87.1,52.4,96.8,115.5,1
1860134,123.1,30.4,125.3,111.1,0
1860135,101.5,37.5,116.6,57.1,0
1860136,77.7,70.9,89.5,136.5,1
1860137,73.0,74.3,93.1,114.4,0
1860138,131.1,29.6,81.4,93.1,0
1860139,145.3,63.7,56.9,84.9,1
1860140,122.6,44.6,76.8,147.7,0
1860141,146.8,51.6,79.7,100.6,0
1860142,128.9,57.3,130.4,147.7,0
1860143,113.6,0.0,160.6,110.3,1
1860144,82.7,34.2,72.0,89.8,1
1860145,53.8,49.4,108.8,82.8,0
1860146,140.7,38.4,91.7,95.7,1
1860147,161.8,36.1,110.0,131.9,1
1860148,105.5,51.9,108.8,125.6,1
1860149,125.9,19.0,92.5,109.7,1
1860150,170.9,65.2,98.5,90.3,0
1860151,109.8,24.8,132.0,113.6,1
1860152,90.2,,95.8,74.6,1
1860153,97.8,42.1,121.5,51.6,1
1860154,113.5,56.3,110.1,132.1,1
1860155,156.6,32.8,105.9,89.8,0
1860156,144.4,31.9,109.7,85.5,1
1860157,168.4,46.4,105.3,118.7,1
1860158,62.3,44.5,143.1,97.3,1
1860159,110.6,57.7,128.9,109.4,0
1860160,99.8,39.0,128.2,74.9,0
1860161,136.1,34.1,91.8,126.1,0
1860162,98.8,2.9,144.5,99.6,1
1860163,139.5,52.8,108.0,102.5,1
1860164,129.5,65.3,136.1,83.2,1
1860165,118.4,26.8,103.3,105.9,0
1860166,135.4,20.8,148.2,82.9,1
1860167,152.8,38.2,65.2,125.7,1
1860168,171.1,37.3,169.6,70.7,0
1860169,133.1,43.2,80.3,112.9,1
1860170,104.1,21.1,49.6,75.7,1
1860171,90.1,51.1,101.5,109.1,1
1860172,134.6,60.6,122.6,114.8,1
1860173,126.4,51.0,103.1,84.8,0
1860174,142.1,54.9,132.4,83.9,0
1860175,135.6,41.7,91.7,124.8,0
1860176,94.3,44.5,135.9,96.6,1
1860177,133.2,43.3,72.8,90.3,0
1860178,127.2,34.9,82.2,70.5,1
1860179,93.9,24.9,81.2,118.5,0
1860180,103.3,53.1,173.3,138.2,0
1860181,154.1,27.0,39.6,103.2,1
1860182,78.1,57.7,82.3,78.7,1
1860183,143.3,36.8,120.4,104.9,1
1860184,86.0,35.7,69.9,96.1,1
1860185,104.7,56.0,87.3,111.6,1
1860186,154.1,44.5,116.7,103.6,1
1860187,179.7,79.0,95.2,119.5,1
1860188,124.9,64.0,89.4,52.1,1
1860189,158.2,37.9,90.4,98.5,1
1860190,86.6,28.0,71.8,81.2,1
1860191,102.0,51.4,119.2,84.4,0
1860192,124.2,38.9,68.0,123.0,0
1860193,132.6,50.5,109.6,87.1,0
1860194,81.8,19.1,89.6,142.3,1
1860195,77.8,37.8,81.1,76.1,0
1860196,176.8,43.5,141.9,74.7,0
1860197,121.5,41.7,89.5,95.9,0
1860198,115.1,38.2,103.1,90.1,1
1860199,129.2,42.5,84.7,129.2,1
1860200,105.5,43.2,103.0,118.5,0
1860201,82.8,39.3,100.0,153.4,0
1860202,156.1,40.4,100.3,149.6,0
1860203,109.0,23.5,124.3,104.6,0
1860204,122.5,22.0,139.5,100.5,0
1860205,88.2,59.0,89.9,114.0,1
1860206,150.9,40.6,83.7,138.2,1
1860207,108.3,23.9,85.2,105.8,0
1860208,97.6,42.8,150.6,59.6,0
1860209,144.1,69.9,90.1,151.3,1
1860210,48.2,14.7,157.5,125.2,1
1860211,97.3,31.0,133.0,86.2,0
1860212,129.6,47.3,106.2,118.6,0
1860213,113.0,38.0,103.5,101.6,1
1860214,99.6,33.6,123.7,125.2,0
1860215,145.2,52.0,122.4,95.1,0
1860216,137.4,52.0,104.7,93.8,1
1860217,156.1,52.7,99.2,143.3,1
1860218,148.9,37.3,111.7,98.4,0
1860219,78.4,25.8,124.7,116.6,0
1860220,150.8,35.2,135.7,142.7,1
1860221,135.6,47.6,82.4,109.4,0
1860222,147.4,15.4,128.3,89.1,1
1860223,62.4,31.2,120.0,64.2,0
1860224,156.5,46.5,101.0,119.3,0
1860225,123.2,37.6,117.0,135.9,0
1860226,103.0,53.6,71.9,109.3,0
1860227,161.9,51.1,80.9,94.7,0
1860228,133.5,37.2,88.8,142.2,0
1860229,67.8,39.7,112.4,112.6,1
1860230,150.0,61.3,116.2,96.6,1
1860231,155.0,50.6,125.9,85.7,1
1860232,139.9,50.9,91.8,82.2,0
1860233,113.9,35.0,102.1,118.6,0
1860234,82.9,45.1,83.7,121.3,0
1860235,80.5,31.0,83.5,123.1,0
1860236,83.3,34.9,98.4,80.1,0
1860237,126.3,39.3,89.5,79.6,1
1860238,107.6,34.7,115.4,95.4,1
1860239,116.7,47.4,88.3,125.7,0
1860240,171.0,72.2,173.3,90.7,1
1860241,115.2,61.0,90.9,105.8,1
1860242,140.9,46.7,63.8,85.7,0
1860243,140.6,35.9,102.9,98.6,1
1860244,130.3,28.4,93.7,119.7,1
1860245,105.4,58.2,90.3,97.1,0
1860246,73.5,70.0,158.0,94.8,0
1860247,111.4,42.7,118.8,105.4,1
1860248,122.9,29.9,66.3,88.4,1
1860249,105.7,34.9,103.7,99.9,0
1860250,124.7,29.4,107.0,110.6,0
1860251,80.3,34.8,131.1,88.0,1
1860252,92.3,45.2,95.5,116.0,1
1860253,121.1,18.1,55.4,106.4,1
1860254,152.5,34.9,130.1,47.9,0
1860255,139.7,54.0,97.0,71.5,0
1860256,107.9,28.6,70.7,86.2,1
1860257,155.6,36.3,112.3,64.5,0
1860258,105.4,57.9,95.9,130.3,1
1860259,149.1,23.5,96.8,96.3,0
1860260,101.8,66.2,137.1,94.2,0
1860261,159.0,55.9,141.0,92.6,1
1860262,89.6,86.3,136.0,52.5,1
1860263,105.1,69.9,72.9,83.4,1
1860264,105.4,58.7,119.3,66.9,0
1860265,152.0,29.7,118.0,104.3,0
1860266,137.5,44.6,156.0,122.3,1
1860267,87.0,46.8,81.1,54.6,1
1860268,141.0,60.7,81.2,100.2,0
1860269,150.9,59.7,118.2,68.4,0
1860270,88.1,50.2,124.2,103.3,0
1860271,71.7,44.9,109.1,106.0,0
1860272,158.4,19.8,129.4,57.0,1
1860273,118.6,28.4,158.1,131.1,0
1860274,88.2,23.1,109.3,123.7,0
1860275,144.7,48.9,106.2,81.7,0
1860276,185.9,19.5,129.8,94.2,1
1860277,136.3,52.2,77.2,117.2,1
1860278,146.5,73.6,113.8,141.0,1
1860279,118.0,45.2,76.8,141.1,1
1860280,119.7,69.2,164.5,78.8,1
1860281,90.2,35.4,96.4,106.7,1
1860282,171.5,40.3,143.1,96.3,1
1860283,121.7,25.9,97.7,66.2,0
1860284,129.6,59.1,50.2,69.5,0
1860285,143.7,54.9,83.4,90.2,1
1860286,102.5,52.3,117.0,101.9,0
1860287,110.9,82.1,102.8,99.8,1
1860288,151.4,44.0,134.4,133.2,1
1860289,119.5,22.6,95.3,69.6,0
1860290,75.7,82.2,68.2,109.2,0
1860291,86.1,61.5,163.6,111.0,0
1860292,83.9,44.3,128.0,91.4,1
1860293,93.0,46.6,95.9,97.2,1
1860294,136.8,36.9,133.6,115.7,0
1860295,169.7,45.1,64.2,56.8,0
1860296,93.9,34.4,94.9,130.3,1
1860297,101.2,38.0,94.7,77.7,0
1860298,118.3,59.5,85.6,115.8,1
1860299,93.5,58.2,80.1,109.0,1
1860300,79.1,27.6,88.2,135.5,1
1860301,170.5,36.7,94.9,79.2,0
1860302,72.2,46.3,114.6,113.8,1
1860303,81.3,33.0,102.7,122.2,0
1860304,172.9,62.8,119.1,78.2,1
1860305,142.0,54.8,91.4,80.8,1
1860306,71.3,52.6,103.7,58.8,1
1860307,127.6,32.7,114.5,95.8,0
1860308,120.3,39.1,73.2,84.5,1
1860309,90.0,32.5,68.2,64.1,1
1860310,104.1,62.0,107.0,128.8,1
1860311,105.9,29.2,115.7,91.4,1
1860312,102.3,13.7,118.3,92.6,1
1860313,150.6,32.1,89.8,111.2,0
1860314,110.8,38.1,59.6,65.7,0
1860315,48.2,64.9,68.9,94.5,0
1860316,90.9,25.3,100.6,73.8,0
1860317,105.1,43.4,58.9,98.6,0
1860318,81.9,39.7,62.9,90.4,1
1860319,127.4,55.8,99.7,43.5,0
1860320,103.0,42.3,122.3,115.9,0
1860321,122.8,60.1,105.4,114.3,0
1860322,83.3,59.0,77.9,114.0,0
1860323,127.5,51.7,112.5,111.8,1
1860324,116.0,60.4,87.4,117.7,0
1860325,156.2,39.8,97.8,79.8,0
1860326,141.7,17.7,112.8,91.7,0
1860327,161.1,,64.3,150.5,0
1860328,106.8,43.7,100.9,81.8,1
1860329,131.2,42.8,100.2,104.9,1
1860330,127.2,46.8,112.3,94.3,1
1860331,77.5,25.3,105.1,90.1,0
1860332,164.4,52.8,66.8,123.8,0
1860333,192.2,29.0,33.2,59.6,1
1860334,148.4,40.2,88.0,89.4,0
1860335,118.8,58.9,63.7,54.7,0
1860336,47.8,41.7,86.7,72.7,0
1860337,112.4,36.7,109.5,82.8,0
1860338,114.4,48.6,123.1,67.4,0
1860339,81.7,36.2,79.4,119.4,0
1860340,105.2,41.9,111.3,123.7,1
1860341,114.7,36.3,98.6,50.8,0
1860342,121.4,43.3,138.2,139.7,1
1860343,94.3,57.2,42.7,112.6,0
1860344,82.3,60.7,102.7,107.8,1
1860345,100.8,59.4,113.2,106.9,1
1860346,56.2,27.8,50.4,103.7,1
1860347,123.8,23.6,80.2,81.4,0
1860348,126.8,50.9,99.0,95.8,1
1860349,133.1,36.1,100.0,66.2,1
1860350,115.2,47.0,78.7,150.5,0
1860351,74.2,61.2,97.7,86.3,1
1860352,91.3,65.4,83.3,81.7,0
1860353,146.6,57.6,121.0,119.1,1
1860354,123.1,17.5,100.7,104.8,1
1860355,121.4,63.6,76.3,105.2,0
1860356,78.5,29.7,95.7,83.5,0
1860357,146.2,33.1,117.2,109.3,1
1860358,101.5,38.2,100.5,118.1,1
1860359,104.6,69.5,90.9,83.6,0
1860360,131.8,59.3,111.7,102.7,0
1860361,94.7,39.0,101.5,102.8,0
1860362,109.8,47.4,82.6,104.1,0
1860363,128.7,34.9,84.2,50.8,1
1860364,110.5,37.1,96.5,97.8,0
1860365,110.3,62.4,102.0,94.7,1
1860366,138.2,30.0,122.0,117.0,0
1860367,124.3,50.7,85.5,116.3,0
1860368,135.1,33.1,141.0,75.9,0
1860369,146.7,30.3,128.8,57.7,1
1860370,125.3,34.1,84.9,109.9,0
1860371,97.6,38.6,103.2,73.4,1
1860372,104.4,23.9,88.3,113.1,1
1860373,94.7,34.6,69.9,123.5,1
1860374,105.6,53.5,78.3,86.0,1
1860375,150.6,63.8,143.7,133.5,0
1860376,95.2,43.7,107.2,70.7,1
1860377,89.8,28.4,120.6,92.3,0
1860378,143.0,53.2,85.7,72.8,0
1860379,131.7,63.9,96.2,128.4,0
1860380,132.9,39.6,103.7,108.0,1
1860381,108.6,40.0,93.6,113.6,0
1860382,103.7,60.3,103.8,91.9,1
1860383,127.3,32.9,59.4,101.5,1
1860384,93.5,47.2,88.7,109.1,1
1860385,113.3,43.6,105.5,117.8,0
1860386,95.4,80.1,64.3,59.3,0
1860387,133.4,75.4,82.6,87.4,0
1860388,126.6,45.1,135.4,100.3,1
1860389,148.9,65.6,110.3,101.0,0
1860390,155.5,60.0,103.1,93.3,1
1860391,104.5,63.8,110.3,110.6,1
1860392,102.8,48.1,83.7,94.7,0
1860393,118.7,41.7,116.8,86.2,0
1860394,152.9,32.9,111.7,154.9,1
1860395,103.9,24.9,107.2,120.4,1
1860396,118.9,46.5,74.2,82.9,1
1860397,165.2,62.3,64.2,106.0,1
1860398,90.8,34.7,120.1,92.4,1
1860399,139.6,77.4,123.6,83.1,1
1860400,124.4,32.0,145.5,110.9,1
1860401,130.1,38.1,91.1,113.1,1
1860402,87.9,72.0,90.2,133.0,0
1860403,126.8,28.2,84.1,135.4,1
1860404,127.5,67.0,76.6,106.9,0
1860405,88.6,35.7,107.8,150.3,0
1860406,122.2,33.8,47.3,134.9,1
1860407,86.5,43.3,87.2,129.1,0
1860408,96.9,37.2,71.0,127.6,1
1860409,101.1,23.6,104.5,69.0,1
1860410,103.8,23.8,91.5,127.9,1
1860411,135.2,36.0,113.5,129.2,0
1860412,82.8,49.7,73.6,128.4,1
1860413,109.0,34.7,134.6,95.8,0
1860414,130.7,42.4,91.0,86.7,0
1860415,112.6,84.4,98.2,117.5,1
1860416,144.9,21.6,69.0,94.5,1
1860417,96.1,32.2,101.2,109.8,0
1860418,95.1,23.9,109.0,119.5,0
1860419,171.2,25.9,70.0,150.7,0
1860420,137.6,59.6,131.3,86.8,0
1860421,44.0,49.2,132.0,117.4,1
1860422,115.7,47.7,77.6,107.7,1
1860423,160.5,70.0,80.7,95.6,0
1860424,92.9,64.5,109.2,117.4,0
1860425,73.7,21.3,49.0,82.6,0
1860426,111.5,41.9,124.7,101.4,1
1860427,123.2,49.2,58.4,110.0,1
1860428,157.6,19.5,77.5,57.9,0
1860429,110.7,59.2,103.4,85.1,1
1860430,88.8,40.7,115.5,80.2,1
1860431,124.6,60.7,99.0,67.7,1
1860432,130.6,43.3,47.0,130.9,0
1860433,82.8,42.4,105.4,121.7,0
1860434,99.6,52.2,108.4,59.4,1
1860435,111.7,36.7,79.9,91.7,1
1860436,77.8,68.5,104.3,101.8,1
1860437,119.0,50.8,120.4,112.6,1
1860438,77.6,32.6,99.0,121.9,1
1860439,69.5,76.8,107.8,98.9,1
1860440,152.9,37.9,91.3,96.9,0
1860441,98.6,23.4,66.2,102.2,1
1860442,129.9,66.0,88.9,121.2,0
1860443,136.8,48.3,108.8,70.3,0
1860444,100.4,,75.3,112.2,1
1860445,146.7,63.8,101.7,91.2,1
1860446,110.3,51.4,114.5,111.0,0
1860447,150.9,36.4,105.6,72.1,0
1860448,179.5,36.3,84.9,113.9,1
1860449,148.4,64.5,88.3,82.6,1
1860450,126.1,60.5,106.5,62.7,1
1860451,77.2,38.0,113.1,87.1,1
1860452,109.5,23.6,79.7,97.0,1
1860453,108.5,46.4,73.7,87.5,0
1860454,109.2,24.2,69.0,151.1,1
1860455,90.3,83.6,116.3,90.8,0
1860456,149.5,53.2,44.3,97.4,0
1860457,111.4,28.3,105.4,88.8,0
1860458,94.8,78.9,105.2,77.8,1
1860459,94.9,42.2,72.7,81.8,1
1860460,95.3,37.2,121.7,123.3,1
1860461,89.0,60.8,157.8,130.0,0
1860462,148.4,24.3,152.0,74.0,0
1860463,102.1,42.0,90.8,99.5,1
1860464,173.2,48.6,112.6,115.2,0
1860465,132.3,40.0,126.3,105.5,0
1860466,74.7,63.8,34.0,116.9,1
1860467,81.7,17.7,94.8,106.7,1
1860468,154.8,63.1,86.7,105.4,1
1860469,114.0,50.9,124.7,98.7,0
1860470,122.5,49.5,151.2,46.0,0
1860471,105.1,70.4,107.7,16.4,1
1860472,68.6,35.5,79.3,59.2,0
1860473,130.3,69.4,105.7,106.2,0
1860474,144.0,56.7,88.5,126.4,0
1860475,92.0,58.2,38.9,60.9,1
1860476,44.7,29.9,81.7,115.5,0
1860477,108.3,36.2,67.5,98.4,0
1860478,98.9,55.5,143.2,155.5,0
1860479,136.0,52.5,76.8,142.6,0
1860480,109.8,20.6,126.1,72.5,0
1860481,87.9,51.5,110.4,83.7,1
1860482,131.3,59.6,160.7,119.6,1
1860483,124.7,46.7,82.8,131.0,1
1860484,81.8,37.4,137.9,61.9,0
1860485,69.3,20.7,75.4,68.5,1
1860486,136.0,60.6,112.7,92.2,1
1860487,75.0,39.0,90.9,98.6,0
1860488,116.4,35.9,97.9,84.9,0
1860489,138.5,55.7,100.3,91.8,1
1860490,110.4,16.0,147.1,96.6,0
1860491,146.4,54.6,92.0,129.1,1
1860492,112.9,50.1,91.2,121.6,0
1860493,110.3,73.6,140.4,96.7,1
1860494,146.9,42.1,87.1,89.1,1
1860495,132.6,40.0,125.2,105.1,1
1860496,155.1,38.3,101.8,69.7,0
1860497,160.9,42.5,123.0,67.3,1
1860498,138.0,52.3,106.8,139.2,1
1860499,88.2,37.9,126.2,108.7,1
1860500,127.7,47.4,107.2,129.7,0
1860501,106.1,42.8,85.7,63.7,0
1860502,124.6,71.8,93.4,115.6,0
1860503,148.2,44.0,67.7,109.4,0
1860504,118.5,76.6,112.6,117.7,1
1860505,114.9,35.6,147.8,74.1,0
1860506,100.7,13.4,92.8,73.2,0
1860507,100.5,30.1,65.8,36.1,1
1860508,127.9,64.1,90.6,125.9,1
1860509,151.7,30.4,102.1,149.4,1
1860510,122.7,39.8,126.6,102.0,0
1860511,113.9,32.0,125.5,110.4,1
1860512,107.6,59.3,110.3,62.8,0
1860513,121.3,58.5,96.7,93.6,1
1860514,127.9,31.7,84.3,125.5,1
1860515,137.0,67.9,70.4,109.2,1
1860516,142.6,54.7,97.9,87.8,1
1860517,112.1,49.8,65.7,129.3,1
1860518,108.2,53.7,120.5,149.2,1
1860519,157.1,12.4,128.7,61.5,1
1860520,131.2,51.0,79.2,152.4,0
1860521,102.6,53.1,92.9,103.3,1
1860522,109.5,64.8,104.4,106.9,0
1860523,105.8,37.4,89.9,112.5,0
1860524,75.6,67.3,120.6,96.1,0
1860525,192.1,27.1,121.5,138.7,0
1860526,140.9,43.0,107.2,101.4,1
1860527,147.9,71.3,147.7,137.5,0
1860528,95.8,29.5,108.7,118.0,0
1860529,144.5,38.3,100.9,151.7,0
1860530,108.2,47.9,76.0,99.8,1
1860531,92.1,37.6,133.0,77.5,1
1860532,123.9,38.5,42.0,123.5,0
1860533,142.1,49.5,90.0,140.5,0
1860534,104.9,56.0,74.5,59.0,1
1860535,98.1,67.5,67.4,85.4,1
1860536,138.9,31.8,129.2,146.6,1
1860537,109.7,15.5,131.7,60.1,0
1860538,113.8,46.4,98.3,111.0,1
1860539,102.9,35.0,107.9,107.1,0
1860540,147.5,54.2,89.0,98.5,0
1860541,167.9,43.1,104.0,109.3,1
1860542,132.7,61.6,142.1,71.6,0
1860543,125.7,37.2,121.9,111.2,1
1860544,133.2,53.4,121.7,109.7,0
1860545,126.7,33.1,69.0,100.4,0
1860546,154.6,20.2,102.2,110.3,1
1860547,159.5,25.1,146.7,90.7,0
1860548,99.3,62.2,127.0,68.9,1
1860549,163.0,48.1,89.6,135.9,0
1860550,95.0,38.5,102.6,126.3,1
1860551,116.8,28.6,111.1,101.3,1
1860552,102.5,41.3,63.0,97.9,0
1860553,55.6,54.2,101.1,92.0,0
1860554,124.9,59.0,99.8,115.1,0
1860555,96.4,37.5,157.0,145.4,1
1860556,116.9,63.8,90.4,111.5,0
1860557,87.5,33.5,72.1,74.0,0
1860558,93.0,40.5,119.9,66.2,0
1860559,159.2,56.5,133.8,134.0,1
1860560,102.3,45.9,102.2,67.2,0
1860561,132.3,8.0,133.5,112.2,0
1860562,132.9,48.4,99.6,79.2,0
1860563,161.1,48.5,60.7,104.1,1
1860564,166.9,59.8,88.6,96.1,0
1860565,113.7,23.6,100.1,98.5,0
1860566,90.4,37.8,149.5,124.2,0
1860567,143.9,55.5,101.6,90.0,0
1860568,129.6,34.0,114.6,108.9,1
1860569,132.6,52.9,111.6,98.3,1
1860570,136.5,62.9,103.5,100.2,1
1860571,125.0,41.5,131.5,110.8,1
1860572,135.0,62.4,133.7,79.3,0
1860573,116.7,24.1,141.4,136.5,0
1860574,96.1,46.5,56.5,135.1,1
1860575,129.4,45.1,93.1,107.1,1
1860576,100.0,36.6,121.8,80.7,1
1860577,93.9,52.5,97.5,59.3,0
1860578,97.8,37.7,60.2,95.9,0
1860579,70.3,47.1,70.0,66.4,1
1860580,119.0,,132.8,95.1,1
1860581,137.1,54.5,114.0,83.6,1
1860582,158.9,29.3,75.4,93.9,0
1860583,121.2,25.0,106.9,101.8,0
1860584,88.5,56.6,78.6,72.6,0
1860585,152.1,43.3,176.0,116.7,0
1860586,158.1,65.2,109.3,65.9,0
1860587,148.6,44.6,122.6,106.4,0
1860588,127.9,50.1,96.3,94.6,0
1860589,113.1,45.3,74.6,97.1,0
1860590,128.1,47.8,115.9,78.1,0
1860591,148.7,24.6,136.0,90.9,0
1860592,64.4,48.2,87.3,77.8,1
1860593,125.1,43.9,91.4,119.2,1
1860594,159.1,82.5,95.0,126.4,1
1860595,97.6,54.6,93.5,131.5,0
1860596,148.1,47.9,89.4,86.3,1
1860597,76.1,30.0,96.3,106.4,1
1860598,126.9,50.3,82.7,92.4,1
1860599,107.2,26.5,46.9,124.5,0
1860600,124.2,47.9,109.5,135.1,1
1860601,130.0,46.9,109.9,110.6,1
1860602,50.1,16.9,96.6,105.1,0
1860603,181.7,66.8,115.1,90.0,1
1860604,71.8,39.5,93.9,115.6,0
1860605,171.2,33.5,85.9,99.7,1
1860606,200.1,36.6,125.8,106.7,0
1860607,67.1,62.5,102.0,115.8,0
1860608,139.1,56.2,116.0,77.1,1
1860609,136.3,65.3,88.5,68.4,1
1860610,113.2,25.1,77.7,91.2,1
1860611,98.4,32.6,109.7,87.2,1
1860612,112.0,66.2,113.6,63.2,0
1860613,143.6,64.9,97.0,70.6,0
1860614,74.3,40.2,109.1,77.9,1
1860615,144.6,33.4,102.8,46.9,0
1860616,130.3,46.1,136.7,83.2,1
1860617,124.7,40.1,83.5,113.1,0
1860618,108.3,,159.1,72.5,1
1860619,102.1,46.2,81.8,79.1,1
1860620,194.5,55.6,105.5,100.7,0
1860621,123.7,52.6,73.7,94.7,1
1860622,146.7,24.5,86.0,104.4,0
1860623,111.4,27.8,125.1,126.5,1
1860624,129.2,49.2,95.2,82.5,0
1860625,144.2,36.1,97.5,83.7,1
1860626,91.6,44.2,114.6,73.8,1
1860627,168.5,57.4,75.0,105.9,1
1860628,83.6,57.8,89.7,70.4,1
1860629,127.2,53.2,78.8,99.9,1
1860630,116.0,69.8,94.6,79.0,0
1860631,131.0,32.8,142.2,79.8,0
1860632,137.2,62.7,158.5,82.5,1
1860633,112.2,39.4,118.2,147.9,1
1860634,101.8,30.1,67.5,107.6,1
1860635,191.2,50.3,106.3,123.7,1
1860636,117.4,34.0,119.1,100.0,0
1860637,127.1,34.4,115.1,39.9,1
1860638,98.7,55.4,107.3,115.9,0
1860639,67.1,5.1,120.0,125.1,1
1860640,135.3,47.2,59.4,115.3,1
1860641,95.7,30.9,94.8,90.1,0
1860642,127.8,45.6,119.3,153.0,0
1860643,63.7,68.5,77.7,138.9,0
1860644,178.8,63.0,108.7,122.9,0
1860645,100.1,45.8,76.1,80.5,1
1860646,135.7,29.4,128.9,67.7,0
1860647,92.6,53.8,72.9,110.4,0
1860648,67.8,8.3,63.1,74.7,1
1860649,100.1,33.8,110.8,91.9,0
1860650,177.2,77.8,104.1,130.3,1
1860651,109.7,43.7,121.9,118.9,0
1860652,138.8,46.8,114.4,71.3,1
1860653,77.5,19.3,109.9,131.3,1
1860654,94.5,47.8,143.0,131.7,1
1860655,171.7,34.8,83.5,114.7,1
1860656,109.2,42.9,101.0,83.4,0
1860657,154.4,31.3,89.9,90.0,1
1860658,135.7,23.0,91.9,116.1,1
1860659,130.9,52.5,129.2,66.7,1
1860660,157.9,55.5,110.7,117.0,0
1860661,129.1,49.0,126.5,79.4,1
1860662,80.9,46.0,112.0,81.2,1
1860663,86.7,52.9,129.7,122.1,1
1860664,129.0,29.4,102.2,95.7,0
1860665,163.0,40.2,123.6,64.7,0
1860666,117.5,68.4,105.9,121.9,0
1860667,91.3,,92.6,125.6,0
1860668,84.5,56.0,65.8,87.3,0
1860669,130.0,77.0,45.4,117.4,1
1860670,98.4,55.4,82.0,84.7,0
1860671,100.7,25.1,99.0,65.1,1
1860672,139.9,54.4,105.0,132.2,1
1860673,109.1,37.7,95.1,77.9,0
1860674,139.0,61.8,109.5,99.3,1
1860675,60.5,60.5,92.8,94.3,1
1860676,152.6,24.6,77.3,80.1,0
1860677,81.8,33.3,103.4,132.5,0
1860678,86.8,10.5,111.8,76.0,1
1860679,158.2,77.5,77.2,79.2,1
1860680,116.4,59.8,130.2,157.7,0
1860681,80.1,68.1,91.3,136.6,0
1860682,96.7,57.1,72.7,110.4,0
1860683,136.0,50.4,88.7,111.9,0
1860684,60.5,49.3,124.5,83.4,1
1860685,116.7,15.4,115.2,67.1,1
1860686,113.2,59.9,101.0,95.9,0
1860687,136.1,28.3,54.3,79.2,0
1860688,84.7,,124.9,72.3,1
1860689,121.6,30.4,101.6,93.7,0
1860690,152.9,26.7,89.4,126.5,1
1860691,138.2,61.7,102.1,105.8,0
1860692,144.5,58.3,65.6,60.4,1
1860693,98.1,47.1,73.2,99.4,0
1860694,128.4,66.9,136.6,36.4,1
1860695,122.1,44.2,100.3,96.8,0
1860696,79.3,62.9,97.9,96.4,1
1860697,127.6,27.1,83.4,126.7,1
1860698,113.6,61.2,62.5,101.5,1
1860699,132.7,48.5,110.2,61.9,1
1860700,167.5,26.6,125.4,88.0,0
1860701,144.0,53.7,127.9,119.2,1
1860702,107.7,51.9,95.4,58.8,0
1860703,98.0,65.3,107.5,110.3,0
1860704,112.3,75.0,85.4,111.1,1
1860705,123.3,49.8,58.7,128.7,1
1860706,129.4,49.1,92.4,130.6,0
1860707,146.2,45.4,133.2,141.2,1
1860708,130.5,47.5,101.4,64.1,0
1860709,72.4,52.0,94.2,142.6,1
1860710,121.7,27.2,105.9,130.4,1
1860711,112.6,36.0,77.6,142.7,0
1860712,130.9,74.3,88.4,56.2,0
1860713,133.1,27.1,122.9,107.1,1
1860714,118.8,61.0,88.7,100.1,1
1860715,150.8,46.9,117.2,107.3,1
1860716,126.2,59.0,80.7,105.5,1
1860717,146.5,46.5,97.7,104.4,1
1860718,113.2,42.2,62.3,88.8,1
1860719,179.0,35.3,68.4,105.7,1
1860720,163.5,45.0,31.1,104.0,1
1860721,120.6,62.0,65.3,51.8,0
1860722,178.4,52.1,65.3,106.9,0
1860723,101.5,45.8,74.6,54.1,0
1860724,135.2,34.5,98.7,77.5,0
1860725,139.5,56.7,84.8,131.8,1
1860726,115.0,49.6,122.6,124.0,1
1860727,145.2,46.4,121.6,88.1,1
1860728,110.4,63.1,112.9,141.9,0
1860729,82.6,28.2,100.0,91.3,1
1860730,117.9,46.6,71.6,105.2,1
1860731,85.5,56.0,96.5,104.9,1
1860732,134.7,50.1,40.1,88.6,0
1860733,120.4,59.8,112.8,131.4,1
1860734,106.2,52.6,78.8,108.8,1
1860735,97.7,59.3,78.6,90.9,1
1860736,115.9,34.4,98.2,101.5,0
1860737,135.6,39.3,109.7,112.5,1
1860738,72.6,81.7,71.5,61.6,1
1860739,214.0,43.4,98.8,100.5,1
1860740,115.0,36.4,79.9,106.0,1
1860741,113.6,68.2,76.6,95.2,0
1860742,113.7,59.1,94.3,146.6,1
1860743,169.8,51.8,104.7,98.8,0
1860744,88.4,36.6,74.7,81.3,0
1860745,103.0,45.8,103.1,98.1,0
1860746,82.2,58.4,106.7,98.6,0
1860747,139.9,33.5,91.7,66.5,1
1860748,161.9,35.6,100.0,126.0,0
1860749,68.7,54.8,134.3,131.2,0
1860750,137.6,28.4,86.1,84.7,0
1860751,102.6,31.6,87.1,96.9,1
1860752,45.2,33.7,111.3,111.2,1
1860753,83.6,60.3,140.3,18.2,1
1860754,86.6,51.4,111.7,131.2,1
1860755,130.6,40.6,125.4,96.8,0
1860756,139.9,51.4,86.1,108.9,0
1860757,190.3,24.7,83.7,74.4,1
1860758,111.9,33.9,75.3,92.2,1
1860759,70.5,56.1,114.5,75.0,0
1860760,147.9,44.4,49.1,106.1,0
1860761,66.4,26.5,118.6,84.2,0
1860762,108.7,65.2,95.9,123.6,0
1860763,124.7,33.1,99.1,118.9,1
1860764,178.2,68.5,86.8,78.1,0
1860765,112.5,36.4,114.1,75.1,0
1860766,160.0,47.2,68.0,89.1,0
1860767,68.2,36.6,52.0,106.4,0
1860768,136.9,56.2,109.4,96.5,1
1860769,117.2,8.7,96.2,67.5,0
1860770,95.0,46.4,134.3,127.3,0
1860771,142.6,14.6,123.9,93.7,1
1860772,114.5,72.9,129.7,125.8,1
1860773,165.0,56.5,69.8,118.9,1
1860774,151.1,42.2,75.9,107.8,0
1860775,130.6,51.2,107.3,141.5,0
1860776,52.2,28.4,130.3,69.4,0
1860777,106.8,19.1,81.9,133.7,1
1860778,97.9,46.2,80.0,89.9,0
1860779,176.9,47.2,79.8,104.3,1
1860780,116.2,46.0,74.8,108.7,1
1860781,96.7,66.1,66.9,106.9,0
1860782,137.0,51.8,63.7,55.2,1
1860783,127.3,22.2,107.4,63.8,1
1860784,119.5,22.3,96.4,62.1,0
1860785,136.0,43.2,134.7,104.2,1
1860786,137.2,45.0,107.3,51.4,1
1860787,103.2,35.9,101.5,55.9,1
1860788,130.5,73.3,143.2,110.1,1
1860789,141.7,34.4,70.8,97.8,1
1860790,121.9,46.6,107.3,98.0,1
1860791,118.7,78.4,123.6,119.5,1
1860792,160.6,58.0,55.7,98.1,0
1860793,121.5,44.4,98.6,102.5,0
1860794,156.7,30.6,99.3,96.9,0
1860795,71.6,58.3,130.2,130.0,0
1860796,119.1,77.7,147.9,108.3,1
1860797,84.8,57.1,68.7,115.7,0
1860798,135.1,35.6,75.2,90.2,0
1860799,98.7,57.1,105.9,129.9,0
1860800,86.1,38.9,109.1,137.7,1
1860801,92.2,44.1,76.3,135.0,1
1860802,136.2,55.7,50.9,158.7,1
1860803,98.9,48.5,83.0,75.5,0
1860804,71.6,57.1,78.1,85.7,1
1860805,96.2,65.9,114.7,112.1,1
1860806,164.2,53.9,117.3,123.2,1
1860807,20.0,60.4,123.3,19.7,1
1860808,63.7,42.9,93.8,100.5,0
1860809,180.6,53.8,85.2,94.4,0
1860810,116.6,24.1,130.4,94.2,0
1860811,82.1,37.4,84.2,111.8,0
1860812,70.3,45.9,136.1,131.9,0
1860813,137.8,59.5,134.0,92.2,1
1860814,124.3,53.7,130.0,89.5,0
1860815,91.2,20.6,150.2,111.1,0
1860816,108.1,37.9,66.8,129.2,0
1860817,106.1,44.2,101.8,76.4,1
1860818,113.5,43.2,103.0,142.5,0
1860819,136.4,42.9,90.3,110.6,1
1860820,105.0,46.0,120.3,175.5,1
1860821,45.1,28.6,131.4,173.6,0
1860822,70.9,42.7,88.9,111.1,0
1860823,160.0,59.9,73.6,90.8,0
1860824,148.9,42.4,106.4,108.4,0
1860825,125.1,48.3,125.1,139.0,0
1860826,143.8,27.3,107.0,43.2,0
1860827,123.5,47.5,115.4,93.5,1
1860828,87.8,49.9,99.6,113.9,0
1860829,81.0,46.0,130.7,129.8,1
1860830,88.5,47.6,85.6,119.7,0
1860831,124.3,58.7,154.5,92.1,0
1860832,172.3,32.4,104.7,69.5,1
1860833,156.8,38.9,97.4,140.1,1
1860834,114.3,13.0,93.4,99.3,0
1860835,149.7,47.2,60.0,109.7,1
1860836,121.8,,76.9,96.2,0
1860837,55.6,61.2,88.5,147.6,1
1860838,142.8,49.9,77.6,45.4,0
1860839,102.1,70.4,117.2,131.1,0
1860840,71.3,46.4,87.2,86.8,0
1860841,144.9,41.0,156.2,72.4,0
1860842,123.8,25.8,64.7,93.0,0
1860843,126.2,56.4,134.2,114.9,1
1860844,111.4,34.5,59.1,94.5,0
1860845,107.5,59.9,105.2,136.7,0
1860846,162.1,42.5,93.5,126.7,0
1860847,63.5,62.2,81.9,114.7,1
1860848,142.9,48.8,136.5,91.9,1
1860849,154.8,61.8,87.8,65.3,1
1860850,67.2,41.0,110.2,103.6,1
1860851,81.8,25.6,58.1,126.3,0
1860852,87.5,49.5,120.3,102.5,1
1860853,135.5,61.8,131.0,138.7,0
1860854,141.4,38.4,75.8,110.5,0
1860855,115.5,79.2,133.9,69.4,0
1860856,118.3,41.7,117.2,99.4,1
1860857,148.5,55.1,109.2,130.4,1
1860858,95.3,54.4,74.2,125.7,0
1860859,131.5,57.0,156.1,117.9,0
1860860,93.0,76.0,136.3,78.2,1
1860861,145.6,37.3,133.4,125.9,1
1860862,114.4,33.2,119.5,41.7,1
1860863,156.2,48.0,142.7,112.0,0
1860864,121.3,52.4,127.8,84.8,0
1860865,125.7,37.7,85.4,75.1,0
1860866,148.6,34.7,63.3,123.9,0
1860867,116.3,31.8,88.8,90.1,1
1860868,97.4,41.7,103.1,49.3,0
1860869,113.0,47.6,82.2,80.3,0
1860870,105.2,67.7,140.3,100.6,1
1860871,126.9,29.2,119.2,93.5,1
1860872,130.6,32.6,73.3,96.6,1
1860873,107.0,33.1,60.9,89.3,0
1860874,72.1,59.4,111.8,126.3,1
1860875,92.7,61.2,130.4,99.9,1
1860876,167.6,57.2,83.4,93.8,1
1860877,192.3,64.2,89.1,90.5,1
1860878,88.6,28.8,125.6,77.0,0
1860879,125.5,52.6,77.4,87.3,1
1860880,132.4,72.7,86.0,99.6,1
1860881,126.4,59.4,31.8,64.3,1
1860882,81.3,5.0,142.9,124.6,1
1860883,116.7,64.7,77.4,95.9,1
1860884,136.4,49.7,82.9,125.7,1
1860885,122.0,43.1,128.6,125.6,1
1860886,117.8,41.6,113.4,142.0,0
1860887,153.4,28.6,98.0,46.9,1
1860888,194.2,54.4,112.2,104.5,1
1860889,59.1,42.3,124.4,91.2,0
1860890,112.5,29.8,78.2,47.9,0
1860891,103.8,46.7,34.8,88.2,1
1860892,130.4,29.8,103.1,88.1,1
1860893,158.1,38.0,70.8,119.3,1
1860894,139.6,45.1,115.6,114.9,0
1860895,88.7,45.0,109.8,124.4,0
1860896,125.3,45.5,33.0,110.7,1
1860897,144.2,27.8,70.8,120.9,1
1860898,141.2,61.2,120.9,121.3,0
1860899,123.1,,52.7,140.4,0
1860900,117.0,17.5,76.5,156.6,1
1860901,85.4,62.3,97.4,50.1,1
1860902,92.7,35.0,107.7,100.9,0
1860903,116.7,25.0,97.3,104.5,0
1860904,93.3,11.3,53.2,124.8,0
1860905,114.9,37.6,83.4,127.5,0
1860906,125.9,69.8,104.4,70.0,1
1860907,139.8,67.8,107.6,141.8,0
1860908,157.2,67.3,85.7,21.8,0
1860909,103.4,15.7,150.1,92.5,1
1860910,105.3,46.0,128.4,92.4,0
1860911,82.5,47.3,144.9,77.6,0
1860912,147.4,28.5,56.2,98.4,1
1860913,103.3,65.8,27.8,96.2,0
1860914,110.2,32.4,117.0,71.9,0
1860915,99.4,39.5,81.4,111.4,0
1860916,158.6,55.4,92.9,82.7,0
1860917,114.0,52.6,103.3,95.2,0
1860918,107.0,59.7,104.2,117.8,0
1860919,112.1,32.0,125.1,72.3,0
1860920,118.5,30.2,125.4,97.6,1
1860921,112.2,40.5,86.8,132.1,1
1860922,137.9,32.0,85.0,91.3,1
1860923,55.5,28.7,130.7,76.9,1
1860924,105.1,62.9,100.2,104.7,1
1860925,106.6,34.5,149.6,102.5,0
1860926,117.9,58.4,112.4,89.4,0
1860927,116.1,27.6,126.4,71.6,1
1860928,94.3,77.7,116.8,99.1,0
1860929,139.0,33.3,69.1,92.3,0
1860930,97.5,43.2,87.0,83.7,0
1860931,82.8,50.5,74.2,149.2,0
1860932,122.1,50.5,55.2,80.6,0
1860933,72.6,50.3,103.5,98.6,1
1860934,156.0,46.7,137.2,94.8,1
1860935,84.0,56.4,119.5,150.2,0
1860936,120.3,45.7,99.7,73.9,1
1860937,103.1,61.2,107.9,136.1,1
1860938,130.0,34.4,98.4,122.8,1
1860939,104.0,48.4,82.9,100.7,0
1860940,52.1,21.0,96.2,89.2,1
1860941,127.5,40.9,106.8,104.4,0
1860942,112.2,18.8,107.5,104.4,0
1860943,128.9,23.9,71.4,123.6,0
1860944,168.0,19.4,68.4,115.0,0
1860945,117.2,36.0,97.5,135.6,1
1860946,111.4,,107.3,76.4,0
1860947,118.8,50.2,121.9,92.1,0
1860948,100.9,48.4,81.6,117.8,1
1860949,83.6,49.0,105.9,107.2,0
1860950,131.0,87.6,152.8,109.2,0
1860951,114.0,22.0,62.6,93.0,0
1860952,57.9,56.4,89.6,115.0,0
1860953,169.5,56.2,74.5,112.9,1
1860954,119.1,61.3,85.7,153.2,0
1860955,132.0,22.4,117.5,167.0,0
1860956,164.3,44.0,96.8,83.4,0
1860957,111.7,32.8,134.1,52.5,0
1860958,127.5,57.7,59.9,133.6,1
1860959,159.9,60.7,124.9,114.0,0
1860960,103.5,43.7,122.2,73.0,1
1860961,133.0,54.0,57.6,62.9,1
1860962,69.4,62.0,106.9,108.2,1
1860963,130.8,48.5,147.7,118.8,0
1860964,128.5,55.5,113.4,99.9,1
1860965,166.4,33.0,59.0,108.2,1
1860966,142.4,42.1,158.3,61.2,0
1860967,33.7,43.9,58.9,80.1,0
1860968,113.4,31.4,168.7,82.9,1
1860969,156.2,69.1,116.3,76.4,0
1860970,128.2,59.8,100.9,133.2,0
1860971,126.1,48.0,96.6,111.8,1
1860972,131.4,38.6,108.2,106.0,1
1860973,124.8,57.8,65.3,77.9,1
1860974,194.2,69.4,118.4,122.1,0
1860975,101.4,48.5,123.2,91.6,0
1860976,143.8,45.9,75.7,123.9,0
1860977,116.8,32.7,71.8,104.8,0
1860978,120.0,53.5,111.1,102.7,0
1860979,85.5,25.9,121.3,38.3,0
1860980,109.7,35.4,100.7,88.1,0
1860981,157.0,40.8,65.2,100.2,0
1860982,114.8,38.0,69.9,103.2,0
1860983,123.5,45.3,110.9,112.7,0
1860984,155.5,29.0,67.5,143.4,1
1860985,129.0,62.1,133.6,120.4,1
1860986,117.8,31.7,105.4,102.8,0
1860987,127.5,28.4,78.7,134.3,0
1860988,175.5,57.1,66.5,109.2,1
1860989,94.2,48.9,105.6,152.7,1
1860990,162.3,41.8,102.0,117.0,1
1860991,136.5,49.3,103.7,120.6,0
1860992,78.8,49.9,93.1,81.4,1
1860993,97.9,56.2,149.3,92.8,0
1860994,150.9,65.9,71.1,77.3,1
1860995,81.5,43.9,117.3,114.9,0
1860996,115.2,43.0,133.9,58.8,1
1860997,128.6,59.6,98.8,51.0,1
1860998,115.2,32.7,83.8,133.7,1
1860999,82.4,69.2,125.5,99.6,1
1861000,99.2,43.1,118.9,69.2,0
