BorrowerID,GroupSize,WeeklyIncome,RepaymentRate_Percent,PriorLoans,Defaulted
1060001,154.1,185.6,43.8,114.0,0
1060002,75.2,113.8,31.6,89.5,1
1060003,111.3,182.1,59.6,67.9,0
1060004,116.6,133.5,35.7,126.6,1
1060005,70.7,172.4,16.9,97.7,0
1060006,84.9,139.0,38.8,101.4,0
1060007,106.4,158.1,59.2,69.0,0
1060008,104.5,116.9,47.7,141.3,0
1060009,139.5,166.8,62.7,57.9,0
1060010,101.6,115.4,45.6,97.0,1
1060011,63.2,166.7,49.2,100.7,0
1060012,98.1,76.2,59.4,85.9,1
1060013,138.9,116.4,53.2,128.6,0
1060014,50.7,185.2,27.6,81.9,0
1060015,107.6,125.1,42.3,71.2,1
1060016,38.8,136.7,96.3,117.4,0
1060017,129.7,89.2,42.4,89.7,1
1060018,110.0,99.0,25.4,79.8,1
1060019,82.7,107.2,56.2,90.1,1
1060020,77.0,161.3,61.8,120.7,0
1060021,49.1,141.8,23.4,79.1,0
1060022,77.0,74.1,61.3,134.2,1
1060023,93.4,98.4,25.4,87.1,1
1060024,88.6,182.3,17.2,131.3,0
1060025,115.0,142.3,26.0,88.0,0
1060026,86.4,116.6,40.9,98.0,1
1060027,98.5,175.1,36.6,92.4,0
1060028,119.5,163.0,25.3,115.2,0
1060029,102.6,134.2,58.1,85.9,0
1060030,91.1,62.6,39.3,96.5,1
1060031,85.9,78.2,52.3,69.8,1
1060032,120.2,55.0,78.0,72.3,1
1060033,66.7,145.9,53.8,83.5,0
1060034,102.6,96.9,68.0,68.0,1
1060035,108.4,139.1,59.0,117.1,1
1060036,43.4,118.2,30.6,129.8,1
1060037,129.8,110.9,31.4,118.9,0
1060038,108.8,281.5,52.5,88.2,0
1060039,102.8,96.3,48.1,87.1,1
1060040,90.3,140.3,33.0,72.5,1
1060041,139.8,55.0,65.1,100.1,0
1060042,104.6,137.9,45.0,76.6,0
1060043,141.3,97.5,30.4,137.0,1
1060044,41.7,141.8,45.7,116.9,1
1060045,109.3,100.7,56.5,111.1,1
1060046,63.1,178.1,42.6,103.2,0
1060047,116.0,70.8,60.7,78.3,0
1060048,74.4,123.4,76.5,76.8,1
1060049,91.6,111.6,37.8,136.1,1
1060050,64.9,122.7,44.6,152.6,0
1060051,44.4,69.4,32.3,120.8,1
1060052,128.3,,49.6,108.5,0
1060053,61.4,151.2,36.6,94.9,0
1060054,109.0,93.3,47.7,71.9,1
1060055,89.6,123.8,66.9,43.6,1
1060056,70.9,126.5,50.5,99.6,1
1060057,104.5,86.7,85.3,92.8,1
1060058,92.5,186.8,39.7,133.6,0
1060059,77.9,46.7,34.0,92.0,1
1060060,86.6,139.9,24.5,79.2,1
1060061,117.2,162.2,12.6,111.4,0
1060062,125.7,96.4,44.6,165.6,1
1060063,84.2,,30.7,98.9,1
1060064,87.5,39.1,31.6,107.5,1
1060065,90.4,197.0,37.8,121.2,0
1060066,84.8,59.3,45.3,92.2,1
1060067,110.4,115.7,44.6,128.3,0
1060068,88.4,152.2,38.7,68.0,0
1060069,89.7,105.8,19.7,126.6,1
1060070,60.6,93.0,89.8,84.1,1
1060071,131.8,70.2,41.3,109.1,1
1060072,105.8,68.1,52.6,122.2,1
1060073,110.1,108.8,46.9,133.4,1
1060074,90.0,112.3,33.4,116.3,1
1060075,133.1,145.1,62.7,116.3,0
1060076,78.0,118.6,22.8,110.6,1
1060077,109.3,130.6,41.3,102.9,0
1060078,106.7,90.5,26.0,108.2,1
1060079,110.1,118.1,33.2,96.1,0
1060080,98.3,143.6,58.2,145.2,0
1060081,58.6,114.8,87.1,158.1,0
1060082,56.5,181.4,60.3,89.6,1
1060083,123.3,172.6,54.9,128.7,0
1060084,125.4,100.6,69.1,119.6,1
1060085,88.8,174.3,59.7,75.8,0
1060086,97.2,81.5,68.7,126.9,1
1060087,76.0,149.8,61.8,68.1,0
1060088,51.7,163.1,60.9,131.9,0
1060089,97.0,70.4,43.9,53.6,1
1060090,98.5,184.9,78.1,121.1,1
1060091,120.3,46.6,40.8,123.9,0
1060092,83.2,78.5,47.4,110.3,1
1060093,125.5,120.0,51.8,87.3,1
1060094,122.8,138.8,27.2,84.5,0
1060095,82.7,148.3,59.5,106.6,0
1060096,128.2,153.8,58.9,161.3,0
1060097,98.4,134.6,53.2,114.1,1
1060098,103.5,145.4,31.0,94.7,1
1060099,95.0,89.9,61.7,101.2,1
1060100,88.4,134.5,52.4,61.0,1
1060101,133.8,89.9,55.5,87.9,1
1060102,125.1,88.6,34.7,95.4,1
1060103,70.0,124.0,73.9,95.4,0
1060104,124.1,144.1,61.6,68.4,0
1060105,73.2,134.1,60.9,75.7,0
1060106,111.5,114.9,35.6,131.8,0
1060107,90.5,112.0,44.8,88.2,1
1060108,125.0,143.4,27.5,126.3,0
1060109,77.2,46.2,51.8,115.3,1
1060110,55.9,136.8,52.3,127.4,1
1060111,109.0,145.7,39.2,86.9,0
1060112,106.5,87.5,64.6,125.8,1
1060113,80.0,105.5,34.4,69.6,0
1060114,128.1,117.7,36.8,54.5,1
1060115,119.4,206.1,49.1,77.1,0
1060116,78.9,173.1,49.0,73.6,0
1060117,85.2,190.9,36.2,119.0,0
1060118,95.9,113.1,41.8,61.5,1
1060119,130.9,81.4,63.3,109.9,1
1060120,137.2,131.2,70.2,98.6,0
1060121,108.8,81.7,39.3,128.1,1
1060122,100.4,116.5,48.8,112.1,0
1060123,73.9,88.8,47.3,122.1,1
1060124,127.7,131.2,59.6,68.2,1
1060125,68.5,206.6,62.7,117.9,1
1060126,150.0,82.1,55.3,63.7,1
1060127,93.5,159.1,39.2,85.4,0
1060128,99.3,97.8,54.3,127.2,1
1060129,96.8,105.7,66.0,57.1,0
1060130,155.2,82.3,51.4,72.3,1
1060131,87.7,72.4,42.1,123.4,1
1060132,111.8,79.6,48.0,128.0,0
1060133,103.3,51.8,63.5,80.0,1
1060134,88.4,105.5,33.7,93.2,1
1060135,121.0,123.4,36.1,95.2,0
1060136,80.3,103.9,40.5,128.9,0
1060137,103.2,104.4,59.4,83.9,1
1060138,91.3,116.9,39.8,94.8,1
1060139,135.2,44.0,47.0,80.1,1
1060140,125.3,183.3,33.9,124.2,0
1060141,133.4,193.0,43.0,139.7,0
1060142,83.8,127.4,45.0,51.4,1
1060143,124.8,174.0,47.5,112.2,1
1060144,139.2,127.0,38.5,89.1,0
1060145,117.8,129.1,32.5,143.8,1
1060146,155.0,148.1,37.4,91.6,1
1060147,162.8,150.7,44.4,114.4,0
1060148,74.3,139.6,29.7,116.5,1
1060149,104.9,172.3,52.2,94.8,0
1060150,96.0,128.0,50.7,126.0,0
1060151,85.5,161.7,70.6,142.9,1
1060152,94.0,124.5,32.4,75.4,0
1060153,106.5,105.6,54.3,115.7,1
1060154,78.7,97.3,45.6,85.6,0
1060155,110.2,36.6,28.1,116.2,0
1060156,89.9,28.7,35.5,68.7,0
1060157,67.0,,49.8,86.2,1
1060158,125.9,140.2,46.1,77.6,0
1060159,130.4,182.7,83.2,99.4,0
1060160,113.1,149.8,60.3,126.9,1
1060161,83.7,184.2,48.9,96.1,0
1060162,129.3,85.6,45.5,88.2,0
1060163,95.1,98.5,19.5,114.4,1
1060164,110.2,114.5,32.1,100.5,1
1060165,87.1,103.1,53.2,81.4,1
1060166,152.7,77.7,70.8,141.9,1
1060167,120.8,183.2,77.2,133.6,0
1060168,127.7,142.6,51.5,110.9,1
1060169,109.6,139.9,50.3,102.1,0
1060170,104.7,152.3,43.9,140.9,1
1060171,142.4,131.0,68.2,83.2,0
1060172,66.6,116.8,55.1,112.0,0
1060173,100.2,164.7,45.1,108.7,0
1060174,73.7,99.6,67.8,73.1,0
1060175,77.9,112.7,52.5,121.8,0
1060176,107.5,136.5,85.6,104.5,0
1060177,103.2,128.7,31.0,82.1,1
1060178,102.5,24.0,52.8,153.0,1
1060179,86.9,205.8,77.9,124.2,0
1060180,124.5,196.9,67.2,88.2,1
1060181,140.1,85.4,73.9,72.6,1
1060182,147.5,129.7,55.8,71.6,0
1060183,108.6,105.6,53.9,102.8,1
1060184,83.1,176.4,73.9,141.2,0
1060185,57.5,101.1,34.5,70.4,1
1060186,52.6,170.5,39.3,128.1,0
1060187,86.8,240.9,53.3,73.9,0
1060188,69.1,97.8,40.5,110.5,1
1060189,153.0,145.1,49.6,100.9,0
1060190,95.0,137.2,31.4,86.2,1
1060191,47.7,160.5,31.6,90.8,0
1060192,59.9,187.5,38.0,155.1,0
1060193,90.9,71.3,22.3,75.9,0
1060194,52.4,,78.3,122.1,1
1060195,111.3,119.0,31.0,86.3,0
1060196,104.8,137.6,62.2,74.5,0
1060197,67.1,77.9,46.6,68.3,1
1060198,81.5,92.6,56.2,63.6,0
1060199,75.4,170.6,22.9,113.9,0
1060200,131.8,170.7,23.3,128.6,1
1060201,129.7,187.4,50.5,105.5,0
1060202,111.6,82.1,45.9,131.1,1
1060203,135.2,141.8,34.3,111.8,1
1060204,58.9,66.7,49.7,66.9,0
1060205,112.2,73.0,20.4,117.9,0
1060206,82.6,145.8,48.8,106.3,0
1060207,106.2,112.2,41.7,107.7,1
1060208,157.4,43.8,59.5,58.2,0
1060209,88.1,98.2,56.9,114.5,0
1060210,134.0,119.8,25.7,82.8,0
1060211,91.4,144.9,50.8,108.1,0
1060212,98.4,121.3,48.9,129.6,0
1060213,77.0,181.1,67.6,75.2,0
1060214,133.6,10.0,50.7,77.1,1
1060215,68.1,74.7,42.5,100.8,1
1060216,88.3,158.6,64.6,75.1,1
1060217,87.2,160.6,59.1,77.4,1
1060218,84.8,157.9,50.5,89.2,0
1060219,97.8,53.7,57.0,113.5,1
1060220,85.8,64.7,21.2,83.5,1
1060221,60.6,142.0,5.3,160.4,0
1060222,90.8,10.0,76.3,74.6,1
1060223,92.5,155.0,41.2,73.7,1
1060224,75.5,122.0,37.9,43.3,0
1060225,107.8,133.3,67.4,111.2,0
1060226,75.0,57.8,32.8,141.2,1
1060227,81.3,109.6,6.8,79.5,1
1060228,108.0,152.3,22.4,88.6,0
1060229,86.2,109.3,46.0,125.5,1
1060230,93.7,218.3,53.4,104.5,0
1060231,74.3,59.6,76.7,108.7,0
1060232,140.3,114.4,54.8,98.4,1
1060233,63.2,178.7,55.6,89.9,0
1060234,121.2,86.8,33.6,92.8,1
1060235,92.2,127.5,41.8,120.6,1
1060236,93.0,74.8,44.8,129.2,1
1060237,158.5,97.7,64.9,137.1,0
1060238,83.8,101.0,59.9,75.6,1
1060239,107.8,165.7,80.5,109.5,0
1060240,107.3,10.0,73.4,102.4,1
1060241,104.8,149.4,42.2,104.2,0
1060242,76.1,,12.2,99.5,0
1060243,153.8,109.3,49.6,85.9,1
1060244,94.3,221.8,50.0,105.6,0
1060245,104.5,105.0,32.2,78.7,1
1060246,101.5,94.0,62.8,106.0,1
1060247,76.2,146.5,74.6,67.0,0
1060248,74.6,66.8,53.2,89.2,1
1060249,127.3,90.6,66.5,122.6,1
1060250,99.3,131.2,48.2,123.0,0
1060251,82.9,121.1,35.8,114.2,1
1060252,101.2,147.4,27.2,73.5,0
1060253,108.3,173.9,49.7,127.0,1
1060254,130.0,124.8,31.2,128.8,0
1060255,129.5,68.0,86.5,60.8,1
1060256,57.4,105.3,38.2,121.0,1
1060257,107.0,87.8,48.9,136.6,1
1060258,110.7,140.2,69.7,106.3,0
1060259,92.6,185.9,28.3,118.3,0
1060260,103.4,155.1,39.9,122.4,1
1060261,118.2,103.0,58.8,101.5,1
1060262,75.6,37.5,54.3,113.0,1
1060263,127.2,206.4,53.8,84.7,0
1060264,86.7,95.1,53.3,127.6,1
1060265,133.0,155.6,61.9,36.1,1
1060266,87.7,57.3,57.4,117.6,1
1060267,113.3,124.1,31.4,63.5,0
1060268,145.3,141.7,44.9,87.8,0
1060269,99.6,197.3,29.4,113.2,0
1060270,144.2,89.3,54.3,78.4,1
1060271,86.5,131.0,47.8,136.2,0
1060272,110.9,167.0,61.7,109.1,0
1060273,85.1,161.7,47.1,126.1,0
1060274,87.3,90.5,61.0,127.8,1
1060275,105.4,39.1,43.8,69.1,1
1060276,125.3,156.6,48.6,82.8,0
1060277,91.0,115.3,42.2,109.4,0
1060278,69.5,,47.0,110.8,1
1060279,109.3,64.7,42.3,84.6,1
1060280,78.8,117.2,83.7,96.7,0
1060281,97.2,121.4,48.3,91.8,0
1060282,51.4,146.6,43.1,54.8,0
1060283,128.3,107.8,29.9,111.1,1
1060284,65.3,151.2,44.4,53.1,0
1060285,106.9,116.5,37.4,75.4,1
1060286,138.9,103.6,52.4,110.3,0
1060287,106.5,106.2,32.3,85.2,0
1060288,81.3,133.3,18.1,108.6,0
1060289,102.0,96.4,49.8,88.5,0
1060290,78.3,139.4,11.9,129.5,1
1060291,94.3,154.2,73.1,94.3,0
1060292,93.0,146.2,52.6,114.8,1
1060293,71.0,47.6,53.8,92.4,1
1060294,88.0,126.5,50.7,84.2,0
1060295,112.7,179.5,67.5,134.6,1
1060296,72.9,77.2,52.3,92.6,1
1060297,119.2,146.9,45.4,109.6,0
1060298,153.7,132.9,55.7,87.7,0
1060299,100.6,150.6,41.8,135.4,1
1060300,144.9,118.8,63.5,108.5,0
1060301,91.2,,40.6,107.3,1
1060302,81.2,59.6,50.9,90.4,1
1060303,127.5,,30.8,105.5,0
1060304,91.1,86.1,21.0,83.3,1
1060305,95.5,60.4,38.2,115.8,1
1060306,90.1,190.2,46.9,96.6,1
1060307,122.9,101.5,26.2,145.2,0
1060308,92.8,113.0,61.8,132.7,1
1060309,105.3,103.4,43.0,131.5,1
1060310,68.7,128.2,87.4,122.4,1
1060311,121.7,132.4,52.1,130.5,0
1060312,101.3,128.4,51.1,97.3,1
1060313,100.3,165.1,51.6,86.6,0
1060314,32.1,,47.8,92.6,1
1060315,88.5,121.8,36.7,106.7,1
1060316,103.0,57.9,51.6,119.2,0
1060317,115.9,131.4,26.4,111.9,1
1060318,31.1,58.0,37.2,96.4,1
1060319,99.9,80.3,91.5,85.4,1
1060320,90.4,157.2,38.6,118.2,0
1060321,105.5,40.4,52.5,113.3,0
1060322,66.6,161.4,51.9,84.1,1
1060323,102.9,122.9,53.3,118.0,0
1060324,143.3,134.1,52.1,133.4,1
1060325,51.5,149.6,17.5,114.5,0
1060326,145.9,97.6,31.5,50.0,0
1060327,106.1,116.2,47.5,176.2,1
1060328,109.3,25.2,50.5,118.3,1
1060329,116.8,48.9,39.9,75.3,1
1060330,113.9,165.9,32.8,101.2,0
1060331,106.2,95.8,54.8,99.2,1
1060332,113.9,119.7,63.6,90.9,1
1060333,137.6,101.5,45.6,74.6,1
1060334,29.1,209.9,46.7,75.4,0
1060335,136.6,42.2,36.5,127.1,1
1060336,80.2,151.9,31.3,64.0,0
1060337,81.7,151.9,18.8,97.4,1
1060338,99.4,103.5,41.8,98.6,1
1060339,109.8,153.3,30.8,125.9,0
1060340,94.0,115.8,30.7,38.4,1
1060341,52.1,71.6,53.3,99.0,1
1060342,93.2,165.8,69.8,127.5,0
1060343,126.9,165.3,41.1,93.0,0
1060344,125.0,,70.6,133.7,1
1060345,38.1,117.4,30.4,105.5,1
1060346,155.6,138.2,48.0,81.8,0
1060347,109.2,201.9,25.8,90.1,0
1060348,108.9,94.6,71.4,107.4,0
1060349,117.0,51.3,19.4,109.9,0
1060350,87.8,188.4,39.9,73.2,0
1060351,115.4,149.0,38.7,83.2,0
1060352,109.9,103.6,27.8,96.5,1
1060353,101.5,85.8,73.0,118.0,0
1060354,87.0,141.3,38.5,74.6,1
1060355,108.1,129.9,12.9,122.1,1
1060356,75.3,162.3,71.3,95.9,0
1060357,107.2,114.8,24.3,61.4,0
1060358,65.2,140.8,56.0,67.0,1
1060359,102.0,214.3,38.9,123.6,1
1060360,107.7,100.8,58.2,116.7,1
1060361,95.7,224.8,71.9,119.3,0
1060362,121.5,147.6,55.4,73.1,0
1060363,86.3,142.7,22.3,94.2,1
1060364,134.5,119.6,49.1,115.5,0
1060365,104.8,207.5,68.4,103.9,1
1060366,101.5,80.0,44.9,111.5,0
1060367,102.2,110.7,65.6,76.6,1
1060368,50.5,163.4,14.7,133.5,1
1060369,43.4,118.5,30.2,79.0,1
1060370,69.5,152.4,41.7,105.4,1
1060371,55.9,98.3,35.9,56.3,1
1060372,100.2,135.5,30.4,89.7,1
1060373,141.4,130.1,44.8,40.9,1
1060374,95.0,45.2,58.4,91.6,1
1060375,58.9,142.5,50.4,87.8,1
1060376,51.3,188.6,43.2,92.8,0
1060377,83.4,66.9,57.1,149.8,1
1060378,99.0,147.0,41.7,100.4,0
1060379,126.6,115.7,57.9,96.2,0
1060380,91.8,103.9,58.0,42.4,1
1060381,79.4,113.5,20.9,116.5,0
1060382,82.9,185.0,36.5,108.9,0
1060383,96.8,192.9,16.8,102.8,0
1060384,102.8,54.2,35.8,100.1,1
1060385,109.4,105.6,54.2,154.0,0
1060386,165.1,96.6,48.7,75.2,1
1060387,117.2,107.2,26.6,128.9,0
1060388,151.9,131.3,29.2,76.3,1
1060389,141.4,145.0,58.6,110.4,0
1060390,116.4,160.6,61.4,85.8,0
1060391,71.8,117.1,59.3,101.5,0
1060392,119.7,80.8,49.1,126.0,1
1060393,108.5,,46.4,128.5,0
1060394,124.9,52.8,67.6,143.7,1
1060395,109.1,161.7,27.6,80.3,0
1060396,129.8,28.4,69.2,82.9,1
1060397,133.6,165.8,33.9,60.0,1
1060398,117.2,174.7,69.6,73.2,0
1060399,128.2,90.7,52.7,83.1,1
1060400,104.8,63.8,54.2,101.3,1
1060401,93.7,93.2,64.5,77.9,1
1060402,90.6,158.6,31.3,132.9,0
1060403,107.4,150.3,69.4,58.6,1
1060404,78.9,82.8,37.3,112.9,0
1060405,92.1,107.7,47.4,74.5,1
1060406,107.1,98.8,70.1,125.8,0
1060407,116.5,73.8,41.1,105.2,1
1060408,115.1,135.8,50.7,72.9,0
1060409,85.8,131.1,51.3,96.0,0
1060410,63.5,85.4,60.0,83.3,1
1060411,64.5,114.9,43.3,58.4,1
1060412,86.9,72.9,33.4,86.3,1
1060413,98.1,115.1,42.5,111.4,0
1060414,99.8,78.6,39.2,79.1,1
1060415,129.8,116.7,49.8,59.3,0
1060416,113.3,135.0,51.3,104.0,0
1060417,109.8,83.0,45.7,98.9,1
1060418,78.0,96.3,13.2,123.9,1
1060419,103.8,85.3,56.1,67.4,0
1060420,81.7,161.3,60.9,105.5,0
1060421,111.6,114.8,51.1,114.4,1
1060422,89.9,131.8,45.0,81.8,1
1060423,92.1,161.6,45.4,135.3,1
1060424,118.8,91.6,60.4,111.6,0
1060425,119.8,173.6,45.1,96.3,0
1060426,178.9,50.1,15.4,123.3,0
1060427,97.6,39.7,48.5,67.0,0
1060428,54.9,85.1,56.7,91.9,1
1060429,108.2,139.6,60.7,122.8,0
1060430,121.3,115.4,17.9,108.3,0
1060431,120.6,138.2,51.4,100.3,1
1060432,83.3,101.2,38.4,100.0,1
1060433,74.7,127.2,65.6,147.6,0
1060434,67.4,168.7,54.4,129.5,0
1060435,85.2,132.2,13.1,74.8,0
1060436,62.9,182.9,37.3,87.9,0
1060437,84.1,73.9,56.7,63.2,1
1060438,88.4,112.0,27.1,118.2,0
1060439,115.9,53.8,54.6,118.3,1
1060440,110.4,154.4,48.2,101.3,1
1060441,81.9,92.1,43.2,64.6,1
1060442,98.5,79.5,13.9,125.2,1
1060443,70.4,106.8,70.9,121.8,1
1060444,102.4,72.4,44.6,74.0,1
1060445,95.8,112.5,75.8,101.7,1
1060446,120.9,178.0,55.8,90.0,1
1060447,92.1,153.5,43.6,89.8,0
1060448,136.8,128.3,6.5,74.8,0
1060449,56.6,120.4,43.4,90.4,1
1060450,51.0,130.3,71.7,88.8,1
1060451,89.7,130.1,57.3,138.8,0
1060452,110.9,87.3,37.9,89.6,0
1060453,81.3,85.6,50.7,126.1,1
1060454,86.6,104.3,68.1,119.0,1
1060455,138.4,105.5,9.5,91.4,1
1060456,87.2,106.3,43.2,134.7,1
1060457,89.0,173.2,38.6,77.5,1
1060458,82.6,130.1,49.8,65.2,0
1060459,105.8,93.8,29.3,91.7,1
1060460,144.4,142.9,38.4,110.6,0
1060461,123.9,79.5,65.8,57.6,1
1060462,107.3,94.4,44.5,94.5,1
1060463,107.4,123.3,65.3,105.1,1
1060464,107.2,106.0,56.3,72.6,1
1060465,79.4,60.2,47.0,117.9,1
1060466,72.7,146.0,80.5,102.4,0
1060467,83.5,87.8,36.3,137.3,0
1060468,123.7,128.6,47.4,112.5,0
1060469,108.4,128.7,59.9,130.3,0
1060470,99.1,125.3,23.3,76.9,0
1060471,100.7,113.7,68.9,108.7,0
1060472,112.6,149.9,67.4,97.6,1
1060473,110.4,106.4,33.4,102.7,0
1060474,98.0,117.4,46.1,79.9,1
1060475,83.5,154.8,53.9,109.9,0
1060476,124.4,156.6,68.2,95.6,0
1060477,119.1,122.7,42.1,65.8,0
1060478,109.0,92.2,53.8,106.1,0
1060479,54.2,197.1,36.0,118.2,0
1060480,119.4,188.5,27.1,109.6,0
1060481,116.6,172.7,12.1,91.6,0
1060482,94.8,92.7,39.1,90.7,1
1060483,51.6,168.8,64.5,50.8,0
1060484,109.7,49.6,45.5,108.7,0
1060485,104.9,65.9,56.2,94.0,1
1060486,101.3,65.5,50.3,135.4,1
1060487,80.6,92.6,39.4,127.2,1
1060488,100.0,125.0,37.4,131.9,0
1060489,72.1,128.9,70.3,81.8,0
1060490,156.8,107.6,44.7,41.6,1
1060491,106.9,181.5,23.7,108.5,0
1060492,107.1,117.6,38.1,76.1,0
1060493,84.8,118.0,68.4,88.2,0
1060494,102.3,183.3,50.6,120.2,0
1060495,134.6,87.1,49.5,96.9,1
1060496,134.6,153.1,34.9,117.7,0
1060497,106.1,44.8,63.3,99.3,1
1060498,94.1,178.6,44.3,65.4,0
1060499,72.2,114.4,28.3,113.8,0
1060500,112.9,142.7,36.4,134.4,1
1060501,114.1,161.0,41.1,128.2,0
1060502,87.7,190.4,47.5,117.2,1
1060503,94.1,96.9,53.5,70.4,1
1060504,103.5,92.5,14.9,122.2,1
1060505,95.3,147.0,10.2,109.8,0
1060506,151.0,157.6,38.9,121.6,0
1060507,166.9,185.9,64.0,106.8,1
1060508,82.7,60.3,51.5,121.0,1
1060509,153.6,110.6,54.7,89.8,1
1060510,108.5,175.3,47.1,51.8,1
1060511,153.1,106.0,26.9,90.3,1
1060512,126.9,121.5,67.3,113.5,1
1060513,100.9,16.7,10.2,123.1,1
1060514,155.8,119.7,48.7,91.1,0
1060515,116.2,102.9,44.3,75.4,1
1060516,94.0,161.3,48.5,94.7,0
1060517,73.0,143.5,55.5,70.8,1
1060518,135.4,136.9,32.1,71.6,0
1060519,76.0,149.1,23.1,126.9,0
1060520,80.8,115.4,58.6,58.8,1
1060521,126.5,120.8,44.1,106.6,1
1060522,104.4,63.8,39.5,96.0,1
1060523,109.2,101.9,26.8,100.1,1
1060524,122.1,102.6,42.6,129.5,1
1060525,121.5,149.5,41.2,144.1,1
1060526,119.6,85.6,39.7,104.4,1
1060527,92.6,210.3,39.2,88.9,0
1060528,94.4,175.9,76.9,134.2,0
1060529,85.6,124.3,37.8,136.0,0
1060530,89.4,97.1,40.8,101.6,1
1060531,105.6,182.4,53.2,87.0,0
1060532,94.6,163.1,42.3,127.0,0
1060533,62.0,158.1,43.1,100.7,0
1060534,123.1,80.9,27.9,87.1,1
1060535,95.9,100.9,23.2,136.4,1
1060536,66.0,121.0,56.2,66.9,1
1060537,86.1,102.5,46.9,114.4,0
1060538,120.3,11.1,3.7,143.7,1
1060539,84.2,161.3,45.6,61.6,0
1060540,133.1,123.5,36.7,73.7,0
1060541,81.0,129.3,62.0,89.0,1
1060542,124.3,99.5,76.2,95.2,1
1060543,74.0,128.4,45.0,108.7,1
1060544,98.0,146.3,62.3,83.3,1
1060545,79.2,179.5,31.6,98.7,0
1060546,86.5,124.4,33.2,58.7,0
1060547,111.7,105.1,58.8,113.0,1
1060548,118.4,87.2,33.9,123.9,1
1060549,99.9,128.6,56.6,117.2,0
1060550,105.5,77.6,26.6,107.4,0
1060551,105.5,136.3,10.3,107.8,1
1060552,104.7,45.0,53.9,134.8,1
1060553,113.8,88.3,38.8,125.4,1
1060554,139.3,133.7,9.9,147.5,0
1060555,104.7,98.7,59.5,112.9,0
1060556,97.3,118.3,42.6,97.0,0
1060557,97.1,94.7,23.1,123.9,1
1060558,88.4,207.8,48.5,150.1,0
1060559,36.7,145.6,49.2,133.9,0
1060560,78.4,85.9,46.3,95.1,1
1060561,113.4,141.3,43.8,91.2,1
1060562,66.6,160.1,74.2,31.3,0
1060563,91.6,92.6,73.4,118.0,1
1060564,84.1,96.2,11.0,113.1,0
1060565,128.6,96.2,32.5,95.4,0
1060566,75.5,94.4,52.5,69.4,0
1060567,105.1,58.6,33.3,125.4,1
1060568,125.6,199.3,34.3,64.1,1
1060569,87.7,61.9,56.6,73.6,1
1060570,47.1,138.8,25.1,128.4,1
1060571,85.4,63.8,33.1,122.6,1
1060572,90.8,115.7,29.7,102.1,1
1060573,84.6,133.1,58.9,143.1,0
1060574,123.9,70.6,67.1,80.0,1
1060575,101.1,63.2,76.9,92.5,1
1060576,139.0,112.8,25.5,85.2,1
1060577,117.0,96.7,65.0,75.3,0
1060578,77.7,132.8,30.0,82.7,1
1060579,100.3,82.5,50.1,76.8,1
1060580,111.7,174.2,72.5,141.8,0
1060581,94.5,74.9,16.5,126.4,1
1060582,74.7,99.9,51.5,140.0,1
1060583,88.7,169.5,29.5,94.3,0
1060584,150.1,130.8,43.7,101.6,0
1060585,129.7,82.3,58.0,102.4,0
1060586,109.0,177.3,28.6,109.4,1
1060587,103.8,96.6,31.9,89.4,1
1060588,94.4,57.0,57.6,95.0,1
1060589,111.8,138.8,46.4,81.4,1
1060590,79.5,77.8,39.3,55.7,1
1060591,109.4,193.2,57.9,122.3,0
1060592,85.6,47.3,64.7,118.3,1
1060593,113.6,176.3,57.9,114.5,0
1060594,87.0,121.3,31.5,153.5,0
1060595,97.3,104.2,54.7,88.7,0
1060596,97.3,107.1,45.5,96.7,0
1060597,97.2,57.7,45.2,89.6,1
1060598,102.0,33.2,58.6,100.9,1
1060599,82.2,156.0,55.9,84.9,1
1060600,110.0,89.4,58.1,111.8,1
1060601,88.9,98.3,46.3,106.1,1
1060602,120.4,128.1,77.3,92.7,0
1060603,93.8,129.6,62.2,166.6,0
1060604,115.8,195.6,50.1,89.7,0
1060605,92.6,129.5,25.6,113.8,1
1060606,121.1,178.6,66.6,125.2,1
1060607,100.5,150.5,40.0,94.7,1
1060608,75.1,186.1,44.0,104.9,0
1060609,86.3,135.4,25.7,86.0,0
1060610,91.0,123.3,70.3,99.6,1
1060611,132.0,158.3,46.1,120.1,1
1060612,122.4,63.1,73.1,85.7,1
1060613,57.6,215.8,40.0,59.4,0
1060614,118.0,108.8,62.9,110.1,1
1060615,142.9,179.5,48.8,69.8,0
1060616,112.0,101.1,47.8,72.3,0
1060617,90.1,110.7,62.0,103.2,0
1060618,111.8,104.6,33.6,84.7,0
1060619,93.9,93.7,47.3,96.6,0
1060620,100.0,114.3,64.0,84.3,0
1060621,111.5,141.3,67.8,113.0,1
1060622,76.2,136.0,33.4,88.6,0
1060623,80.9,110.1,49.4,91.2,1
1060624,109.3,145.8,31.8,102.4,1
1060625,90.1,140.6,68.7,128.9,1
1060626,98.4,139.8,45.6,99.5,1
1060627,121.2,150.0,58.9,76.3,0
1060628,108.0,166.4,46.3,81.6,0
1060629,78.6,186.8,40.8,123.7,0
1060630,103.8,97.6,54.0,90.4,0
1060631,95.3,143.5,38.9,91.6,0
1060632,92.8,86.7,49.0,54.7,0
1060633,126.0,151.8,50.6,108.0,0
1060634,93.7,77.0,30.8,60.5,1
1060635,94.3,,70.9,101.7,0
1060636,97.9,143.9,35.2,42.6,0
1060637,124.2,158.4,34.0,81.2,0
1060638,92.6,106.7,17.7,110.8,1
1060639,60.6,94.8,66.0,122.1,1
1060640,141.4,175.0,39.2,132.2,0
1060641,155.5,66.3,67.0,135.0,1
1060642,52.6,110.1,39.2,70.3,0
1060643,131.3,123.8,67.9,104.9,0
1060644,149.3,93.7,42.8,125.5,1
1060645,49.8,103.3,37.2,125.0,0
1060646,127.6,161.1,52.1,95.7,0
1060647,112.1,120.2,40.2,59.8,0
1060648,69.8,160.1,53.7,130.3,1
1060649,83.6,56.6,31.8,95.6,1
1060650,94.0,145.9,46.4,133.8,0
1060651,85.0,136.6,61.7,123.8,1
1060652,99.2,125.3,53.7,137.5,0
1060653,110.8,208.3,64.0,104.0,0
1060654,119.1,108.9,47.9,143.8,1
1060655,73.9,99.2,44.4,91.9,0
1060656,119.1,110.8,31.1,85.8,0
1060657,178.1,164.6,26.9,77.3,0
1060658,91.1,149.6,40.0,24.1,0
1060659,98.6,133.4,62.5,90.2,0
1060660,122.7,115.6,33.5,89.1,1
1060661,89.7,132.4,33.7,73.4,0
1060662,135.3,168.2,55.9,86.3,0
1060663,126.0,183.9,46.0,135.8,0
1060664,145.9,50.4,46.5,93.3,1
1060665,105.6,136.0,44.0,71.0,0
1060666,78.9,97.9,56.3,104.4,1
1060667,96.8,75.0,15.3,51.7,1
1060668,109.1,123.8,47.8,100.3,0
1060669,128.0,149.5,45.8,89.2,1
1060670,89.0,181.1,54.5,80.7,0
1060671,126.8,128.2,47.2,106.0,1
1060672,68.3,124.4,50.0,136.0,1
1060673,83.2,62.1,37.0,59.3,1
1060674,101.8,127.8,46.9,75.8,1
1060675,85.1,122.5,63.7,74.4,1
1060676,95.1,243.5,38.9,80.8,1
1060677,90.4,97.1,69.8,103.3,1
1060678,81.9,120.5,48.7,102.6,1
1060679,54.6,99.8,29.2,105.5,0
1060680,74.4,170.5,82.4,102.5,0
1060681,117.9,136.3,23.9,89.8,0
1060682,60.6,107.7,48.2,91.5,1
1060683,132.8,142.6,30.5,82.9,0
1060684,109.7,107.6,45.4,84.4,0
1060685,68.3,181.1,48.1,107.8,0
1060686,84.6,100.0,42.5,82.6,0
1060687,93.3,62.1,68.0,128.0,1
1060688,96.9,127.4,55.0,126.9,0
1060689,105.0,69.6,65.0,93.9,1
1060690,89.1,41.5,43.3,110.6,1
1060691,90.4,36.2,62.7,69.7,0
1060692,93.2,46.8,60.8,130.6,1
1060693,112.1,110.3,26.9,124.6,1
1060694,93.5,99.2,58.4,115.7,0
1060695,53.2,159.0,50.5,75.6,0
1060696,90.2,181.1,49.7,128.5,0
1060697,87.3,170.9,53.5,58.6,0
1060698,135.7,43.7,83.1,74.8,0
1060699,57.4,73.4,73.4,128.8,0
1060700,123.7,67.0,46.1,138.4,1
1060701,76.0,125.8,40.5,108.1,0
1060702,94.5,154.9,48.7,55.1,0
1060703,75.8,87.9,42.3,123.8,1
1060704,97.9,83.1,28.9,127.5,1
1060705,117.7,135.7,33.3,72.4,1
1060706,87.8,130.6,40.7,88.6,0
1060707,85.1,148.3,26.8,91.9,1
1060708,107.1,104.8,56.1,91.7,1
1060709,135.2,53.6,29.8,78.1,1
1060710,97.4,131.5,65.0,75.8,1
1060711,43.2,77.5,38.6,105.4,1
1060712,91.0,103.3,49.4,150.3,1
1060713,80.4,120.2,42.7,82.5,0
1060714,62.2,127.4,34.8,138.8,1
1060715,102.6,58.6,54.2,118.5,1
1060716,121.3,142.6,47.4,105.2,0
1060717,122.2,119.9,72.8,105.3,0
1060718,101.5,88.7,59.6,61.0,1
1060719,104.7,130.2,34.9,59.5,0
1060720,124.8,131.3,48.8,140.7,0
1060721,97.4,146.4,36.4,115.6,0
1060722,133.4,135.9,50.2,109.2,0
1060723,83.8,100.0,56.3,92.7,0
1060724,68.1,210.0,60.9,53.9,0
1060725,68.6,145.7,45.1,109.5,0
1060726,128.0,124.9,28.3,142.7,0
1060727,106.7,37.9,53.3,75.3,1
1060728,115.7,158.5,47.3,91.3,1
1060729,142.4,81.5,39.8,109.8,0
1060730,52.7,57.2,58.6,130.0,1
1060731,82.4,145.2,40.6,71.2,1
1060732,95.2,104.4,21.8,97.3,1
1060733,96.8,178.4,64.0,65.0,0
1060734,39.9,138.4,29.5,118.3,0
1060735,97.0,97.4,34.0,108.4,0
1060736,46.0,84.0,27.2,112.6,1
1060737,83.4,164.3,33.6,104.8,0
1060738,70.2,155.0,32.4,82.8,0
1060739,114.9,195.0,63.3,98.4,0
1060740,117.4,145.3,64.5,91.5,0
1060741,112.4,180.9,51.6,113.7,0
1060742,88.5,178.6,13.8,104.3,0
1060743,75.0,85.2,48.6,91.3,1
1060744,113.7,70.0,31.2,72.1,1
1060745,67.8,62.4,48.0,83.2,0
1060746,138.7,147.3,60.7,50.1,1
1060747,94.1,69.1,47.1,81.5,1
1060748,121.9,87.3,54.2,84.5,1
1060749,106.2,91.7,68.3,99.1,1
1060750,119.2,119.3,30.3,118.9,0
1060751,72.4,136.0,57.1,67.7,1
1060752,110.4,92.5,44.7,95.8,1
1060753,136.1,118.1,25.8,119.2,0
1060754,133.2,117.2,47.9,95.2,1
1060755,86.6,160.5,50.7,100.2,0
1060756,85.5,157.1,0.0,74.3,0
1060757,105.1,113.3,34.5,101.3,0
1060758,81.6,90.3,58.5,131.6,1
1060759,130.8,134.0,30.1,96.2,0
1060760,86.1,89.1,34.5,89.3,1
1060761,86.9,138.8,37.4,117.3,1
1060762,102.0,152.1,40.7,74.6,0
1060763,95.7,163.2,43.3,130.4,0
1060764,75.0,120.5,73.6,92.8,0
1060765,78.1,28.3,63.3,86.4,1
1060766,121.6,137.7,65.8,78.5,0
1060767,143.3,131.3,86.1,73.9,1
1060768,102.5,133.5,49.1,137.0,0
1060769,102.6,161.4,10.1,98.8,0
1060770,77.9,115.5,23.1,103.9,1
1060771,146.5,53.9,36.1,117.8,1
1060772,77.4,73.9,34.3,103.9,1
1060773,122.9,101.3,60.3,64.8,1
1060774,93.7,170.2,46.6,116.4,0
1060775,101.0,195.3,48.7,90.5,0
1060776,90.5,140.8,45.4,92.7,0
1060777,123.6,125.1,35.8,90.0,1
1060778,100.9,198.1,16.3,109.4,0
1060779,140.3,39.8,43.4,117.2,1
1060780,88.6,91.6,65.3,64.0,0
1060781,118.8,89.8,45.5,101.7,1
1060782,68.1,131.3,24.8,81.8,1
1060783,133.2,155.5,72.9,124.6,0
1060784,110.0,76.0,67.2,136.8,0
1060785,110.6,163.1,47.5,56.6,1
1060786,141.3,92.7,52.9,108.6,1
1060787,65.1,199.2,38.7,116.4,0
1060788,45.7,126.9,17.2,64.7,0
1060789,115.6,161.8,35.2,96.5,1
1060790,113.4,163.8,50.7,116.3,0
1060791,187.1,90.6,52.2,77.4,1
1060792,87.3,111.7,50.2,82.1,1
1060793,72.7,144.4,75.8,78.5,1
1060794,94.0,85.2,44.0,86.7,1
1060795,106.4,83.4,30.5,106.0,1
1060796,68.0,147.5,53.1,97.2,0
1060797,64.7,82.9,54.5,104.6,1
1060798,113.1,59.4,33.3,101.1,1
1060799,99.1,65.0,74.2,120.9,1
1060800,95.7,141.8,48.5,52.4,0
1060801,135.3,87.0,41.3,125.1,0
1060802,89.8,101.5,13.0,68.7,0
1060803,105.9,121.6,45.5,150.2,1
1060804,96.7,119.3,43.3,101.8,1
1060805,77.1,172.2,45.8,102.4,0
1060806,100.1,119.5,28.5,141.9,0
1060807,120.9,113.5,45.5,83.9,1
1060808,71.3,151.9,42.8,130.3,1
1060809,70.7,118.1,62.8,76.3,1
1060810,128.5,142.3,51.9,94.8,1
1060811,132.4,,61.4,118.0,1
1060812,83.4,95.6,42.7,126.4,0
1060813,94.9,128.3,71.9,82.9,1
1060814,105.5,119.6,47.9,159.1,1
1060815,94.5,169.8,62.8,81.4,0
1060816,77.0,,49.6,101.6,0
1060817,66.1,151.3,69.1,105.7,0
1060818,157.2,116.2,72.2,79.3,0
1060819,91.0,172.9,41.4,88.0,0
1060820,116.0,68.0,48.2,99.3,1
1060821,109.3,160.2,47.5,88.8,0
1060822,117.6,145.6,48.1,134.7,0
1060823,120.1,67.2,63.1,98.1,1
1060824,103.8,84.3,27.0,78.3,1
1060825,158.7,119.8,8.6,101.6,0
1060826,89.4,128.7,42.1,76.6,1
1060827,122.1,152.4,66.1,106.4,0
1060828,98.0,137.3,9.4,67.4,0
1060829,127.5,123.9,48.6,90.3,1
1060830,138.0,82.0,40.7,96.9,1
1060831,116.6,75.5,44.1,93.3,1
1060832,96.4,138.9,41.2,97.3,1
1060833,111.0,187.1,12.3,110.4,1
1060834,116.2,128.0,20.3,116.3,1
1060835,65.1,147.7,92.2,95.0,0
1060836,55.8,87.2,51.8,137.2,1
1060837,95.3,126.6,59.4,74.0,1
1060838,118.6,72.5,15.5,134.5,0
1060839,89.1,123.5,21.3,105.1,1
1060840,68.4,126.6,28.1,86.0,0
1060841,98.3,111.4,52.7,126.5,1
1060842,84.4,143.6,34.1,107.6,0
1060843,124.3,102.4,55.1,109.7,0
1060844,105.3,106.7,29.9,96.8,0
1060845,99.6,112.7,41.1,136.5,0
1060846,127.3,133.6,37.1,116.2,0
1060847,139.2,148.7,73.4,117.4,0
1060848,60.5,123.6,69.7,91.5,0
1060849,73.5,78.6,14.4,73.8,0
1060850,125.3,78.5,53.3,130.9,1
1060851,94.9,139.9,35.7,72.0,0
1060852,96.6,154.2,36.7,135.9,0
1060853,131.8,134.5,55.0,90.3,0
1060854,103.9,150.4,28.2,125.3,0
1060855,92.5,131.8,45.8,95.1,1
1060856,139.1,105.3,32.5,92.9,1
1060857,113.6,141.1,34.4,92.4,0
1060858,102.0,135.5,47.3,94.0,0
1060859,96.3,105.5,56.9,71.5,1
1060860,67.8,76.6,31.1,102.5,0
1060861,82.5,141.7,29.7,124.8,0
1060862,87.5,135.3,49.3,119.0,1
1060863,105.1,102.4,56.7,102.0,1
1060864,118.5,161.8,51.0,114.0,0
1060865,124.2,145.2,52.5,121.4,0
1060866,87.0,95.3,66.3,111.6,1
1060867,79.0,78.2,44.1,96.4,1
1060868,103.6,125.1,34.5,78.6,1
1060869,74.1,135.9,36.1,56.1,0
1060870,60.3,58.0,55.5,127.6,1
1060871,95.2,174.3,61.0,98.0,0
1060872,69.4,88.4,43.0,129.4,1
1060873,109.4,104.9,50.4,112.3,0
1060874,92.3,60.3,55.0,123.3,1
1060875,133.9,104.5,55.4,81.0,1
1060876,141.6,147.6,30.1,124.2,0
1060877,113.0,84.7,17.7,104.7,0
1060878,76.8,133.4,50.2,99.3,0
1060879,114.5,171.7,60.8,91.0,0
1060880,99.2,151.7,55.8,109.7,1
1060881,91.9,99.8,30.6,119.9,0
1060882,116.7,70.0,40.2,83.8,1
1060883,93.4,146.2,51.1,135.8,0
1060884,97.8,111.1,64.0,118.0,1
1060885,33.7,104.1,42.2,109.0,1
1060886,68.5,102.5,37.9,110.5,0
1060887,96.5,162.1,62.3,101.3,0
1060888,105.4,135.6,54.7,83.7,0
1060889,90.5,23.8,38.5,147.9,1
1060890,76.8,195.3,40.7,106.1,0
1060891,117.2,119.5,45.7,116.9,1
1060892,116.9,169.2,35.8,78.4,0
1060893,81.9,67.8,20.5,65.9,0
1060894,73.8,125.4,43.7,58.0,0
1060895,93.8,92.7,55.4,64.1,1
1060896,102.6,40.6,41.8,58.9,1
1060897,85.1,149.3,59.2,116.0,0
1060898,139.6,87.1,49.3,115.6,0
1060899,105.2,117.6,42.1,102.7,0
1060900,84.0,175.3,48.3,139.0,0
1060901,83.6,101.1,73.2,93.3,1
1060902,112.9,108.1,44.6,109.8,1
1060903,92.8,249.5,68.0,74.9,0
1060904,121.4,85.5,56.8,129.6,1
1060905,131.8,108.7,37.3,122.7,1
1060906,42.3,145.2,66.4,85.3,0
1060907,106.1,157.1,57.9,93.7,0
1060908,68.5,35.4,46.1,37.1,1
1060909,108.0,127.9,51.8,121.7,0
1060910,104.8,108.4,56.6,87.9,0
1060911,108.7,82.4,43.6,80.3,1
1060912,111.6,152.3,76.9,103.5,1
1060913,113.8,104.7,43.2,107.5,1
1060914,99.1,89.3,24.6,89.6,0
1060915,99.4,87.9,43.6,104.5,1
1060916,73.1,99.0,32.2,97.8,1
1060917,79.4,114.5,45.7,79.9,0
1060918,97.8,101.2,39.4,87.9,1
1060919,105.6,94.3,53.0,125.5,1
1060920,134.9,165.3,67.8,67.4,0
1060921,71.9,158.3,37.9,79.8,0
1060922,122.2,198.5,55.8,67.2,0
1060923,136.3,154.1,60.9,104.4,0
1060924,146.0,104.3,47.9,109.1,1
1060925,108.7,75.6,27.9,84.2,0
1060926,113.3,167.0,49.2,146.8,0
1060927,124.4,104.1,42.0,49.9,1
1060928,91.8,74.7,33.8,116.9,1
1060929,122.1,133.7,41.0,116.1,1
1060930,129.8,70.0,52.2,114.0,1
1060931,107.3,103.5,48.2,108.7,1
1060932,124.1,107.6,42.2,119.0,1
1060933,98.2,157.2,43.7,119.6,0
1060934,102.0,40.7,80.3,69.1,1
1060935,58.5,126.3,46.9,102.4,0
1060936,77.5,138.8,40.1,123.1,0
1060937,110.7,104.1,27.0,103.5,1
1060938,121.9,159.4,57.6,72.5,1
1060939,71.8,139.9,42.7,113.5,0
1060940,98.1,124.2,38.1,138.1,0
1060941,111.1,82.9,25.5,100.9,1
1060942,106.6,78.7,33.0,87.6,1
1060943,108.4,95.3,37.0,66.6,1
1060944,68.0,128.0,13.4,126.2,0
1060945,78.7,182.8,66.9,94.5,0
1060946,131.8,102.2,58.3,122.1,0
1060947,101.8,64.8,28.8,83.0,1
1060948,110.5,155.5,36.1,108.9,1
1060949,99.5,,22.4,77.3,1
1060950,66.4,121.4,59.8,104.5,1
1060951,72.4,204.7,63.2,108.1,0
1060952,100.2,141.7,27.0,103.5,1
1060953,112.6,163.4,46.3,65.5,0
1060954,132.0,87.0,47.8,122.4,1
1060955,51.5,98.2,26.4,104.4,1
1060956,118.1,134.2,38.6,118.1,0
1060957,138.9,111.4,46.4,70.6,0
1060958,93.2,92.1,22.7,110.5,1
1060959,77.1,116.7,54.8,101.9,1
1060960,123.7,93.6,71.3,93.3,1
1060961,93.2,151.2,40.8,104.5,0
1060962,96.3,109.2,41.8,160.8,1
1060963,62.1,148.3,26.4,97.3,0
1060964,93.7,84.0,36.4,124.6,1
1060965,98.5,113.6,80.5,106.1,1
1060966,120.5,75.8,51.5,64.9,1
1060967,78.2,68.8,44.2,107.9,1
1060968,114.5,189.3,22.6,101.8,0
1060969,114.4,106.0,47.6,108.3,1
1060970,132.3,122.0,18.0,121.5,0
1060971,82.0,96.3,39.4,115.4,1
1060972,135.6,103.6,45.6,101.1,1
1060973,76.9,146.7,31.9,113.2,0
1060974,101.5,145.1,47.8,84.7,1
1060975,89.5,160.3,42.2,120.3,0
1060976,142.0,89.3,58.7,144.0,1
1060977,134.5,170.4,52.3,121.7,0
1060978,114.1,124.4,59.1,73.2,0
1060979,72.4,140.0,23.1,116.7,0
1060980,64.0,65.1,15.2,126.9,1
1060981,71.3,132.4,57.2,49.4,1
1060982,74.8,184.9,40.6,117.9,0
1060983,60.0,107.8,45.3,51.9,1
1060984,111.3,129.2,54.1,81.4,0
1060985,88.7,92.0,20.1,129.5,1
1060986,86.2,158.6,56.8,103.8,0
1060987,84.9,160.1,66.1,116.0,0
1060988,118.0,85.9,39.7,87.6,0
1060989,127.7,90.4,71.5,85.2,1
1060990,60.3,127.5,39.0,88.2,1
1060991,124.4,152.9,29.9,91.2,0
1060992,78.5,118.5,44.1,111.8,0
1060993,93.7,94.9,42.3,124.9,1
1060994,87.2,100.8,57.9,111.7,1
1060995,74.4,146.8,52.9,111.7,0
1060996,91.3,139.8,70.2,52.6,0
1060997,90.9,68.1,63.5,141.6,0
1060998,150.5,125.4,61.9,100.0,1
1060999,163.0,93.6,44.5,142.6,1
1061000,112.8,144.0,52.1,78.6,0
