video_id,title,category,views,likes,comment_count
v0001,Trending Video 1,Gaming,71335,3236,315.0
v0002,Trending Video 2,Entertainment,111951,3793,487.0
v0003,Trending Video 3,Entertainment,133336,5882,331.0
v0004,Trending Video 4,Music,32524,2986,367.0
v0005,Trending Video 5,Gaming,194964,7561,1123.0
v0006,Trending Video 6,Tech/Science,28333,0,0.0
v0007,Trending Video 7,Comedy,82091,3221,345.0
v0008,Trending Video 8,Entertainment,254695,16395,1282.0
v0009,Trending Video 9,Comedy,22664,0,0.0
v0010,Trending Video 10,Gaming,31646,5001,317.0
v0011,Trending Video 11,Entertainment,49832,4371,638.0
v0012,Trending Video 12,Entertainment,30559,0,0.0
v0013,Trending Video 13,Entertainment,39153,2188,234.0
v0014,Trending Video 14,News,94802,5612,462.0
v0015,Trending Video 15,Tech/Science,28583,2054,190.0
v0016,Trending Video 16,Music,388835,29672,3380.0
v0017,Trending Video 17,Tech/Science,47489,3456,290.0
v0018,Trending Video 18,Music,575675,44902,3977.0
v0019,Trending Video 19,Entertainment,591971,23934,2229.0
v0020,Trending Video 20,Tech/Science,230625,14354,1294.0
v0021,Trending Video 21,Entertainment,10612,881,105.0
v0022,Trending Video 22,Music,19058,0,0.0
v0023,Trending Video 23,Gaming,66427,4348,270.0
v0024,Trending Video 24,Tech/Science,16020,908,49.0
v0025,Trending Video 25,Music,416679,26228,3702.0
v0026,Trending Video 26,Entertainment,11079,0,0.0
v0027,Trending Video 27,Entertainment,136388,9222,676.0
v0028,Trending Video 28,Music,57773,2063,118.0
v0029,Trending Video 29,Entertainment,375936,25888,2666.0
v0030,Trending Video 30,News,18826,1450,130.0
v0031,Trending Video 31,Entertainment,333870,15087,979.0
v0032,Trending Video 32,Entertainment,129171,9407,922.0
v0033,Trending Video 33,Entertainment,45548,3865,431.0
v0034,Trending Video 34,Music,218346,17017,854.0
v0035,Trending Video 35,Comedy,465821,26520,3938.0
v0036,Trending Video 36,News,33712,1492,95.0
v0037,Trending Video 37,Music,49912,5142,280.0
v0038,Trending Video 38,News,7832,1402,180.0
v0039,Trending Video 39,Music,36976,353,33.0
v0040,Trending Video 40,Gaming,31105,1282,156.0
v0041,Trending Video 41,Entertainment,114622,5382,
v0042,Trending Video 42,Music,112443,8580,657.0
v0043,Trending Video 43,News,58269,1362,132.0
v0044,Trending Video 44,Entertainment,41928,1969,123.0
v0045,Trending Video 45,Music,302857,8398,742.0
v0046,Trending Video 46,News,105914,1594,88.0
v0047,Trending Video 47,Tech/Science,681231,15088,1911.0
v0048,Trending Video 48,Entertainment,277031,12062,1666.0
v0049,Trending Video 49,Entertainment,30265,2009,184.0
v0050,Trending Video 50,Gaming,31255,1838,219.0
v0051,Trending Video 51,Music,169215,5876,627.0
v0052,Trending Video 52,Tech/Science,31858,0,0.0
v0053,Trending Video 53,Music,119454,9007,653.0
v0054,Trending Video 54,Gaming,157265,10137,1176.0
v0055,Trending Video 55,Entertainment,166842,3171,276.0
v0056,Trending Video 56,Entertainment,163060,6985,932.0
v0057,Trending Video 57,Music,41002,4180,215.0
v0058,Trending Video 58,Music,17784,1160,141.0
v0059,Trending Video 59,Entertainment,8856,1397,100.0
v0060,Trending Video 60,Music,74598,2263,119.0
v0061,Trending Video 61,Entertainment,860047,28988,4011.0
v0062,Trending Video 62,Comedy,9524,812,88.0
v0063,Trending Video 63,Entertainment,509620,25605,2189.0
v0064,Trending Video 64,Music,10609,0,0.0
v0065,Trending Video 65,Comedy,22454,2261,275.0
v0066,Trending Video 66,Entertainment,53686,3085,376.0
v0067,Trending Video 67,Entertainment,534242,29364,3742.0
v0068,Trending Video 68,Entertainment,31910,2849,211.0
v0069,Trending Video 69,Comedy,281589,18784,1805.0
v0070,Trending Video 70,Gaming,385432,8427,525.0
v0071,Trending Video 71,Tech/Science,399984,25271,3246.0
v0072,Trending Video 72,News,104721,4975,
v0073,Trending Video 73,Gaming,182250,10699,1308.0
v0074,Trending Video 74,Gaming,210567,5648,432.0
v0075,Trending Video 75,News,286428,9092,771.0
v0076,Trending Video 76,Tech/Science,105786,5555,713.0
v0077,Trending Video 77,Entertainment,66472,4794,248.0
v0078,Trending Video 78,Comedy,3299,128,10.0
v0079,Trending Video 79,Entertainment,23883,154,22.0
v0080,Trending Video 80,Tech/Science,92427,1475,172.0
v0081,Trending Video 81,Gaming,441539,22633,2711.0
v0082,Trending Video 82,Music,2007521,139484,17334.0
v0083,Trending Video 83,Entertainment,80369,6313,693.0
v0084,Trending Video 84,Entertainment,56973,1468,75.0
v0085,Trending Video 85,Comedy,19800,23,2.0
v0086,Trending Video 86,Music,481217,23342,2546.0
v0087,Trending Video 87,Tech/Science,18193,0,0.0
v0088,Trending Video 88,Entertainment,26424,1504,108.0
v0089,Trending Video 89,Gaming,55044,1241,124.0
v0090,Trending Video 90,Tech/Science,29698,0,0.0
v0091,Trending Video 91,Entertainment,829561,60996,8708.0
v0092,Trending Video 92,Entertainment,192324,9603,1293.0
v0093,Trending Video 93,Gaming,51100,1959,292.0
v0094,Trending Video 94,Music,360778,18847,1002.0
v0095,Trending Video 95,Entertainment,40017,905,52.0
v0096,Trending Video 96,Entertainment,396548,11092,1543.0
v0097,Trending Video 97,Entertainment,243055,15229,1784.0
v0098,Trending Video 98,Entertainment,21692,639,71.0
v0099,Trending Video 99,Comedy,38221,1651,214.0
v0100,Trending Video 100,Music,80422,4648,380.0
v0101,Trending Video 101,Entertainment,14139,1912,233.0
v0102,Trending Video 102,Entertainment,213517,6689,725.0
v0103,Trending Video 103,Entertainment,46122,2612,235.0
v0104,Trending Video 104,News,50323,2704,242.0
v0105,Trending Video 105,Music,28834,113,8.0
v0106,Trending Video 106,News,72732,2611,356.0
v0107,Trending Video 107,Entertainment,158801,6161,397.0
v0108,Trending Video 108,Music,183511,12220,779.0
v0109,Trending Video 109,Gaming,243236,8329,1106.0
v0110,Trending Video 110,Comedy,391858,15857,1250.0
v0111,Trending Video 111,Gaming,131445,5039,380.0
v0112,Trending Video 112,Tech/Science,40078,2449,171.0
v0113,Trending Video 113,Entertainment,143314,1790,242.0
v0114,Trending Video 114,News,26971,4457,293.0
v0115,Trending Video 115,Entertainment,103135,1421,211.0
v0116,Trending Video 116,Entertainment,69331,4028,357.0
v0117,Trending Video 117,Music,71321,3100,312.0
v0118,Trending Video 118,Entertainment,84572,6209,765.0
v0119,Trending Video 119,Music,29089,2028,300.0
v0120,Trending Video 120,Entertainment,9881,455,23.0
v0121,Trending Video 121,Entertainment,62346,6301,895.0
v0122,Trending Video 122,Music,703361,17106,1553.0
v0123,Trending Video 123,Entertainment,16247,1106,59.0
v0124,Trending Video 124,Entertainment,97373,6828,478.0
v0125,Trending Video 125,Gaming,245797,3837,523.0
v0126,Trending Video 126,Gaming,178713,12953,870.0
v0127,Trending Video 127,Tech/Science,109919,5983,404.0
v0128,Trending Video 128,Entertainment,66068,5102,757.0
v0129,Trending Video 129,Comedy,1677241,133325,7772.0
v0130,Trending Video 130,Tech/Science,205317,9162,1022.0
v0131,Trending Video 131,Entertainment,372841,21016,2386.0
v0132,Trending Video 132,Tech/Science,301035,11438,1601.0
v0133,Trending Video 133,Music,33594,0,0.0
v0134,Trending Video 134,Music,140969,7662,466.0
v0135,Trending Video 135,Entertainment,468318,21221,2445.0
v0136,Trending Video 136,Entertainment,138642,6639,462.0
v0137,Trending Video 137,Gaming,78418,5982,415.0
v0138,Trending Video 138,Music,38327,0,0.0
v0139,Trending Video 139,Entertainment,165730,9376,510.0
v0140,Trending Video 140,News,105970,6730,479.0
v0141,Trending Video 141,Entertainment,576672,40171,5791.0
v0142,Trending Video 142,News,15289,2360,172.0
v0143,Trending Video 143,Tech/Science,136920,5225,607.0
v0144,Trending Video 144,Music,50070,1215,123.0
v0145,Trending Video 145,Gaming,229961,9416,717.0
v0146,Trending Video 146,Tech/Science,171353,6671,376.0
v0147,Trending Video 147,Entertainment,282258,8678,730.0
v0148,Trending Video 148,Comedy,346169,15495,1097.0
v0149,Trending Video 149,News,95806,5489,496.0
v0150,Trending Video 150,Gaming,24181,63,6.0
v0151,Trending Video 151,Music,162433,9085,931.0
v0152,Trending Video 152,Tech/Science,82895,2465,244.0
v0153,Trending Video 153,Tech/Science,208029,7751,881.0
v0154,Trending Video 154,Tech/Science,44046,2447,248.0
v0155,Trending Video 155,Entertainment,220611,10106,894.0
v0156,Trending Video 156,Music,54466,3350,200.0
v0157,Trending Video 157,Entertainment,220497,8033,868.0
v0158,Trending Video 158,Comedy,88187,4277,244.0
v0159,Trending Video 159,Entertainment,94319,7012,373.0
v0160,Trending Video 160,Comedy,100250,5631,710.0
v0161,Trending Video 161,Tech/Science,32603,1318,180.0
v0162,Trending Video 162,Comedy,44085,4213,543.0
v0163,Trending Video 163,Music,189324,9109,648.0
v0164,Trending Video 164,Gaming,146461,7232,455.0
v0165,Trending Video 165,Entertainment,73338,3088,423.0
v0166,Trending Video 166,News,62755,2928,189.0
v0167,Trending Video 167,Tech/Science,134896,5974,320.0
v0168,Trending Video 168,News,16637,0,0.0
v0169,Trending Video 169,Tech/Science,26249,2000,195.0
v0170,Trending Video 170,Entertainment,357510,19902,2249.0
v0171,Trending Video 171,Tech/Science,1686918,42049,5727.0
v0172,Trending Video 172,Tech/Science,243065,12806,799.0
v0173,Trending Video 173,Music,88944,1783,105.0
v0174,Trending Video 174,Entertainment,424224,28054,1702.0
v0175,Trending Video 175,Entertainment,39506,1213,169.0
v0176,Trending Video 176,Music,146720,7403,1005.0
v0177,Trending Video 177,Tech/Science,584447,31477,2399.0
v0178,Trending Video 178,Tech/Science,114936,4040,515.0
v0179,Trending Video 179,Entertainment,205269,15177,2177.0
v0180,Trending Video 180,Entertainment,171590,11297,973.0
v0181,Trending Video 181,Music,22437,807,67.0
v0182,Trending Video 182,News,576629,43783,3478.0
v0183,Trending Video 183,Entertainment,68205,4914,726.0
v0184,Trending Video 184,News,159206,3623,519.0
v0185,Trending Video 185,Music,237584,7717,985.0
v0186,Trending Video 186,Gaming,30954,3328,453.0
v0187,Trending Video 187,Tech/Science,213099,9655,826.0
v0188,Trending Video 188,Entertainment,106475,3135,269.0
v0189,Trending Video 189,Entertainment,40137,5014,402.0
v0190,Trending Video 190,Entertainment,150296,8926,628.0
v0191,Trending Video 191,Music,23226,1697,211.0
v0192,Trending Video 192,Music,23648,1575,177.0
v0193,Trending Video 193,Comedy,73506,1186,60.0
v0194,Trending Video 194,Music,9694,1240,80.0
v0195,Trending Video 195,Music,3461410,204002,15072.0
v0196,Trending Video 196,Entertainment,299485,9614,1278.0
v0197,Trending Video 197,Entertainment,317347,17799,1670.0
v0198,Trending Video 198,Tech/Science,41170,486,26.0
v0199,Trending Video 199,Entertainment,140986,7344,523.0
v0200,Trending Video 200,Comedy,191449,7350,977.0
v0201,Trending Video 201,Entertainment,17297,677,36.0
v0202,Trending Video 202,Entertainment,216151,11165,1564.0
v0203,Trending Video 203,Gaming,73186,5534,380.0
v0204,Trending Video 204,Comedy,92954,1614,218.0
v0205,Trending Video 205,Entertainment,62222,1672,188.0
v0206,Trending Video 206,Entertainment,118255,8591,1288.0
v0207,Trending Video 207,Gaming,382024,14790,1513.0
v0208,Trending Video 208,Tech/Science,287525,8801,860.0
v0209,Trending Video 209,Music,243586,12308,1208.0
v0210,Trending Video 210,Tech/Science,45152,2832,174.0
v0211,Trending Video 211,Gaming,98287,3769,
v0212,Trending Video 212,Entertainment,38340,4464,523.0
v0213,Trending Video 213,Gaming,146515,6782,631.0
v0214,Trending Video 214,Entertainment,70027,4786,658.0
v0215,Trending Video 215,Entertainment,77076,3363,247.0
v0216,Trending Video 216,Entertainment,25023,645,77.0
v0217,Trending Video 217,Comedy,5938,780,88.0
v0218,Trending Video 218,Gaming,183144,7475,802.0
v0219,Trending Video 219,Comedy,54945,1146,71.0
v0220,Trending Video 220,Tech/Science,85220,4850,283.0
v0221,Trending Video 221,Music,99068,3952,475.0
v0222,Trending Video 222,Comedy,16400,1652,234.0
v0223,Trending Video 223,Gaming,289143,14436,2085.0
v0224,Trending Video 224,Music,361989,23652,3423.0
v0225,Trending Video 225,Entertainment,26014,2374,205.0
v0226,Trending Video 226,Music,262344,5735,805.0
v0227,Trending Video 227,Music,40583,2281,264.0
v0228,Trending Video 228,Music,1776860,52090,7380.0
v0229,Trending Video 229,Music,182456,9445,1257.0
v0230,Trending Video 230,Music,76473,4930,432.0
v0231,Trending Video 231,Entertainment,12159,2450,213.0
v0232,Trending Video 232,Gaming,13014,0,0.0
v0233,Trending Video 233,Tech/Science,323038,18667,2056.0
v0234,Trending Video 234,News,59158,1884,
v0235,Trending Video 235,Entertainment,55585,4705,252.0
v0236,Trending Video 236,Music,192522,14379,1169.0
v0237,Trending Video 237,Entertainment,362916,10609,961.0
v0238,Trending Video 238,Tech/Science,215363,11752,1315.0
v0239,Trending Video 239,Entertainment,57086,3075,204.0
v0240,Trending Video 240,Tech/Science,132504,10106,1026.0
v0241,Trending Video 241,Entertainment,128264,4748,342.0
v0242,Trending Video 242,Comedy,124099,7308,809.0
v0243,Trending Video 243,News,18564,2142,154.0
v0244,Trending Video 244,Tech/Science,323222,13422,1285.0
v0245,Trending Video 245,News,78829,5989,648.0
v0246,Trending Video 246,Gaming,207117,3772,230.0
v0247,Trending Video 247,News,515604,32707,2876.0
v0248,Trending Video 248,Music,419296,11602,1025.0
v0249,Trending Video 249,Entertainment,16992,0,0.0
v0250,Trending Video 250,Entertainment,307275,17833,2043.0
v0251,Trending Video 251,Music,26206,377,37.0
v0252,Trending Video 252,Music,422887,34432,5022.0
v0253,Trending Video 253,Gaming,41704,949,67.0
v0254,Trending Video 254,Gaming,854248,31806,2416.0
v0255,Trending Video 255,Comedy,21171,0,0.0
v0256,Trending Video 256,Gaming,98241,8836,833.0
v0257,Trending Video 257,Comedy,90587,2529,162.0
v0258,Trending Video 258,Gaming,8024,0,0.0
v0259,Trending Video 259,Entertainment,29085,2121,283.0
v0260,Trending Video 260,Entertainment,65020,2928,244.0
v0261,Trending Video 261,Music,61707,2235,122.0
v0262,Trending Video 262,Comedy,125982,2015,117.0
v0263,Trending Video 263,Entertainment,520329,30039,3536.0
v0264,Trending Video 264,Tech/Science,185217,10996,1344.0
v0265,Trending Video 265,Tech/Science,285403,18980,2168.0
v0266,Trending Video 266,Entertainment,24447,3301,337.0
v0267,Trending Video 267,Music,82839,4510,410.0
v0268,Trending Video 268,Gaming,26615,1037,57.0
v0269,Trending Video 269,Tech/Science,22248,1274,106.0
v0270,Trending Video 270,Entertainment,65194,4618,577.0
v0271,Trending Video 271,Entertainment,52795,2622,302.0
v0272,Trending Video 272,News,120620,3631,351.0
v0273,Trending Video 273,Entertainment,40019,3681,328.0
v0274,Trending Video 274,Entertainment,50576,1352,182.0
v0275,Trending Video 275,Entertainment,16569,1286,188.0
v0276,Trending Video 276,Entertainment,113369,8282,1032.0
v0277,Trending Video 277,News,17286,0,0.0
v0278,Trending Video 278,News,298306,6163,600.0
v0279,Trending Video 279,Gaming,125090,7331,812.0
v0280,Trending Video 280,Gaming,82282,2279,328.0
v0281,Trending Video 281,Entertainment,34878,3712,445.0
v0282,Trending Video 282,Music,68167,2427,185.0
v0283,Trending Video 283,Music,247228,13693,
v0284,Trending Video 284,Entertainment,9416,901,94.0
v0285,Trending Video 285,Music,83435,4760,674.0
v0286,Trending Video 286,Comedy,23198,1413,172.0
v0287,Trending Video 287,Gaming,1028230,40022,4081.0
v0288,Trending Video 288,News,35835,1695,244.0
v0289,Trending Video 289,Entertainment,42252,1933,194.0
v0290,Trending Video 290,Tech/Science,72778,4627,358.0
v0291,Trending Video 291,Entertainment,151336,4582,539.0
v0292,Trending Video 292,Gaming,8028,1285,190.0
v0293,Trending Video 293,Music,108991,3323,485.0
v0294,Trending Video 294,Entertainment,26345,280,19.0
v0295,Trending Video 295,Comedy,31390,1732,122.0
v0296,Trending Video 296,Music,326328,25052,2581.0
v0297,Trending Video 297,News,131444,9395,752.0
v0298,Trending Video 298,Music,107513,6060,670.0
v0299,Trending Video 299,Tech/Science,117677,7697,733.0
v0300,Trending Video 300,Comedy,184889,5018,294.0
v0301,Trending Video 301,News,26391,736,44.0
v0302,Trending Video 302,Entertainment,293260,21490,1634.0
v0303,Trending Video 303,Music,321495,7302,509.0
v0304,Trending Video 304,Gaming,70954,3018,399.0
v0305,Trending Video 305,Tech/Science,172994,3904,243.0
v0306,Trending Video 306,Entertainment,39172,2077,186.0
v0307,Trending Video 307,Entertainment,377235,19148,1943.0
v0308,Trending Video 308,Tech/Science,53467,1530,112.0
v0309,Trending Video 309,Gaming,552306,21467,1852.0
v0310,Trending Video 310,Music,67732,2536,249.0
v0311,Trending Video 311,Entertainment,608029,30976,3875.0
v0312,Trending Video 312,Gaming,175668,4186,346.0
v0313,Trending Video 313,Music,106675,5015,727.0
v0314,Trending Video 314,Comedy,105560,6470,409.0
v0315,Trending Video 315,News,33263,2685,255.0
v0316,Trending Video 316,Entertainment,53729,1988,212.0
v0317,Trending Video 317,News,296874,14475,1445.0
v0318,Trending Video 318,News,146552,7616,1022.0
v0319,Trending Video 319,Music,17926,1351,142.0
v0320,Trending Video 320,Entertainment,346716,18300,2265.0
v0321,Trending Video 321,Gaming,67506,3331,452.0
v0322,Trending Video 322,Entertainment,77385,3150,204.0
v0323,Trending Video 323,Entertainment,508572,35633,2280.0
v0324,Trending Video 324,Gaming,24788,204,24.0
v0325,Trending Video 325,Gaming,103737,8461,611.0
v0326,Trending Video 326,Entertainment,259470,20955,1331.0
v0327,Trending Video 327,Entertainment,41165,2480,344.0
v0328,Trending Video 328,Tech/Science,148233,8155,637.0
v0329,Trending Video 329,News,20310,0,0.0
v0330,Trending Video 330,Entertainment,75741,1377,156.0
v0331,Trending Video 331,Entertainment,70683,2051,265.0
v0332,Trending Video 332,Music,152627,10280,1474.0
v0333,Trending Video 333,Entertainment,90007,4293,230.0
v0334,Trending Video 334,Entertainment,29470,9,1.0
v0335,Trending Video 335,Music,119444,6119,744.0
v0336,Trending Video 336,Entertainment,42265,999,
v0337,Trending Video 337,Comedy,100202,6525,
v0338,Trending Video 338,Entertainment,243838,8043,
v0339,Trending Video 339,Gaming,227928,15673,1617.0
v0340,Trending Video 340,Entertainment,57581,3114,394.0
v0341,Trending Video 341,Entertainment,109694,6767,475.0
v0342,Trending Video 342,News,210704,5280,547.0
v0343,Trending Video 343,Tech/Science,1323179,89333,12567.0
v0344,Trending Video 344,Entertainment,165925,3696,231.0
v0345,Trending Video 345,Comedy,26044,1855,107.0
v0346,Trending Video 346,Entertainment,8705,2218,307.0
v0347,Trending Video 347,Tech/Science,912347,17632,1076.0
v0348,Trending Video 348,Gaming,1248493,58580,5316.0
v0349,Trending Video 349,Entertainment,139839,7488,1026.0
v0350,Trending Video 350,Comedy,225498,12028,1269.0
v0351,Trending Video 351,Entertainment,742863,46865,5601.0
v0352,Trending Video 352,Entertainment,191090,8773,762.0
v0353,Trending Video 353,Gaming,2477314,123557,15070.0
v0354,Trending Video 354,Gaming,64314,4887,323.0
v0355,Trending Video 355,Comedy,382421,12052,1787.0
v0356,Trending Video 356,Comedy,96643,1593,233.0
v0357,Trending Video 357,Comedy,188859,11814,621.0
v0358,Trending Video 358,Gaming,52165,2014,206.0
v0359,Trending Video 359,News,43521,923,110.0
v0360,Trending Video 360,Gaming,193140,11786,900.0
v0361,Trending Video 361,News,365715,27827,2649.0
v0362,Trending Video 362,Gaming,980571,39725,2401.0
v0363,Trending Video 363,News,11166,97,5.0
v0364,Trending Video 364,Music,354855,16226,2080.0
v0365,Trending Video 365,Entertainment,25573,1841,212.0
v0366,Trending Video 366,Entertainment,192842,9560,498.0
v0367,Trending Video 367,Gaming,433438,28047,3888.0
v0368,Trending Video 368,Entertainment,110265,6479,659.0
v0369,Trending Video 369,Entertainment,9576,1204,75.0
v0370,Trending Video 370,Tech/Science,33012,868,76.0
v0371,Trending Video 371,News,55148,1614,180.0
v0372,Trending Video 372,News,47194,1502,100.0
v0373,Trending Video 373,News,90068,7007,871.0
v0374,Trending Video 374,Gaming,104458,7516,456.0
v0375,Trending Video 375,Entertainment,26477,3545,511.0
v0376,Trending Video 376,Entertainment,28805,382,39.0
v0377,Trending Video 377,Entertainment,484953,26564,2195.0
v0378,Trending Video 378,Comedy,570699,24343,3440.0
v0379,Trending Video 379,Gaming,8663,265,14.0
v0380,Trending Video 380,Gaming,129700,4806,441.0
v0381,Trending Video 381,Music,418165,29866,4457.0
v0382,Trending Video 382,Entertainment,81580,1561,91.0
v0383,Trending Video 383,News,51352,5780,597.0
v0384,Trending Video 384,Entertainment,452689,21925,3099.0
v0385,Trending Video 385,News,37562,476,64.0
v0386,Trending Video 386,Entertainment,286775,17083,1748.0
v0387,Trending Video 387,Entertainment,118216,10250,1410.0
v0388,Trending Video 388,Tech/Science,1772966,133265,8231.0
v0389,Trending Video 389,Comedy,278330,8304,1108.0
v0390,Trending Video 390,Music,79668,364,18.0
v0391,Trending Video 391,Entertainment,244130,18221,2035.0
v0392,Trending Video 392,News,365581,13993,2020.0
v0393,Trending Video 393,Comedy,311321,10813,1064.0
v0394,Trending Video 394,Music,159341,5715,513.0
v0395,Trending Video 395,Entertainment,10325,833,101.0
v0396,Trending Video 396,Tech/Science,43593,0,0.0
v0397,Trending Video 397,Entertainment,331725,11088,1042.0
v0398,Trending Video 398,Music,264810,15804,1240.0
v0399,Trending Video 399,Gaming,50624,2778,398.0
v0400,Trending Video 400,Entertainment,53362,2202,115.0
v0401,Trending Video 401,News,50539,1640,120.0
v0402,Trending Video 402,Entertainment,123118,6864,486.0
v0403,Trending Video 403,Comedy,16012,1157,80.0
v0404,Trending Video 404,Music,19787,0,0.0
v0405,Trending Video 405,News,159767,6632,663.0
v0406,Trending Video 406,News,36606,867,49.0
v0407,Trending Video 407,Music,153184,11207,1431.0
v0408,Trending Video 408,Music,636987,15777,870.0
v0409,Trending Video 409,Entertainment,122905,7749,573.0
v0410,Trending Video 410,Music,45989,1920,283.0
v0411,Trending Video 411,Music,84360,6758,444.0
v0412,Trending Video 412,Entertainment,84453,2563,262.0
v0413,Trending Video 413,Gaming,278376,6565,480.0
v0414,Trending Video 414,Comedy,86313,2182,188.0
v0415,Trending Video 415,Music,8772,0,0.0
v0416,Trending Video 416,Entertainment,47329,1553,220.0
v0417,Trending Video 417,Entertainment,136023,8500,1162.0
v0418,Trending Video 418,News,184040,6370,719.0
v0419,Trending Video 419,Comedy,282382,16785,1374.0
v0420,Trending Video 420,Entertainment,256676,12775,681.0
v0421,Trending Video 421,Gaming,12945,0,0.0
v0422,Trending Video 422,Music,206595,7564,896.0
v0423,Trending Video 423,Tech/Science,8168,831,123.0
v0424,Trending Video 424,Music,114715,3442,192.0
v0425,Trending Video 425,Comedy,27207,1213,118.0
v0426,Trending Video 426,Music,219070,7140,1016.0
v0427,Trending Video 427,Entertainment,139022,4637,510.0
v0428,Trending Video 428,Music,50463,3544,217.0
v0429,Trending Video 429,Tech/Science,63174,4728,468.0
v0430,Trending Video 430,Music,69218,2708,261.0
v0431,Trending Video 431,Comedy,343695,16994,1554.0
v0432,Trending Video 432,Gaming,54803,2191,299.0
v0433,Trending Video 433,Gaming,31048,1814,156.0
v0434,Trending Video 434,Music,18589,0,0.0
v0435,Trending Video 435,Entertainment,195938,7680,700.0
v0436,Trending Video 436,Entertainment,23428,3253,450.0
v0437,Trending Video 437,Music,10374,0,0.0
v0438,Trending Video 438,News,148442,3688,253.0
v0439,Trending Video 439,Gaming,226307,11905,1425.0
v0440,Trending Video 440,Comedy,242587,11528,1098.0
v0441,Trending Video 441,Music,9565,1913,195.0
v0442,Trending Video 442,Tech/Science,404240,23060,3246.0
v0443,Trending Video 443,Entertainment,139975,10319,1132.0
v0444,Trending Video 444,Comedy,85845,4744,294.0
v0445,Trending Video 445,Entertainment,29274,2262,204.0
v0446,Trending Video 446,Tech/Science,87156,2612,358.0
v0447,Trending Video 447,Comedy,598456,14138,1384.0
v0448,Trending Video 448,Entertainment,43782,3385,182.0
v0449,Trending Video 449,News,38970,1847,262.0
v0450,Trending Video 450,News,128943,5568,714.0
v0451,Trending Video 451,Music,332973,24031,2357.0
v0452,Trending Video 452,Gaming,89156,3881,367.0
v0453,Trending Video 453,Entertainment,21213,1520,207.0
v0454,Trending Video 454,Gaming,695110,43467,3031.0
v0455,Trending Video 455,Entertainment,69723,5203,572.0
v0456,Trending Video 456,Entertainment,46406,1498,224.0
v0457,Trending Video 457,Entertainment,114701,3781,369.0
v0458,Trending Video 458,Comedy,88102,5917,665.0
v0459,Trending Video 459,Music,24603,1699,94.0
v0460,Trending Video 460,Gaming,10698,201,29.0
v0461,Trending Video 461,Music,21388,887,93.0
v0462,Trending Video 462,Entertainment,301114,20064,2245.0
v0463,Trending Video 463,Music,67818,2466,311.0
v0464,Trending Video 464,Tech/Science,93339,6033,697.0
v0465,Trending Video 465,Gaming,192132,3724,304.0
v0466,Trending Video 466,Entertainment,40643,2338,269.0
v0467,Trending Video 467,Entertainment,99670,4190,484.0
v0468,Trending Video 468,News,183392,7979,714.0
v0469,Trending Video 469,Gaming,56531,3043,329.0
v0470,Trending Video 470,Entertainment,13238,1519,119.0
v0471,Trending Video 471,Music,27572,1899,203.0
v0472,Trending Video 472,Comedy,349218,24646,3497.0
v0473,Trending Video 473,Entertainment,55046,3506,326.0
v0474,Trending Video 474,Entertainment,49531,1311,134.0
v0475,Trending Video 475,Music,242798,13068,772.0
v0476,Trending Video 476,Tech/Science,254879,3934,390.0
v0477,Trending Video 477,News,26916,2142,178.0
v0478,Trending Video 478,Entertainment,41986,2452,253.0
v0479,Trending Video 479,Music,17589,903,62.0
v0480,Trending Video 480,Music,535757,13718,1547.0
v0481,Trending Video 481,Gaming,27079,3267,251.0
v0482,Trending Video 482,Music,560788,32400,3598.0
v0483,Trending Video 483,Entertainment,252633,15028,1578.0
v0484,Trending Video 484,Gaming,30955,1035,102.0
v0485,Trending Video 485,Tech/Science,63114,2094,282.0
v0486,Trending Video 486,Entertainment,131851,6862,436.0
v0487,Trending Video 487,Entertainment,192049,10511,1015.0
v0488,Trending Video 488,Entertainment,186835,4467,330.0
v0489,Trending Video 489,Music,57275,4755,522.0
v0490,Trending Video 490,Tech/Science,127545,8100,949.0
v0491,Trending Video 491,Entertainment,57781,5186,463.0
v0492,Trending Video 492,Music,388343,8095,648.0
v0493,Trending Video 493,News,128653,6941,663.0
v0494,Trending Video 494,Entertainment,37373,2416,146.0
v0495,Trending Video 495,Entertainment,63943,5737,748.0
v0496,Trending Video 496,Entertainment,100065,7269,1005.0
v0497,Trending Video 497,Entertainment,17683,2056,198.0
v0498,Trending Video 498,Comedy,560454,35156,3942.0
v0499,Trending Video 499,Tech/Science,150815,2742,352.0
v0500,Trending Video 500,News,60014,2969,173.0
v0501,Trending Video 501,Gaming,107314,5447,514.0
v0502,Trending Video 502,Comedy,12771,1305,188.0
v0503,Trending Video 503,Entertainment,13593,0,0.0
v0504,Trending Video 504,Music,97503,7490,1092.0
v0505,Trending Video 505,Gaming,53065,0,0.0
v0506,Trending Video 506,Tech/Science,23188,519,38.0
v0507,Trending Video 507,Entertainment,60145,3803,464.0
v0508,Trending Video 508,Entertainment,21932,1283,150.0
v0509,Trending Video 509,Gaming,270140,17268,1085.0
v0510,Trending Video 510,Music,16970,602,47.0
v0511,Trending Video 511,Music,6400,0,0.0
v0512,Trending Video 512,Gaming,23583,894,46.0
v0513,Trending Video 513,News,97362,2627,304.0
v0514,Trending Video 514,News,83708,3767,441.0
v0515,Trending Video 515,Gaming,1658,601,40.0
v0516,Trending Video 516,Gaming,200810,5139,734.0
v0517,Trending Video 517,Entertainment,320905,15659,1382.0
v0518,Trending Video 518,Entertainment,421678,26924,3081.0
v0519,Trending Video 519,Comedy,61999,2465,133.0
v0520,Trending Video 520,Gaming,150114,9562,733.0
v0521,Trending Video 521,Music,315020,14731,1225.0
v0522,Trending Video 522,Entertainment,119954,4289,544.0
v0523,Trending Video 523,News,788340,41939,4519.0
v0524,Trending Video 524,Gaming,88116,4934,555.0
v0525,Trending Video 525,Music,149735,7835,757.0
v0526,Trending Video 526,Music,20677,3031,357.0
v0527,Trending Video 527,Comedy,72851,3066,422.0
v0528,Trending Video 528,Entertainment,77027,5957,567.0
v0529,Trending Video 529,Comedy,3902,0,0.0
v0530,Trending Video 530,Gaming,32658,599,57.0
v0531,Trending Video 531,News,249676,9399,781.0
v0532,Trending Video 532,Entertainment,104515,2865,306.0
v0533,Trending Video 533,Tech/Science,208795,9835,1334.0
v0534,Trending Video 534,Music,34007,2102,148.0
v0535,Trending Video 535,Music,703640,41441,3500.0
v0536,Trending Video 536,Tech/Science,1116728,25236,1957.0
v0537,Trending Video 537,Entertainment,135442,5695,814.0
v0538,Trending Video 538,Music,58611,2863,349.0
v0539,Trending Video 539,Entertainment,35903,1103,85.0
v0540,Trending Video 540,Music,153536,10249,850.0
v0541,Trending Video 541,Music,235161,18110,1501.0
v0542,Trending Video 542,Music,35558,725,94.0
v0543,Trending Video 543,Comedy,152509,4439,242.0
v0544,Trending Video 544,Entertainment,33721,2281,255.0
v0545,Trending Video 545,Comedy,152657,10266,847.0
v0546,Trending Video 546,Entertainment,29684,657,37.0
v0547,Trending Video 547,Entertainment,158050,9823,1150.0
v0548,Trending Video 548,Tech/Science,75261,5803,538.0
v0549,Trending Video 549,Gaming,107445,5480,541.0
v0550,Trending Video 550,Entertainment,1226039,42168,6000.0
v0551,Trending Video 551,Gaming,4797,1336,130.0
v0552,Trending Video 552,Music,138480,2293,315.0
v0553,Trending Video 553,Comedy,55757,3767,324.0
v0554,Trending Video 554,Tech/Science,19589,1024,145.0
v0555,Trending Video 555,Comedy,281432,22161,1324.0
v0556,Trending Video 556,Entertainment,65592,4899,633.0
v0557,Trending Video 557,Tech/Science,118843,2585,273.0
v0558,Trending Video 558,Comedy,156648,5676,848.0
v0559,Trending Video 559,Tech/Science,31594,1448,194.0
v0560,Trending Video 560,Entertainment,665013,51001,4550.0
v0561,Trending Video 561,Gaming,323462,13775,1239.0
v0562,Trending Video 562,Entertainment,344574,17112,1164.0
v0563,Trending Video 563,Entertainment,255759,17397,1243.0
v0564,Trending Video 564,Tech/Science,150440,4595,291.0
v0565,Trending Video 565,Comedy,93231,4248,603.0
v0566,Trending Video 566,Music,23433,0,0.0
v0567,Trending Video 567,Entertainment,700763,30234,3387.0
v0568,Trending Video 568,Gaming,181862,9834,637.0
v0569,Trending Video 569,Tech/Science,139454,10233,1063.0
v0570,Trending Video 570,Entertainment,187258,8163,1057.0
v0571,Trending Video 571,Music,29288,1374,197.0
v0572,Trending Video 572,News,139126,6703,900.0
v0573,Trending Video 573,Music,433057,23911,2483.0
v0574,Trending Video 574,Comedy,314047,14629,897.0
v0575,Trending Video 575,Comedy,153095,10915,934.0
v0576,Trending Video 576,Music,155485,9763,946.0
v0577,Trending Video 577,Tech/Science,46506,135,14.0
v0578,Trending Video 578,Gaming,185266,12642,1185.0
v0579,Trending Video 579,Tech/Science,198837,14521,1329.0
v0580,Trending Video 580,Music,82691,7119,523.0
v0581,Trending Video 581,Entertainment,20775,0,0.0
v0582,Trending Video 582,Entertainment,62220,7191,647.0
v0583,Trending Video 583,Gaming,192217,10284,775.0
v0584,Trending Video 584,Music,1317379,84602,11143.0
v0585,Trending Video 585,Tech/Science,198206,9138,641.0
v0586,Trending Video 586,Entertainment,33068,3108,313.0
v0587,Trending Video 587,Comedy,314071,5909,822.0
v0588,Trending Video 588,Entertainment,312928,20116,1313.0
v0589,Trending Video 589,Entertainment,10292,244,33.0
v0590,Trending Video 590,Entertainment,79695,6387,340.0
v0591,Trending Video 591,Gaming,1062274,78732,9831.0
v0592,Trending Video 592,Entertainment,22492,2298,254.0
v0593,Trending Video 593,Music,1880164,136220,7036.0
v0594,Trending Video 594,News,22405,1065,107.0
v0595,Trending Video 595,Gaming,125466,4251,248.0
v0596,Trending Video 596,Entertainment,88284,2751,194.0
v0597,Trending Video 597,Tech/Science,15411,1073,73.0
v0598,Trending Video 598,News,184314,5434,734.0
v0599,Trending Video 599,Comedy,263139,9153,942.0
v0600,Trending Video 600,Entertainment,106445,4674,341.0
v0601,Trending Video 601,Gaming,7858,0,0.0
v0602,Trending Video 602,Entertainment,223520,5268,528.0
v0603,Trending Video 603,Tech/Science,100218,5540,351.0
v0604,Trending Video 604,Music,20317,0,0.0
v0605,Trending Video 605,Entertainment,110380,2887,381.0
v0606,Trending Video 606,Gaming,58675,2113,293.0
v0607,Trending Video 607,Music,32406,1330,114.0
v0608,Trending Video 608,Tech/Science,38004,2523,143.0
v0609,Trending Video 609,Entertainment,74022,4677,635.0
v0610,Trending Video 610,Entertainment,316647,21048,1198.0
v0611,Trending Video 611,Entertainment,276163,12017,895.0
v0612,Trending Video 612,News,1151876,83688,12531.0
v0613,Trending Video 613,Tech/Science,43754,409,47.0
v0614,Trending Video 614,Entertainment,17146,98,9.0
v0615,Trending Video 615,Gaming,80961,5337,751.0
v0616,Trending Video 616,Comedy,214013,8988,777.0
v0617,Trending Video 617,Music,356537,24920,1371.0
v0618,Trending Video 618,Comedy,73721,3859,562.0
v0619,Trending Video 619,Entertainment,94721,3653,306.0
v0620,Trending Video 620,Gaming,91105,2674,177.0
v0621,Trending Video 621,Music,12336,0,0.0
v0622,Trending Video 622,Entertainment,58858,2777,138.0
v0623,Trending Video 623,Entertainment,285492,14117,1878.0
v0624,Trending Video 624,News,213688,11966,970.0
v0625,Trending Video 625,Entertainment,539241,15083,892.0
v0626,Trending Video 626,Comedy,72716,4822,716.0
v0627,Trending Video 627,News,415819,29391,1946.0
v0628,Trending Video 628,Entertainment,45614,211,13.0
v0629,Trending Video 629,Tech/Science,96290,2951,240.0
v0630,Trending Video 630,Comedy,523993,23848,1640.0
v0631,Trending Video 631,Gaming,301241,23401,3224.0
v0632,Trending Video 632,Tech/Science,51560,0,0.0
v0633,Trending Video 633,Entertainment,78215,5549,284.0
v0634,Trending Video 634,Comedy,39258,540,75.0
v0635,Trending Video 635,Comedy,327868,20922,2414.0
v0636,Trending Video 636,Music,63219,1180,173.0
v0637,Trending Video 637,Entertainment,218619,11686,1696.0
v0638,Trending Video 638,Entertainment,3697187,249634,18471.0
v0639,Trending Video 639,News,499883,36741,5131.0
v0640,Trending Video 640,Entertainment,464121,31984,4333.0
v0641,Trending Video 641,Music,115434,2883,159.0
v0642,Trending Video 642,Music,108669,6122,
v0643,Trending Video 643,Tech/Science,126229,9584,1281.0
v0644,Trending Video 644,News,47735,4144,348.0
v0645,Trending Video 645,News,391294,21895,2122.0
v0646,Trending Video 646,Music,38794,670,36.0
v0647,Trending Video 647,Entertainment,11223,57,3.0
v0648,Trending Video 648,News,135631,5519,816.0
v0649,Trending Video 649,Entertainment,158984,12295,1000.0
v0650,Trending Video 650,Entertainment,544468,29190,3141.0
v0651,Trending Video 651,Entertainment,54635,2011,215.0
v0652,Trending Video 652,Music,347460,18560,2675.0
v0653,Trending Video 653,Entertainment,371196,12968,1562.0
v0654,Trending Video 654,Music,47939,3334,243.0
v0655,Trending Video 655,Entertainment,11374,541,66.0
v0656,Trending Video 656,Gaming,289306,12207,1353.0
v0657,Trending Video 657,News,140369,9513,
v0658,Trending Video 658,Music,22930,135,14.0
v0659,Trending Video 659,Entertainment,69198,1592,179.0
v0660,Trending Video 660,Music,164149,4521,562.0
v0661,Trending Video 661,Music,56777,2400,124.0
v0662,Trending Video 662,Tech/Science,24514,1972,275.0
v0663,Trending Video 663,Comedy,94206,3201,286.0
v0664,Trending Video 664,Music,145447,10642,1513.0
v0665,Trending Video 665,News,146092,3009,288.0
v0666,Trending Video 666,Music,153945,10113,577.0
v0667,Trending Video 667,Music,27393,1808,184.0
v0668,Trending Video 668,Entertainment,69762,892,67.0
v0669,Trending Video 669,Music,76993,5691,
v0670,Trending Video 670,Tech/Science,168319,12496,1371.0
v0671,Trending Video 671,Music,11066,1044,135.0
v0672,Trending Video 672,Music,25269,0,0.0
v0673,Trending Video 673,Entertainment,362607,17116,2540.0
v0674,Trending Video 674,News,71850,5711,374.0
v0675,Trending Video 675,Tech/Science,387881,17606,1024.0
v0676,Trending Video 676,Entertainment,96047,1665,89.0
v0677,Trending Video 677,Entertainment,23259,1415,139.0
v0678,Trending Video 678,Entertainment,113958,5914,788.0
v0679,Trending Video 679,Entertainment,17566,1483,160.0
v0680,Trending Video 680,Comedy,223855,10620,621.0
v0681,Trending Video 681,News,289384,13302,1986.0
v0682,Trending Video 682,Music,101184,7785,589.0
v0683,Trending Video 683,Gaming,48990,2492,277.0
v0684,Trending Video 684,Entertainment,9538,325,25.0
v0685,Trending Video 685,Entertainment,71710,5179,309.0
v0686,Trending Video 686,Music,242057,6636,848.0
v0687,Trending Video 687,Gaming,379679,27266,3730.0
v0688,Trending Video 688,Gaming,175679,8482,649.0
v0689,Trending Video 689,Entertainment,13128,1431,139.0
v0690,Trending Video 690,Entertainment,26652,1417,179.0
v0691,Trending Video 691,Entertainment,248781,15127,1315.0
v0692,Trending Video 692,Tech/Science,53959,2084,215.0
v0693,Trending Video 693,Entertainment,1247329,71149,4896.0
v0694,Trending Video 694,Music,343341,26847,3632.0
v0695,Trending Video 695,Entertainment,565287,25396,3576.0
v0696,Trending Video 696,Tech/Science,120425,1901,172.0
v0697,Trending Video 697,Music,618340,20475,1371.0
v0698,Trending Video 698,Tech/Science,17574,1026,129.0
v0699,Trending Video 699,Music,15747,0,0.0
v0700,Trending Video 700,Comedy,34374,1614,197.0
v0701,Trending Video 701,Tech/Science,170584,8963,822.0
v0702,Trending Video 702,Entertainment,87178,7466,1019.0
v0703,Trending Video 703,Tech/Science,122656,8030,1026.0
v0704,Trending Video 704,News,79431,1885,254.0
v0705,Trending Video 705,Entertainment,42980,1394,126.0
v0706,Trending Video 706,Gaming,38159,2510,250.0
v0707,Trending Video 707,Music,354401,21663,2871.0
v0708,Trending Video 708,Entertainment,19209,0,0.0
v0709,Trending Video 709,Gaming,268192,4348,393.0
v0710,Trending Video 710,Tech/Science,4195,317,38.0
v0711,Trending Video 711,Tech/Science,274281,7995,421.0
v0712,Trending Video 712,Entertainment,59779,2556,271.0
v0713,Trending Video 713,Entertainment,61216,1492,167.0
v0714,Trending Video 714,News,208522,10783,893.0
v0715,Trending Video 715,Tech/Science,217355,16122,1362.0
v0716,Trending Video 716,Comedy,20363,1014,79.0
v0717,Trending Video 717,Entertainment,126578,3041,336.0
v0718,Trending Video 718,Entertainment,122334,10086,1186.0
v0719,Trending Video 719,Tech/Science,1953932,66009,7234.0
v0720,Trending Video 720,Entertainment,31999,2239,228.0
v0721,Trending Video 721,Tech/Science,260702,12352,1149.0
v0722,Trending Video 722,Entertainment,72485,3935,453.0
v0723,Trending Video 723,Entertainment,43928,2453,367.0
v0724,Trending Video 724,Entertainment,31973,1768,219.0
v0725,Trending Video 725,Entertainment,148405,6981,433.0
v0726,Trending Video 726,Entertainment,219138,10490,610.0
v0727,Trending Video 727,Tech/Science,52156,2936,216.0
v0728,Trending Video 728,Tech/Science,91879,3648,418.0
v0729,Trending Video 729,Music,155593,10201,1016.0
v0730,Trending Video 730,Entertainment,200453,16541,1271.0
v0731,Trending Video 731,Entertainment,100598,3218,209.0
v0732,Trending Video 732,Gaming,12163,0,0.0
v0733,Trending Video 733,Music,102073,1934,190.0
v0734,Trending Video 734,Music,58877,362,28.0
v0735,Trending Video 735,Entertainment,27316,1076,71.0
v0736,Trending Video 736,Gaming,59506,1440,147.0
v0737,Trending Video 737,News,90189,4484,375.0
v0738,Trending Video 738,Music,22216,753,111.0
v0739,Trending Video 739,Music,18018,1005,108.0
v0740,Trending Video 740,Gaming,172064,10172,1448.0
v0741,Trending Video 741,Entertainment,1108853,28468,3373.0
v0742,Trending Video 742,News,106759,7437,574.0
v0743,Trending Video 743,Entertainment,326442,9125,844.0
v0744,Trending Video 744,Entertainment,177440,4904,617.0
v0745,Trending Video 745,Entertainment,216226,4487,323.0
v0746,Trending Video 746,Entertainment,51676,2895,336.0
v0747,Trending Video 747,Music,112237,4396,288.0
v0748,Trending Video 748,Entertainment,23125,2361,297.0
v0749,Trending Video 749,Entertainment,120363,9337,612.0
v0750,Trending Video 750,Entertainment,130027,3949,452.0
v0751,Trending Video 751,Tech/Science,42953,2817,158.0
v0752,Trending Video 752,Music,34058,2768,353.0
v0753,Trending Video 753,Entertainment,355708,14658,1287.0
v0754,Trending Video 754,Entertainment,149358,10821,1471.0
v0755,Trending Video 755,Gaming,44166,2397,170.0
v0756,Trending Video 756,Gaming,116201,8001,505.0
v0757,Trending Video 757,Comedy,85866,5871,498.0
v0758,Trending Video 758,Tech/Science,154089,4533,620.0
v0759,Trending Video 759,Gaming,124582,9668,1145.0
v0760,Trending Video 760,Music,130975,6738,1007.0
v0761,Trending Video 761,Entertainment,214230,7276,556.0
v0762,Trending Video 762,Gaming,54124,4937,416.0
v0763,Trending Video 763,Entertainment,92546,4896,366.0
v0764,Trending Video 764,Comedy,90010,5192,367.0
v0765,Trending Video 765,News,704971,18254,2504.0
v0766,Trending Video 766,News,47515,2297,118.0
v0767,Trending Video 767,Entertainment,83680,6180,576.0
v0768,Trending Video 768,Entertainment,120067,7562,815.0
v0769,Trending Video 769,Entertainment,104226,4677,509.0
v0770,Trending Video 770,Entertainment,86217,3032,324.0
v0771,Trending Video 771,Entertainment,142293,5193,389.0
v0772,Trending Video 772,Tech/Science,134395,7453,473.0
v0773,Trending Video 773,Entertainment,300092,9107,994.0
v0774,Trending Video 774,Comedy,59768,1321,151.0
v0775,Trending Video 775,Gaming,48604,3107,269.0
v0776,Trending Video 776,Tech/Science,146804,3597,289.0
v0777,Trending Video 777,Comedy,748545,38908,5587.0
v0778,Trending Video 778,Tech/Science,21881,1283,127.0
v0779,Trending Video 779,Comedy,172614,7486,1006.0
v0780,Trending Video 780,Gaming,70724,5249,321.0
v0781,Trending Video 781,Comedy,15960,0,0.0
v0782,Trending Video 782,Entertainment,1013143,52388,7702.0
v0783,Trending Video 783,Music,161082,3368,401.0
v0784,Trending Video 784,Entertainment,81706,1227,146.0
v0785,Trending Video 785,Entertainment,31728,2561,129.0
v0786,Trending Video 786,Music,68484,4680,364.0
v0787,Trending Video 787,News,76124,3231,433.0
v0788,Trending Video 788,Entertainment,95017,4120,286.0
v0789,Trending Video 789,Tech/Science,559173,22449,2101.0
v0790,Trending Video 790,Gaming,29418,1187,136.0
v0791,Trending Video 791,Tech/Science,35765,2699,294.0
v0792,Trending Video 792,Gaming,46483,1594,181.0
v0793,Trending Video 793,News,9095,930,60.0
v0794,Trending Video 794,Music,356668,25147,3143.0
v0795,Trending Video 795,Entertainment,10261,74,5.0
v0796,Trending Video 796,Tech/Science,46045,2797,208.0
v0797,Trending Video 797,Entertainment,153492,7011,838.0
v0798,Trending Video 798,Entertainment,346684,12059,1221.0
v0799,Trending Video 799,Entertainment,197139,10516,1372.0
v0800,Trending Video 800,Entertainment,372544,8610,869.0
v0801,Trending Video 801,Entertainment,306714,19071,1853.0
v0802,Trending Video 802,Gaming,17727,0,0.0
v0803,Trending Video 803,Entertainment,1295175,40242,5501.0
v0804,Trending Video 804,Gaming,274617,6039,462.0
v0805,Trending Video 805,Comedy,24276,0,0.0
v0806,Trending Video 806,Tech/Science,49072,2281,204.0
v0807,Trending Video 807,Gaming,217076,7890,461.0
v0808,Trending Video 808,Music,297129,18195,1011.0
v0809,Trending Video 809,Tech/Science,58244,646,83.0
v0810,Trending Video 810,Comedy,110406,7411,821.0
v0811,Trending Video 811,News,606372,33630,2398.0
v0812,Trending Video 812,Music,66168,2855,348.0
v0813,Trending Video 813,Entertainment,70177,3756,450.0
v0814,Trending Video 814,Comedy,18095,1833,134.0
v0815,Trending Video 815,News,109671,1895,163.0
v0816,Trending Video 816,Comedy,23562,0,0.0
v0817,Trending Video 817,Entertainment,49518,2643,229.0
v0818,Trending Video 818,Entertainment,72975,3626,331.0
v0819,Trending Video 819,Entertainment,91138,4344,312.0
v0820,Trending Video 820,Comedy,30314,4414,438.0
v0821,Trending Video 821,Music,130094,3435,298.0
v0822,Trending Video 822,Comedy,73604,3896,533.0
v0823,Trending Video 823,Tech/Science,25501,2260,230.0
v0824,Trending Video 824,Gaming,140767,9849,1043.0
v0825,Trending Video 825,Entertainment,59992,4804,451.0
v0826,Trending Video 826,Music,138912,3747,221.0
v0827,Trending Video 827,Tech/Science,1400953,70776,7331.0
v0828,Trending Video 828,Entertainment,22157,1909,112.0
v0829,Trending Video 829,Music,204245,5175,723.0
v0830,Trending Video 830,Entertainment,42212,3117,252.0
v0831,Trending Video 831,Tech/Science,492885,33356,1948.0
v0832,Trending Video 832,Tech/Science,51776,2766,300.0
v0833,Trending Video 833,Gaming,893561,33340,2931.0
v0834,Trending Video 834,Music,707871,22228,2270.0
v0835,Trending Video 835,Tech/Science,39143,1720,226.0
v0836,Trending Video 836,Comedy,53499,1121,113.0
v0837,Trending Video 837,Comedy,112636,355,53.0
v0838,Trending Video 838,Music,37093,3466,218.0
v0839,Trending Video 839,Music,172038,11519,1121.0
v0840,Trending Video 840,Entertainment,418095,12766,1002.0
v0841,Trending Video 841,Entertainment,197587,6209,578.0
v0842,Trending Video 842,Tech/Science,23047,1498,139.0
v0843,Trending Video 843,Entertainment,257384,6897,792.0
v0844,Trending Video 844,Comedy,69340,4286,302.0
v0845,Trending Video 845,News,227123,8546,428.0
v0846,Trending Video 846,Gaming,192043,9864,828.0
v0847,Trending Video 847,Entertainment,128506,6046,453.0
v0848,Trending Video 848,Music,785750,33821,2669.0
v0849,Trending Video 849,Comedy,36712,2686,237.0
v0850,Trending Video 850,Entertainment,62640,1445,131.0
v0851,Trending Video 851,Entertainment,335725,8396,711.0
v0852,Trending Video 852,Comedy,102189,5868,622.0
v0853,Trending Video 853,Gaming,135665,4366,614.0
v0854,Trending Video 854,Entertainment,9300,2388,179.0
v0855,Trending Video 855,Tech/Science,82336,3085,400.0
v0856,Trending Video 856,Gaming,136319,8692,700.0
v0857,Trending Video 857,Entertainment,236665,6147,640.0
v0858,Trending Video 858,News,2860940,179369,16998.0
v0859,Trending Video 859,Comedy,51140,4681,674.0
v0860,Trending Video 860,Comedy,378326,26513,2026.0
v0861,Trending Video 861,Entertainment,934264,71907,5879.0
v0862,Trending Video 862,Gaming,488957,15807,831.0
v0863,Trending Video 863,Comedy,118155,7008,867.0
v0864,Trending Video 864,Music,212426,9231,580.0
v0865,Trending Video 865,Comedy,492538,39606,3470.0
v0866,Trending Video 866,Entertainment,6945,96,14.0
v0867,Trending Video 867,Gaming,113665,5495,553.0
v0868,Trending Video 868,Gaming,7501,1732,256.0
v0869,Trending Video 869,Entertainment,13962,2300,276.0
v0870,Trending Video 870,Entertainment,1070849,82818,4912.0
v0871,Trending Video 871,Music,55800,3915,327.0
v0872,Trending Video 872,Gaming,73219,0,0.0
v0873,Trending Video 873,Music,82742,4603,536.0
v0874,Trending Video 874,Tech/Science,73276,2401,191.0
v0875,Trending Video 875,Entertainment,304195,10279,1412.0
v0876,Trending Video 876,Music,34450,3299,171.0
v0877,Trending Video 877,Gaming,189190,5789,736.0
v0878,Trending Video 878,Tech/Science,31577,2041,148.0
v0879,Trending Video 879,Comedy,51369,4242,243.0
v0880,Trending Video 880,Music,127184,7018,452.0
v0881,Trending Video 881,Entertainment,68722,5147,266.0
v0882,Trending Video 882,Music,119335,3419,302.0
v0883,Trending Video 883,Entertainment,186115,8906,953.0
v0884,Trending Video 884,Music,24166,1899,167.0
v0885,Trending Video 885,Comedy,248934,7344,927.0
v0886,Trending Video 886,Music,10576,1243,125.0
v0887,Trending Video 887,Music,7902,228,21.0
v0888,Trending Video 888,Entertainment,651102,39387,2058.0
v0889,Trending Video 889,Gaming,500777,26012,2819.0
v0890,Trending Video 890,Entertainment,955104,73661,8832.0
v0891,Trending Video 891,Music,39114,1201,168.0
v0892,Trending Video 892,Entertainment,416946,20657,1635.0
v0893,Trending Video 893,Gaming,76862,4271,438.0
v0894,Trending Video 894,Entertainment,111875,2987,203.0
v0895,Trending Video 895,Comedy,41723,614,57.0
v0896,Trending Video 896,News,8225,2076,287.0
v0897,Trending Video 897,Entertainment,9870,914,51.0
v0898,Trending Video 898,Entertainment,21820,3382,208.0
v0899,Trending Video 899,Music,25864,887,111.0
v0900,Trending Video 900,Music,23573,2526,311.0
v0901,Trending Video 901,Comedy,61897,1072,140.0
v0902,Trending Video 902,Comedy,306793,11030,1539.0
v0903,Trending Video 903,Gaming,538576,17643,1459.0
v0904,Trending Video 904,Entertainment,869499,46218,6670.0
v0905,Trending Video 905,Entertainment,27200,3200,210.0
v0906,Trending Video 906,Entertainment,114510,4449,629.0
v0907,Trending Video 907,Music,19501,3170,237.0
v0908,Trending Video 908,News,89378,5393,790.0
v0909,Trending Video 909,Music,136896,7353,643.0
v0910,Trending Video 910,Entertainment,322170,14139,707.0
v0911,Trending Video 911,Gaming,564321,28162,2051.0
v0912,Trending Video 912,Entertainment,16332,808,84.0
v0913,Trending Video 913,Music,6073,0,0.0
v0914,Trending Video 914,Entertainment,141854,8195,410.0
v0915,Trending Video 915,Entertainment,21671,1932,273.0
v0916,Trending Video 916,Music,42213,2686,396.0
v0917,Trending Video 917,Comedy,20592,2280,311.0
v0918,Trending Video 918,Music,23858,3419,283.0
v0919,Trending Video 919,Music,114848,5538,575.0
v0920,Trending Video 920,Entertainment,73005,3360,217.0
v0921,Trending Video 921,Entertainment,375747,22344,2161.0
v0922,Trending Video 922,Entertainment,64167,4460,604.0
v0923,Trending Video 923,Music,129047,4781,421.0
v0924,Trending Video 924,Music,74862,2773,355.0
v0925,Trending Video 925,Entertainment,76640,1842,209.0
v0926,Trending Video 926,Entertainment,1052353,78409,10012.0
v0927,Trending Video 927,Tech/Science,54402,1677,162.0
v0928,Trending Video 928,Entertainment,14608,580,77.0
v0929,Trending Video 929,Music,150132,7389,670.0
v0930,Trending Video 930,Gaming,127062,5384,289.0
v0931,Trending Video 931,Comedy,56272,4599,557.0
v0932,Trending Video 932,Comedy,403035,30730,2456.0
v0933,Trending Video 933,Gaming,231744,15289,2005.0
v0934,Trending Video 934,Entertainment,43602,655,57.0
v0935,Trending Video 935,Music,13755,816,85.0
v0936,Trending Video 936,Music,544688,17615,1534.0
v0937,Trending Video 937,Music,31832,1115,61.0
v0938,Trending Video 938,Entertainment,33364,1824,172.0
v0939,Trending Video 939,Music,488790,28703,
v0940,Trending Video 940,Gaming,15442,0,0.0
v0941,Trending Video 941,Entertainment,156534,10246,611.0
v0942,Trending Video 942,Entertainment,117469,4118,385.0
v0943,Trending Video 943,Entertainment,116917,4080,411.0
v0944,Trending Video 944,Gaming,121386,7819,520.0
v0945,Trending Video 945,Entertainment,141450,7184,846.0
v0946,Trending Video 946,Comedy,98801,4862,341.0
v0947,Trending Video 947,Music,22680,0,0.0
v0948,Trending Video 948,Entertainment,20234,170,10.0
v0949,Trending Video 949,Entertainment,449978,11554,1609.0
v0950,Trending Video 950,Music,14219,0,0.0
v0951,Trending Video 951,Music,56924,3213,330.0
v0952,Trending Video 952,Entertainment,578254,14614,1879.0
v0953,Trending Video 953,Entertainment,391145,32147,3003.0
v0954,Trending Video 954,Entertainment,280401,14514,1906.0
v0955,Trending Video 955,Gaming,151472,6055,651.0
v0956,Trending Video 956,Music,60345,833,67.0
v0957,Trending Video 957,Music,24737,2218,311.0
v0958,Trending Video 958,Entertainment,1329556,104903,6952.0
v0959,Trending Video 959,Entertainment,79779,3636,524.0
v0960,Trending Video 960,Music,53354,3021,286.0
v0961,Trending Video 961,News,505476,38682,4262.0
v0962,Trending Video 962,Entertainment,27195,1346,162.0
v0963,Trending Video 963,Tech/Science,63008,4222,287.0
v0964,Trending Video 964,Music,9610,0,0.0
v0965,Trending Video 965,Tech/Science,57617,1821,124.0
v0966,Trending Video 966,News,27944,2266,184.0
v0967,Trending Video 967,Entertainment,201291,9242,625.0
v0968,Trending Video 968,Tech/Science,168877,12968,1290.0
v0969,Trending Video 969,Music,132784,6439,594.0
v0970,Trending Video 970,Entertainment,131388,7447,910.0
v0971,Trending Video 971,Gaming,44556,1721,152.0
v0972,Trending Video 972,Entertainment,60087,534,77.0
v0973,Trending Video 973,Music,113109,9113,1053.0
v0974,Trending Video 974,News,330879,17982,2513.0
v0975,Trending Video 975,Tech/Science,128554,4669,481.0
v0976,Trending Video 976,Entertainment,104685,8338,452.0
v0977,Trending Video 977,Tech/Science,126023,6831,672.0
v0978,Trending Video 978,Entertainment,217323,9049,1210.0
v0979,Trending Video 979,Comedy,87079,4436,231.0
v0980,Trending Video 980,Gaming,17937,926,67.0
v0981,Trending Video 981,Entertainment,128106,2250,168.0
v0982,Trending Video 982,Entertainment,55972,4348,509.0
v0983,Trending Video 983,Entertainment,97709,5647,367.0
v0984,Trending Video 984,Entertainment,188750,12124,1028.0
v0985,Trending Video 985,Entertainment,679593,20577,1186.0
v0986,Trending Video 986,Comedy,460247,12502,1688.0
v0987,Trending Video 987,Gaming,6121,726,45.0
v0988,Trending Video 988,Entertainment,63476,4441,552.0
v0989,Trending Video 989,Entertainment,17752,1387,75.0
v0990,Trending Video 990,Music,579180,31179,2481.0
v0991,Trending Video 991,News,220206,9649,1389.0
v0992,Trending Video 992,Entertainment,31428,1761,142.0
v0993,Trending Video 993,Music,80761,1315,190.0
v0994,Trending Video 994,Entertainment,54306,1454,136.0
v0995,Trending Video 995,Music,205100,7784,753.0
v0996,Trending Video 996,Entertainment,72907,1226,63.0
v0997,Trending Video 997,Entertainment,156010,5555,566.0
v0998,Trending Video 998,Gaming,180084,11117,1207.0
v0999,Trending Video 999,Music,50760,2195,308.0
v1000,Trending Video 1000,Music,50464,1658,205.0
