ArticleID,SensationalismScore,AdDensity_Percent,ReaderDwellTimeSeconds,ShareCount,IsClickbait
1640001,5.1,48.2,1.0,63.3,99.9
1640002,5.7,69.0,8.6,116.2,88.5
1640003,8.4,41.4,11.3,161.9,86.6
1640004,6.4,44.1,7.5,104.2,78.0
1640005,10.0,52.2,47.2,101.7,84.2
1640006,7.0,8.2,1.1,81.0,99.9
1640007,5.4,52.8,9.9,117.9,103.9
1640008,7.5,55.5,15.9,122.3,117.4
1640009,4.8,34.5,27.5,115.1,111.4
1640010,8.5,56.6,59.8,86.4,75.2
1640011,7.1,52.9,16.4,161.3,103.4
1640012,8.1,49.9,,93.5,72.6
1640013,7.7,35.8,1.2,62.2,137.4
1640014,8.2,57.0,23.9,93.4,85.5
1640015,8.5,36.0,16.0,91.4,57.1
1640016,5.0,42.8,16.8,97.2,100.2
1640017,9.0,45.3,31.7,150.8,74.6
1640018,8.2,53.3,20.9,54.9,112.6
1640019,7.4,73.3,16.3,108.4,60.9
1640020,7.8,36.6,18.8,102.9,126.0
1640021,6.8,58.5,3.8,96.7,110.2
1640022,8.8,30.5,31.8,94.2,161.5
1640023,8.1,29.7,23.2,84.1,136.1
1640024,5.7,49.2,14.2,91.8,131.6
1640025,6.7,32.2,12.7,79.8,110.9
1640026,6.8,31.7,8.2,124.7,59.7
1640027,7.7,64.9,1.1,80.0,113.1
1640028,8.7,52.2,1.0,161.9,95.7
1640029,7.8,26.1,12.5,109.2,93.9
1640030,5.4,53.3,5.1,130.0,106.6
1640031,5.2,30.4,16.4,66.1,91.9
1640032,8.1,49.9,6.7,143.6,86.0
1640033,6.3,68.6,6.6,72.1,96.3
1640034,6.5,27.5,10.3,101.4,91.4
1640035,7.6,41.1,3.5,74.8,163.0
1640036,8.0,26.1,1.3,96.3,69.5
1640037,6.1,68.5,3.1,76.8,147.5
1640038,7.3,29.6,1.0,103.1,96.5
1640039,6.9,42.9,21.8,112.9,102.2
1640040,5.8,53.6,35.9,119.7,67.1
1640041,6.9,38.8,14.4,94.6,73.8
1640042,9.4,40.2,15.2,104.6,114.8
1640043,8.6,45.7,5.7,120.5,116.3
1640044,4.4,41.5,26.5,126.8,137.0
1640045,5.9,56.3,10.0,116.0,88.4
1640046,7.8,37.1,19.9,67.6,81.2
1640047,10.0,21.1,14.3,93.5,93.1
1640048,7.7,55.4,1.0,97.8,100.6
1640049,8.8,45.2,22.2,109.6,27.5
1640050,7.2,69.6,8.3,151.0,126.5
1640051,7.5,5.8,2.9,122.3,63.0
1640052,6.9,50.7,24.3,138.1,136.0
1640053,8.7,58.0,2.5,87.8,57.4
1640054,5.3,31.6,2.7,75.0,126.4
1640055,4.6,25.7,30.4,114.6,83.6
1640056,6.9,53.9,19.8,91.5,108.1
1640057,7.5,11.6,18.5,140.5,45.0
1640058,8.9,46.7,1.2,88.6,112.3
1640059,5.6,47.3,24.5,79.7,103.7
1640060,5.0,49.4,21.5,88.3,129.7
1640061,8.1,24.8,1.0,67.6,84.4
1640062,6.8,79.7,11.6,84.0,100.4
1640063,6.5,32.6,1.0,104.4,53.2
1640064,8.2,48.0,22.3,76.5,124.7
1640065,6.6,48.2,9.4,118.3,76.1
1640066,5.2,42.2,6.4,122.7,81.7
1640067,9.0,31.0,89.1,106.3,77.7
1640068,8.0,37.9,6.7,51.3,85.8
1640069,7.3,47.2,26.7,56.4,123.3
1640070,5.0,37.3,7.1,100.5,76.3
1640071,5.6,57.8,19.7,107.5,59.8
1640072,3.5,42.8,1.2,96.6,128.3
1640073,7.0,47.6,9.8,117.8,77.1
1640074,6.2,27.2,32.6,80.5,62.6
1640075,7.1,45.6,12.4,81.9,117.2
1640076,9.2,42.3,42.9,64.9,107.8
1640077,8.4,23.1,6.6,119.4,118.6
1640078,6.2,39.9,35.6,125.4,114.1
1640079,6.3,82.7,4.5,101.0,121.1
1640080,9.2,38.7,14.6,102.3,129.1
1640081,6.1,23.1,3.2,78.8,142.9
1640082,8.5,41.0,2.3,118.3,148.5
1640083,3.8,45.0,19.0,82.6,107.8
1640084,7.8,26.2,8.1,114.0,76.3
1640085,8.4,44.2,2.1,118.7,116.5
1640086,6.8,61.6,12.0,131.4,133.4
1640087,9.4,46.5,1.0,103.6,130.5
1640088,9.7,50.2,6.2,109.9,136.4
1640089,5.9,33.0,1.5,74.3,126.1
1640090,7.6,37.0,6.3,101.2,125.0
1640091,7.8,76.2,3.0,96.6,116.4
1640092,7.3,50.8,23.5,84.1,97.1
1640093,5.6,56.4,2.9,115.4,122.2
1640094,9.8,48.3,6.5,106.1,111.6
1640095,6.9,32.2,25.3,102.5,94.4
1640096,9.3,39.0,14.9,93.8,130.9
1640097,7.6,49.0,25.2,90.2,95.8
1640098,6.4,57.3,29.6,127.7,109.8
1640099,9.8,31.5,39.2,92.2,105.6
1640100,7.2,52.9,25.1,68.6,135.7
1640101,9.6,17.6,9.6,106.8,102.4
1640102,7.3,26.8,1.7,96.0,93.3
1640103,9.7,48.4,6.8,111.7,133.7
1640104,8.3,50.8,56.9,101.8,42.9
1640105,8.3,60.5,12.5,88.0,124.6
1640106,4.8,48.3,17.1,77.9,129.0
1640107,7.1,39.0,1.7,56.4,28.3
1640108,8.2,55.2,2.0,130.9,121.8
1640109,7.2,37.0,1.2,92.3,80.5
1640110,9.2,46.5,1.3,108.8,78.2
1640111,7.5,40.2,42.5,140.3,101.6
1640112,7.9,26.4,43.0,83.9,79.5
1640113,7.5,28.8,4.6,126.1,97.2
1640114,6.7,46.7,28.5,97.7,104.4
1640115,9.4,44.3,5.8,82.9,126.6
1640116,7.2,55.2,7.2,130.0,54.7
1640117,6.5,32.6,7.0,85.4,145.6
1640118,8.4,42.3,34.1,65.5,126.4
1640119,8.0,74.1,14.7,46.6,54.3
1640120,8.8,46.4,14.2,115.9,91.4
1640121,7.2,40.9,22.6,114.7,69.0
1640122,9.1,43.4,4.3,90.2,70.4
1640123,8.8,54.3,25.1,70.0,107.0
1640124,8.7,54.0,30.6,112.8,36.8
1640125,5.6,46.5,7.3,88.8,107.8
1640126,7.3,48.4,1.4,131.7,91.6
1640127,9.6,52.8,1.8,123.2,120.0
1640128,4.5,24.0,1.0,99.7,94.6
1640129,7.2,45.2,3.0,88.2,100.0
1640130,9.7,60.9,2.4,120.3,87.9
1640131,6.6,33.3,36.7,147.2,98.8
1640132,7.8,29.4,2.0,131.9,76.5
1640133,10.0,61.3,11.4,104.1,106.1
1640134,7.3,35.0,31.9,105.9,45.8
1640135,5.9,50.2,3.2,132.1,57.5
1640136,7.5,36.3,3.0,82.7,115.6
1640137,9.3,26.2,23.2,55.7,112.3
1640138,8.3,73.8,6.4,111.3,83.8
1640139,6.8,23.6,28.0,137.9,137.2
1640140,9.3,37.7,,86.8,164.3
1640141,6.2,39.5,17.2,122.7,77.5
1640142,8.8,52.3,31.9,110.2,80.9
1640143,7.7,30.3,18.7,105.1,74.4
1640144,8.0,39.8,10.1,121.1,95.6
1640145,5.7,37.2,1.2,116.3,80.6
1640146,7.8,55.9,1.8,62.7,107.1
1640147,10.0,59.0,2.1,106.2,112.0
1640148,6.5,33.4,49.6,134.2,126.1
1640149,6.3,43.7,43.2,143.9,116.8
1640150,5.9,20.5,6.5,93.4,88.3
1640151,7.2,28.5,10.2,70.4,149.3
1640152,9.1,20.5,,58.6,48.6
1640153,7.3,48.5,14.5,127.0,100.9
1640154,7.7,19.2,57.0,67.5,95.6
1640155,8.4,18.9,17.5,97.4,101.0
1640156,7.5,51.2,15.3,145.1,74.6
1640157,6.4,58.9,5.7,108.3,87.4
1640158,7.5,31.9,8.6,89.9,95.9
1640159,7.8,25.8,32.7,75.8,87.2
1640160,5.0,26.0,44.4,109.5,90.3
1640161,4.2,32.5,45.3,60.2,85.4
1640162,6.3,45.2,9.6,87.1,146.5
1640163,7.3,54.8,1.3,69.7,133.8
1640164,6.6,38.3,1.0,113.4,102.0
1640165,7.5,66.2,1.0,127.2,77.1
1640166,7.9,22.1,1.0,67.6,115.6
1640167,4.2,51.2,1.0,103.5,109.1
1640168,6.9,51.4,10.6,100.2,124.5
1640169,7.3,49.9,1.1,68.0,88.0
1640170,6.0,28.3,26.3,113.1,108.2
1640171,5.2,42.7,1.0,103.9,100.0
1640172,9.4,38.5,7.7,76.3,79.0
1640173,7.6,63.9,16.6,112.7,60.8
1640174,4.6,60.3,18.4,102.3,114.1
1640175,7.3,46.2,3.5,87.4,96.2
1640176,7.2,26.1,22.0,100.0,138.4
1640177,7.1,40.1,29.5,127.5,52.0
1640178,8.1,43.3,6.6,112.5,116.5
1640179,6.4,33.1,2.4,85.3,87.2
1640180,6.4,64.2,1.2,115.0,93.2
1640181,6.5,47.4,8.6,102.4,55.4
1640182,8.7,64.4,3.0,79.3,86.8
1640183,10.0,18.4,1.0,50.1,35.8
1640184,8.2,38.8,13.7,91.2,125.3
1640185,6.0,75.2,1.5,156.0,126.5
1640186,6.3,48.7,13.8,159.0,97.6
1640187,8.5,32.3,13.3,103.0,84.4
1640188,8.6,67.5,3.9,91.1,66.4
1640189,5.7,46.5,7.0,134.2,106.0
1640190,6.3,24.9,30.3,104.8,98.7
1640191,5.2,61.7,2.2,98.7,139.4
1640192,6.9,36.3,8.4,100.1,113.5
1640193,9.9,42.1,17.9,85.9,107.4
1640194,5.1,46.4,8.0,93.1,114.1
1640195,5.4,58.9,21.6,127.1,103.8
1640196,4.9,46.2,39.7,173.0,95.0
1640197,4.1,53.0,,67.6,164.8
1640198,6.9,72.6,6.1,117.0,155.9
1640199,8.5,49.5,2.5,102.0,128.8
1640200,8.9,51.0,5.0,48.7,75.7
1640201,6.3,40.1,3.7,80.1,100.1
1640202,7.5,29.5,4.2,106.3,75.2
1640203,6.6,35.7,16.3,103.2,89.6
1640204,4.9,50.5,132.0,80.7,107.9
1640205,6.4,42.5,16.4,69.4,107.9
1640206,9.2,74.0,2.3,98.4,61.2
1640207,7.4,30.2,,131.2,91.6
1640208,7.5,60.6,34.9,61.7,89.9
1640209,7.1,33.8,7.8,113.9,45.7
1640210,9.0,46.9,5.6,110.2,125.6
1640211,9.2,51.0,8.8,98.2,96.8
1640212,3.5,51.9,1.0,100.0,98.6
1640213,6.3,70.2,7.4,140.2,85.9
1640214,8.7,14.6,10.8,130.1,98.0
1640215,5.3,60.0,10.2,145.2,111.4
1640216,6.8,77.2,15.3,90.0,109.4
1640217,9.0,32.8,5.3,88.9,64.7
1640218,7.7,39.3,14.6,58.7,103.8
1640219,6.4,68.2,46.9,120.2,84.7
1640220,8.3,55.2,1.0,78.7,96.7
1640221,6.0,13.4,12.4,110.0,157.3
1640222,8.5,22.2,6.5,80.0,109.4
1640223,7.0,67.9,36.2,150.1,147.1
1640224,7.1,34.7,39.0,78.6,68.2
1640225,7.0,55.6,11.7,104.6,119.7
1640226,7.2,30.1,1.0,128.1,97.9
1640227,8.1,51.8,4.1,88.7,116.1
1640228,4.5,39.3,1.8,128.8,121.1
1640229,9.0,76.9,4.3,86.0,133.4
1640230,8.0,60.9,15.5,120.0,118.1
1640231,8.3,41.0,10.0,85.6,100.9
1640232,8.1,66.4,5.5,131.8,11.8
1640233,7.3,64.3,40.1,65.7,138.8
1640234,5.2,70.1,6.7,104.9,93.3
1640235,5.2,49.6,2.0,117.4,55.8
1640236,3.5,44.2,4.6,101.8,80.9
1640237,6.8,18.0,2.8,112.9,93.9
1640238,8.1,39.1,11.9,92.5,87.3
1640239,8.4,33.2,31.4,77.0,130.2
1640240,5.2,50.6,1.6,105.9,76.0
1640241,6.8,30.3,12.1,105.7,95.3
1640242,5.4,23.4,14.2,96.9,85.9
1640243,7.9,26.6,6.3,100.8,129.5
1640244,10.0,54.3,8.8,103.5,136.2
1640245,4.3,20.1,1.9,102.8,87.7
1640246,7.6,26.8,44.3,109.9,115.0
1640247,7.9,30.8,3.3,113.6,69.9
1640248,7.0,43.7,2.4,96.1,87.3
1640249,8.5,61.5,8.2,102.1,60.7
1640250,9.2,4.8,11.7,132.9,121.8
1640251,5.5,47.3,25.5,85.1,144.1
1640252,5.0,55.0,5.1,172.7,98.1
1640253,10.0,43.9,1.5,93.9,81.9
1640254,6.5,40.8,18.4,94.9,99.8
1640255,9.0,48.5,4.9,45.0,45.8
1640256,8.3,35.2,57.1,114.9,100.9
1640257,8.9,25.6,40.0,93.4,94.5
1640258,8.8,28.0,28.3,87.5,127.4
1640259,7.2,51.0,21.4,127.9,105.3
1640260,6.8,52.9,5.9,49.7,96.1
1640261,8.4,56.4,5.3,89.4,119.2
1640262,5.3,51.1,3.4,53.4,151.8
1640263,7.1,41.4,32.5,77.4,177.8
1640264,7.4,51.0,7.9,105.2,87.4
1640265,9.7,31.4,2.5,94.6,103.7
1640266,9.5,26.9,32.9,118.8,74.6
1640267,3.6,72.9,14.2,99.8,81.8
1640268,8.7,44.2,13.3,138.6,118.6
1640269,6.0,27.1,12.8,86.4,81.9
1640270,8.3,81.1,9.1,100.8,77.7
1640271,7.6,51.6,79.8,91.1,106.9
1640272,7.7,26.0,15.9,135.1,107.9
1640273,5.4,58.0,10.3,80.3,60.4
1640274,9.6,60.9,11.7,114.8,74.2
1640275,7.2,50.0,1.0,68.4,86.1
1640276,8.2,59.9,1.4,50.5,54.3
1640277,8.6,32.2,13.4,106.3,121.1
1640278,8.1,3.8,1.0,76.0,112.8
1640279,7.5,42.3,3.3,89.7,109.5
1640280,7.9,48.6,4.4,95.0,128.1
1640281,7.4,32.0,104.1,115.1,96.3
1640282,5.3,39.7,1.3,65.3,77.4
1640283,4.7,28.4,2.9,75.2,87.0
1640284,7.7,62.1,1.2,114.6,89.5
1640285,7.6,57.8,23.8,119.3,109.7
1640286,6.3,35.8,27.0,92.9,82.5
1640287,5.1,41.0,6.9,102.0,72.7
1640288,8.4,26.5,1.0,89.6,117.5
1640289,5.7,20.2,32.9,89.0,135.4
1640290,7.2,38.4,2.2,66.8,114.2
1640291,8.2,32.5,36.1,79.2,95.1
1640292,7.8,49.9,11.3,94.3,73.6
1640293,7.7,45.3,40.3,111.3,101.2
1640294,6.5,50.2,3.7,80.9,105.6
1640295,5.4,55.5,6.6,80.2,98.4
1640296,5.3,41.4,23.7,105.7,117.4
1640297,4.9,54.1,25.0,75.3,109.5
1640298,5.2,76.7,1.0,162.8,62.1
1640299,7.0,57.2,41.8,104.7,68.7
1640300,8.0,50.1,1.0,106.5,113.4
1640301,8.2,15.8,27.2,66.2,96.7
1640302,6.8,22.1,6.4,99.5,105.8
1640303,6.6,32.8,4.8,121.5,83.0
1640304,7.8,43.2,11.6,82.7,81.5
1640305,5.9,53.8,3.1,98.8,61.5
1640306,6.6,28.3,97.2,110.8,134.4
1640307,8.7,23.1,1.6,95.0,94.6
1640308,7.3,44.2,9.0,97.9,106.3
1640309,6.6,34.1,,117.2,66.7
1640310,7.0,34.3,5.6,130.4,97.5
1640311,8.1,47.8,1.0,83.3,77.5
1640312,6.4,53.3,14.2,109.4,78.6
1640313,6.5,58.4,5.9,78.5,87.6
1640314,6.7,27.0,40.5,111.5,132.3
1640315,9.0,37.9,14.6,123.1,40.4
1640316,8.9,12.4,7.5,121.8,159.9
1640317,8.3,51.8,14.3,146.4,111.1
1640318,4.2,61.1,,97.1,113.2
1640319,7.3,30.1,17.6,56.8,121.1
1640320,6.9,52.6,7.2,117.4,90.3
1640321,9.6,59.2,18.1,90.2,94.8
1640322,9.9,35.5,26.8,53.2,118.2
1640323,7.4,50.9,1.0,137.2,117.5
1640324,6.1,34.4,1.0,84.7,72.4
1640325,8.6,30.4,27.0,63.4,61.9
1640326,10.0,44.9,2.2,113.7,100.1
1640327,7.7,31.8,2.7,100.7,78.7
1640328,6.5,49.6,23.5,90.0,86.3
1640329,7.4,67.3,14.8,112.3,54.6
1640330,5.0,34.7,34.1,95.5,108.0
1640331,7.7,55.0,35.5,100.7,104.8
1640332,6.3,41.1,19.8,125.8,109.9
1640333,8.4,25.1,3.7,81.1,115.1
1640334,8.0,39.6,9.7,122.1,92.4
1640335,7.3,36.0,14.7,73.0,50.1
1640336,9.3,14.3,2.3,105.5,104.9
1640337,5.9,14.4,3.0,134.6,112.2
1640338,7.5,41.4,27.6,64.3,147.8
1640339,6.5,40.2,8.9,106.5,115.1
1640340,7.2,44.9,1.4,127.4,94.8
1640341,7.3,57.1,12.2,74.0,150.1
1640342,6.9,39.5,6.8,128.1,105.8
1640343,8.0,34.9,22.5,87.5,93.4
1640344,3.9,39.1,5.2,111.2,78.7
1640345,6.1,38.2,1.0,96.3,118.1
1640346,6.8,34.3,8.0,131.5,83.7
1640347,5.9,50.1,58.6,113.0,95.8
1640348,5.1,67.0,7.5,101.3,68.5
1640349,5.4,46.4,2.3,115.1,71.6
1640350,7.6,28.9,56.5,118.7,86.7
1640351,9.2,25.0,1.6,133.7,87.1
1640352,7.6,74.7,7.5,97.7,137.0
1640353,9.4,19.2,1.9,75.8,81.9
1640354,9.4,53.6,25.1,131.4,76.7
1640355,5.8,38.6,,106.2,120.0
1640356,7.8,24.7,8.0,140.0,71.4
1640357,8.4,20.6,10.0,155.5,114.7
1640358,9.8,27.4,14.8,104.4,78.1
1640359,4.0,64.3,27.5,107.4,93.4
1640360,7.7,28.6,15.1,87.6,73.2
1640361,8.3,59.6,52.5,113.2,70.6
1640362,8.2,47.9,7.9,81.1,107.8
1640363,7.8,48.1,,139.0,104.2
1640364,8.8,31.3,11.9,83.5,99.7
1640365,8.0,24.4,12.5,33.4,107.5
1640366,8.7,65.2,10.5,88.3,119.6
1640367,8.6,17.9,53.8,96.0,53.8
1640368,7.3,33.9,45.6,62.6,134.4
1640369,5.9,38.1,6.1,83.9,56.9
1640370,5.8,61.1,2.9,118.7,75.3
1640371,5.4,47.0,23.3,83.3,83.0
1640372,5.8,46.3,21.5,130.6,68.4
1640373,7.5,31.1,1.4,149.1,85.6
1640374,6.8,60.4,12.9,77.1,82.1
1640375,6.9,47.5,1.9,165.3,67.3
1640376,7.2,53.2,14.4,101.1,80.0
1640377,8.0,51.0,10.1,126.9,76.0
1640378,5.9,23.9,4.1,116.5,116.3
1640379,3.2,36.7,16.5,138.2,87.8
1640380,6.4,60.5,6.2,80.7,39.3
1640381,2.7,41.2,39.9,124.3,120.1
1640382,10.0,36.6,2.5,128.4,111.2
1640383,5.9,21.7,6.2,65.1,145.3
1640384,6.5,58.2,10.2,127.8,120.4
1640385,6.7,41.4,30.2,99.7,114.2
1640386,7.2,60.1,21.1,106.1,85.6
1640387,6.3,42.9,58.0,65.5,155.8
1640388,4.9,37.7,10.6,152.7,91.6
1640389,8.0,34.1,18.3,55.4,136.6
1640390,6.9,44.0,19.2,113.3,136.7
1640391,7.1,44.6,16.7,53.9,62.5
1640392,7.0,50.3,10.2,98.9,119.9
1640393,5.5,47.9,13.7,83.6,66.2
1640394,6.9,47.9,31.7,63.9,87.2
1640395,7.6,26.6,1.0,104.5,91.5
1640396,7.4,58.5,18.5,124.0,132.5
1640397,6.5,27.0,20.7,90.6,119.1
1640398,6.5,68.8,25.8,95.0,93.6
1640399,6.1,36.7,2.9,112.3,114.7
1640400,7.5,62.2,25.0,142.2,113.4
1640401,9.2,42.4,29.9,98.2,86.9
1640402,5.4,26.9,5.4,98.6,72.6
1640403,7.8,1.9,1.0,69.3,71.7
1640404,6.3,48.4,8.6,70.5,83.7
1640405,8.8,40.6,6.8,98.1,107.7
1640406,8.1,16.2,26.2,90.3,137.7
1640407,9.0,56.2,14.0,93.5,121.3
1640408,7.7,55.1,22.2,83.9,88.4
1640409,6.4,35.6,11.6,96.1,49.3
1640410,7.5,30.5,68.5,136.4,63.1
1640411,8.0,50.8,25.1,60.9,101.6
1640412,8.3,55.8,11.6,141.0,87.9
1640413,6.4,58.0,29.1,108.2,87.2
1640414,4.0,34.6,7.7,97.3,86.3
1640415,7.2,56.6,29.5,131.1,104.7
1640416,7.9,49.1,10.0,84.2,153.4
1640417,6.3,37.8,4.9,142.2,83.7
1640418,7.5,55.2,6.6,136.1,104.0
1640419,5.8,48.2,18.3,95.2,89.7
1640420,7.6,27.5,31.1,147.1,81.2
1640421,6.4,65.4,5.8,157.8,101.3
1640422,7.4,49.8,32.5,107.4,131.9
1640423,8.3,34.1,1.0,146.0,90.2
1640424,5.6,17.0,52.6,92.7,74.4
1640425,8.5,45.6,2.0,128.4,91.2
1640426,8.8,21.3,5.0,85.2,73.2
1640427,8.6,65.7,4.2,118.6,113.6
1640428,7.0,39.3,43.9,91.4,113.2
1640429,7.0,58.5,1.0,60.5,95.2
1640430,8.2,44.5,12.6,125.9,112.7
1640431,6.9,32.3,4.2,137.1,107.1
1640432,5.9,26.8,7.5,117.7,80.7
1640433,8.5,47.2,24.2,115.5,90.4
1640434,8.9,50.6,20.0,106.2,141.4
1640435,10.0,26.0,42.9,115.4,144.5
1640436,8.5,51.1,8.2,123.6,89.5
1640437,8.4,47.9,34.9,130.1,116.7
1640438,5.6,39.1,23.7,137.3,152.3
1640439,9.6,31.6,10.9,121.6,72.1
1640440,8.2,46.3,7.3,115.4,46.8
1640441,8.5,43.0,2.4,153.3,81.6
1640442,9.5,53.1,15.1,101.6,138.4
1640443,8.3,10.0,5.5,84.0,110.3
1640444,6.8,10.3,10.0,110.6,105.2
1640445,3.6,46.0,1.0,69.7,121.3
1640446,8.0,64.8,6.6,76.5,74.7
1640447,8.0,56.9,11.0,140.2,92.6
1640448,7.2,75.6,7.2,89.4,80.9
1640449,6.8,52.4,2.0,80.3,87.8
1640450,5.7,50.0,2.1,83.7,74.7
1640451,4.7,53.8,3.2,153.2,111.4
1640452,6.9,42.8,2.8,72.6,88.1
1640453,1.8,25.2,13.9,66.5,122.6
1640454,9.3,49.6,44.2,134.4,92.5
1640455,6.3,39.9,4.5,94.5,100.1
1640456,4.6,72.0,15.3,145.6,130.1
1640457,7.2,38.5,13.5,96.2,54.4
1640458,8.2,46.0,15.4,62.2,118.1
1640459,6.7,60.7,21.6,100.3,67.8
1640460,9.5,45.4,1.0,96.8,109.6
1640461,7.7,66.5,13.4,143.5,114.8
1640462,5.1,35.2,6.6,49.4,26.3
1640463,7.9,60.7,16.6,89.5,100.7
1640464,5.1,41.7,36.5,107.3,86.2
1640465,9.8,56.1,3.2,96.7,128.3
1640466,6.1,23.3,4.8,102.8,103.8
1640467,8.2,54.3,32.1,96.2,130.4
1640468,7.1,44.3,19.8,88.5,113.4
1640469,7.2,50.8,8.8,110.9,84.1
1640470,8.1,45.9,1.0,97.7,61.8
1640471,9.7,47.1,36.4,72.8,108.3
1640472,6.8,53.8,16.6,102.5,122.0
1640473,6.3,51.8,20.1,62.4,112.9
1640474,6.3,52.9,11.5,92.7,115.9
1640475,7.5,20.9,13.0,73.5,83.1
1640476,7.3,33.7,20.4,119.7,95.6
1640477,7.4,40.8,12.0,113.4,82.8
1640478,6.4,52.1,19.5,66.3,125.2
1640479,7.1,32.2,6.5,75.3,143.6
1640480,7.0,49.1,15.2,86.5,104.9
1640481,6.5,51.7,18.2,132.0,100.6
1640482,5.6,43.0,7.3,126.3,91.4
1640483,6.1,45.2,22.3,92.7,122.9
1640484,5.2,47.3,4.5,117.4,89.8
1640485,9.4,46.8,48.4,117.4,113.4
1640486,7.2,19.8,6.0,95.3,98.9
1640487,7.4,54.7,1.0,142.3,85.1
1640488,7.0,55.4,1.2,91.2,69.8
1640489,7.4,41.8,20.1,104.4,94.4
1640490,9.1,48.3,54.9,132.5,115.8
1640491,8.6,47.6,18.3,119.6,78.1
1640492,4.1,41.7,1.4,79.2,112.0
1640493,6.3,37.5,4.0,103.3,110.3
1640494,5.7,2.8,40.3,81.1,63.5
1640495,6.0,20.3,10.3,153.0,113.7
1640496,8.0,59.3,15.9,128.3,88.1
1640497,6.2,57.6,29.4,102.2,85.5
1640498,7.6,40.9,21.0,75.8,100.8
1640499,7.5,49.3,18.7,115.4,79.1
1640500,7.4,46.3,19.2,131.6,87.1
1640501,8.6,58.7,12.7,77.3,70.1
1640502,5.5,32.9,2.8,102.8,109.8
1640503,4.3,67.5,10.8,56.3,140.5
1640504,6.6,40.9,11.2,83.7,106.3
1640505,6.6,52.9,8.7,62.9,102.9
1640506,7.3,44.6,10.6,84.4,119.8
1640507,8.2,28.3,25.5,100.3,96.5
1640508,7.9,69.5,14.0,113.8,96.8
1640509,5.0,37.7,3.9,85.6,133.8
1640510,8.3,30.4,34.4,131.3,87.9
1640511,8.3,46.1,23.6,95.5,94.5
1640512,9.1,53.9,18.5,105.6,97.2
1640513,8.7,52.4,13.9,126.7,98.8
1640514,8.8,56.2,19.7,64.5,92.3
1640515,7.7,37.7,1.0,100.1,80.6
1640516,7.4,46.1,20.6,80.8,89.4
1640517,7.2,63.5,3.4,55.5,68.1
1640518,8.8,35.8,4.8,101.9,66.1
1640519,7.6,45.3,2.8,125.8,133.4
1640520,7.7,57.4,28.2,130.2,97.8
1640521,8.3,31.3,14.1,105.7,109.0
1640522,5.4,32.4,1.0,101.0,140.4
1640523,6.9,55.4,15.1,84.5,89.0
1640524,7.3,45.2,54.0,137.4,103.8
1640525,9.1,49.3,10.5,64.4,128.4
1640526,7.4,42.8,41.6,116.7,89.9
1640527,10.0,72.3,7.1,99.8,134.1
1640528,4.7,60.6,6.8,115.1,66.5
1640529,8.4,42.5,3.9,85.8,104.3
1640530,7.0,31.3,17.7,128.4,89.4
1640531,4.0,37.5,5.8,123.7,154.4
1640532,7.4,66.0,28.9,55.2,103.0
1640533,8.0,19.8,1.0,83.5,51.7
1640534,8.8,56.1,4.7,113.2,132.0
1640535,7.0,30.8,26.4,91.2,114.1
1640536,5.6,68.8,2.0,126.3,45.3
1640537,7.6,39.4,16.2,116.8,101.4
1640538,8.6,84.3,46.5,85.1,84.1
1640539,6.3,45.5,7.2,70.0,69.8
1640540,7.8,78.2,6.5,110.2,136.7
1640541,4.7,39.5,2.2,72.5,102.2
1640542,6.7,16.8,7.8,75.3,133.1
1640543,7.9,39.9,17.1,106.3,48.2
1640544,8.2,26.2,11.2,55.0,120.5
1640545,5.6,78.5,1.5,132.8,94.9
1640546,5.2,46.3,60.8,101.0,88.2
1640547,7.8,34.5,2.7,104.3,119.1
1640548,8.7,53.7,25.1,115.3,82.9
1640549,10.0,39.8,38.0,134.2,69.7
1640550,5.6,59.5,41.6,112.5,45.5
1640551,6.7,56.4,2.0,95.9,77.8
1640552,8.9,62.4,2.2,105.9,166.5
1640553,10.0,49.5,10.4,67.2,110.9
1640554,5.9,22.5,55.9,98.4,78.9
1640555,5.4,38.8,2.3,113.1,100.0
1640556,6.4,65.8,5.1,78.4,136.8
1640557,8.2,30.1,3.5,93.7,69.8
1640558,8.6,47.5,1.0,113.4,108.9
1640559,6.6,27.8,6.5,58.1,119.6
1640560,4.5,29.8,51.5,86.5,95.4
1640561,7.5,37.9,7.2,153.6,141.4
1640562,4.5,52.2,24.0,119.5,112.2
1640563,5.6,50.5,5.2,62.9,101.0
1640564,4.5,41.3,18.6,118.4,110.4
1640565,7.5,28.8,2.7,108.2,75.4
1640566,4.9,49.6,11.2,66.6,78.2
1640567,8.0,60.1,38.5,141.7,49.5
1640568,6.9,17.9,6.3,74.7,114.7
1640569,6.5,25.5,21.7,88.9,72.7
1640570,5.7,32.7,,98.2,100.1
1640571,6.1,43.0,6.4,92.1,87.5
1640572,7.7,21.2,1.0,109.8,86.9
1640573,5.8,60.2,2.9,166.9,117.7
1640574,9.1,26.7,8.8,118.7,110.4
1640575,7.3,69.7,2.1,88.3,65.4
1640576,6.4,19.2,7.6,62.6,92.9
1640577,5.6,47.0,12.2,139.4,103.7
1640578,6.5,55.8,12.6,110.4,54.9
1640579,9.6,58.4,4.5,109.1,82.1
1640580,9.4,46.5,3.5,49.9,126.8
1640581,6.5,43.2,16.6,63.9,114.9
1640582,7.0,50.4,9.7,58.7,90.2
1640583,3.3,56.0,29.1,84.7,107.0
1640584,6.6,25.4,20.0,63.4,32.1
1640585,7.8,57.1,5.9,94.5,79.7
1640586,7.9,44.3,4.0,91.0,109.8
1640587,6.0,51.3,7.9,83.0,116.0
1640588,9.1,31.3,5.6,87.2,63.9
1640589,6.1,52.8,31.0,139.0,86.6
1640590,7.1,66.6,9.5,128.4,96.3
1640591,8.1,39.0,5.0,119.6,64.6
1640592,9.4,30.4,20.4,89.0,89.4
1640593,8.0,55.5,4.7,83.1,78.6
1640594,6.5,41.3,21.6,82.1,69.9
1640595,5.4,38.0,19.2,92.1,90.8
1640596,8.6,41.9,5.3,68.9,125.0
1640597,6.5,57.6,1.6,79.0,104.5
1640598,6.6,29.3,1.2,108.1,73.5
1640599,6.8,34.4,4.7,81.0,141.5
1640600,6.4,45.0,9.3,106.7,79.1
1640601,5.6,44.6,2.4,150.1,128.1
1640602,5.7,24.8,23.7,119.0,82.5
1640603,7.0,65.1,26.8,147.7,64.1
1640604,7.9,45.0,,81.5,154.6
1640605,5.5,68.9,15.8,101.3,89.9
1640606,7.3,30.5,16.1,131.2,83.2
1640607,8.1,37.8,2.5,90.8,111.9
1640608,9.6,45.1,1.0,101.5,80.7
1640609,8.6,56.8,4.4,84.6,90.0
1640610,7.8,56.8,8.7,74.4,99.8
1640611,8.6,70.5,6.5,88.3,144.4
1640612,8.9,24.9,14.8,81.0,103.2
1640613,10.0,32.4,14.0,78.5,103.8
1640614,8.7,49.0,13.3,110.9,81.5
1640615,6.8,52.8,1.0,100.0,89.4
1640616,7.6,33.5,22.4,78.1,84.6
1640617,8.5,51.4,51.5,94.4,98.8
1640618,7.9,35.2,,95.6,79.9
1640619,7.8,43.2,27.7,131.2,128.6
1640620,7.6,5.7,16.6,73.4,106.2
1640621,10.0,48.4,7.1,114.8,127.7
1640622,9.5,24.3,21.9,103.1,137.0
1640623,6.8,25.3,24.8,93.6,108.3
1640624,4.5,40.8,1.3,105.6,140.0
1640625,8.7,41.1,1.1,107.3,116.2
1640626,8.7,48.7,1.4,87.1,93.7
1640627,7.1,57.4,21.8,100.6,96.2
1640628,8.7,35.2,11.6,109.5,75.4
1640629,5.5,42.0,6.3,116.7,116.7
1640630,6.0,51.1,28.5,112.1,95.6
1640631,9.1,52.9,1.1,51.4,128.2
1640632,8.2,32.9,57.6,80.3,89.7
1640633,6.8,24.5,16.9,116.5,125.8
1640634,9.3,27.6,15.7,123.4,91.2
1640635,7.6,26.3,14.1,59.0,110.1
1640636,7.4,20.0,33.6,74.4,110.8
1640637,8.3,55.5,4.3,118.7,127.2
1640638,6.9,77.6,8.6,138.1,102.3
1640639,6.9,0.0,30.4,116.1,122.9
1640640,8.9,47.7,10.5,73.3,143.9
1640641,4.9,30.7,5.2,87.2,102.1
1640642,4.6,27.7,22.9,136.3,102.8
1640643,8.1,37.9,24.2,118.4,117.7
1640644,7.7,39.7,4.7,114.0,82.3
1640645,10.0,25.6,38.1,115.3,99.6
1640646,6.7,55.5,27.8,89.4,79.4
1640647,6.9,57.3,33.0,120.1,71.5
1640648,7.6,34.3,2.3,121.7,97.9
1640649,9.2,75.4,1.0,42.2,94.9
1640650,7.4,35.4,10.0,62.0,91.4
1640651,8.6,25.2,3.4,115.6,108.8
1640652,7.8,14.9,14.7,123.6,55.2
1640653,6.1,50.9,40.7,89.0,44.0
1640654,9.6,26.1,44.6,63.6,92.4
1640655,7.2,32.0,1.3,95.8,147.4
1640656,9.0,48.0,3.4,89.6,110.6
1640657,6.4,36.6,13.6,99.8,66.5
1640658,7.8,44.3,36.8,83.4,82.1
1640659,9.3,18.0,4.8,86.2,94.5
1640660,9.4,58.4,17.5,73.6,90.6
1640661,7.0,38.4,17.3,93.0,129.8
1640662,5.1,47.8,6.2,141.5,56.2
1640663,5.9,57.4,9.8,124.7,128.7
1640664,8.4,57.6,37.5,107.0,119.7
1640665,6.2,29.8,2.1,118.0,104.3
1640666,9.8,37.3,9.4,97.8,118.7
1640667,7.7,45.3,13.2,93.6,82.6
1640668,6.6,64.0,1.1,97.9,95.0
1640669,7.4,27.9,1.4,94.8,98.1
1640670,6.0,50.5,3.6,134.8,138.8
1640671,7.2,65.5,26.8,65.8,76.1
1640672,5.4,80.1,5.2,82.2,121.8
1640673,6.0,30.4,5.9,102.4,94.8
1640674,7.6,47.5,1.0,69.6,73.5
1640675,7.5,39.3,1.0,91.7,93.3
1640676,8.4,59.2,3.8,136.3,131.0
1640677,9.1,58.1,13.0,117.4,114.0
1640678,4.4,31.9,35.3,104.0,115.7
1640679,6.9,38.3,1.0,99.7,86.6
1640680,6.2,49.8,25.4,99.8,91.3
1640681,6.6,32.5,6.7,108.5,126.3
1640682,6.3,61.4,16.3,74.2,92.2
1640683,5.9,21.0,5.6,76.7,63.7
1640684,7.2,23.0,29.9,104.9,67.7
1640685,5.4,64.3,1.0,54.3,106.2
1640686,8.0,54.0,15.2,89.6,96.3
1640687,8.2,43.6,12.6,98.8,100.5
1640688,9.1,21.2,24.2,105.2,127.5
1640689,8.7,41.8,1.0,90.7,70.2
1640690,5.2,39.0,18.9,71.4,124.3
1640691,5.8,43.3,7.7,148.2,121.6
1640692,8.5,44.9,45.9,139.6,105.9
1640693,7.4,52.7,18.0,101.0,102.1
1640694,4.4,39.0,7.0,112.7,109.5
1640695,6.1,97.8,67.4,100.3,98.4
1640696,7.6,36.7,3.7,96.4,54.6
1640697,7.8,36.3,3.2,104.9,104.0
1640698,8.3,39.9,6.3,58.0,110.2
1640699,7.4,35.0,19.8,82.2,107.9
1640700,7.6,41.3,1.0,127.1,126.9
1640701,5.4,51.8,3.5,100.0,111.7
1640702,5.9,41.8,3.0,119.0,112.0
1640703,8.9,44.9,22.5,85.4,117.8
1640704,7.1,40.4,3.0,88.1,122.0
1640705,5.7,26.3,10.0,106.4,48.5
1640706,7.5,30.9,21.9,136.5,91.0
1640707,7.4,21.7,10.3,146.1,86.3
1640708,8.1,46.4,1.9,91.3,85.1
1640709,7.2,37.0,10.2,112.1,113.5
1640710,5.6,47.2,5.9,79.8,52.0
1640711,10.0,31.1,33.4,109.2,71.9
1640712,5.8,28.0,19.0,119.3,92.4
1640713,5.2,37.7,22.4,110.2,44.0
1640714,4.6,37.4,2.8,145.5,164.9
1640715,5.9,23.7,16.3,85.5,84.4
1640716,7.3,49.5,1.8,88.1,76.4
1640717,8.1,38.7,38.6,157.6,97.7
1640718,8.6,59.0,9.8,91.6,148.5
1640719,8.6,53.7,17.7,92.9,90.9
1640720,5.9,39.9,29.9,122.6,123.5
1640721,6.5,62.9,1.0,126.3,91.1
1640722,6.3,39.2,15.9,76.2,95.3
1640723,7.3,33.4,7.7,53.8,99.2
1640724,7.3,55.8,18.8,88.8,88.2
1640725,7.0,22.6,17.0,69.8,104.4
1640726,9.4,61.5,1.8,122.3,82.1
1640727,5.9,45.2,4.1,116.6,89.2
1640728,9.5,46.1,26.1,114.8,89.2
1640729,8.5,53.8,17.3,139.2,116.6
1640730,6.6,79.1,71.9,104.5,98.6
1640731,7.8,37.5,2.0,92.7,85.0
1640732,5.7,56.8,1.3,117.1,69.8
1640733,6.5,68.8,1.7,60.7,117.9
1640734,7.8,57.9,2.1,85.2,98.7
1640735,6.7,48.0,14.1,99.2,116.9
1640736,9.7,25.7,44.4,77.7,85.8
1640737,10.0,36.4,73.1,117.7,102.7
1640738,3.4,61.9,5.8,76.7,131.9
1640739,6.4,69.4,2.3,100.7,95.3
1640740,4.4,47.2,1.4,125.8,129.1
1640741,7.3,25.0,6.9,87.3,37.9
1640742,6.6,45.3,15.3,115.6,82.9
1640743,5.5,28.0,34.1,88.1,131.2
1640744,7.8,49.6,3.3,75.8,97.4
1640745,6.8,59.4,24.8,121.5,83.1
1640746,8.9,23.4,1.1,121.5,126.4
1640747,8.0,45.7,6.4,117.0,107.9
1640748,4.1,34.0,4.8,145.5,116.7
1640749,10.0,62.0,11.1,98.6,133.9
1640750,7.0,38.2,1.2,101.1,122.1
1640751,5.7,41.3,60.3,90.0,117.4
1640752,6.2,29.2,35.7,122.0,83.8
1640753,7.0,34.4,7.9,77.7,118.7
1640754,7.3,21.8,11.6,94.5,99.2
1640755,6.3,24.8,7.0,107.2,160.0
1640756,8.0,69.0,17.9,111.4,84.8
1640757,5.6,54.9,1.0,122.2,62.5
1640758,6.7,39.2,2.9,56.6,130.8
1640759,8.9,57.0,3.2,101.5,75.3
1640760,10.0,59.5,5.0,46.0,110.9
1640761,5.8,34.2,2.3,73.6,136.0
1640762,5.5,52.1,8.1,97.9,63.3
1640763,6.1,25.5,1.0,71.9,147.8
1640764,6.1,27.5,3.7,145.2,108.4
1640765,4.7,36.7,1.0,102.3,74.5
1640766,8.7,65.5,13.2,131.8,108.6
1640767,4.5,61.9,2.7,114.9,104.1
1640768,4.8,47.4,6.8,121.3,74.5
1640769,5.9,49.3,9.3,122.4,91.1
1640770,9.1,52.0,1.0,31.4,53.5
1640771,5.8,64.7,13.9,86.1,78.4
1640772,7.7,35.3,14.0,118.1,66.4
1640773,8.1,33.3,10.8,122.8,105.8
1640774,7.5,46.8,1.1,82.1,129.4
1640775,9.8,72.8,3.2,52.1,118.2
1640776,6.1,44.3,7.0,120.0,104.1
1640777,4.0,64.1,16.3,98.2,113.8
1640778,6.8,48.6,24.0,116.2,83.2
1640779,7.7,23.0,21.7,83.3,115.5
1640780,7.8,58.0,27.0,138.5,77.3
1640781,8.7,59.5,13.8,119.3,74.3
1640782,6.3,61.6,7.9,81.4,120.0
1640783,7.1,42.5,29.5,128.4,75.1
1640784,6.5,48.4,3.5,103.2,70.4
1640785,10.0,67.9,7.0,92.4,66.4
1640786,8.7,48.4,2.2,75.9,122.4
1640787,7.5,42.5,39.4,78.3,86.7
1640788,5.6,72.1,5.3,105.1,105.1
1640789,8.4,38.9,35.0,100.1,101.2
1640790,8.7,43.6,9.6,88.7,60.3
1640791,9.3,2.6,15.8,102.0,121.2
1640792,6.2,50.9,1.9,117.5,125.9
1640793,6.2,69.2,1.0,120.2,77.2
1640794,2.4,17.4,3.9,98.1,66.9
1640795,6.3,24.6,14.8,63.6,84.8
1640796,9.9,34.5,6.1,120.8,54.0
1640797,6.4,51.7,54.0,137.8,114.8
1640798,7.2,59.2,1.0,98.0,76.0
1640799,9.9,69.8,5.9,116.5,65.2
1640800,7.9,54.0,5.7,73.6,119.1
1640801,8.0,43.3,14.9,106.2,134.4
1640802,5.0,61.0,25.8,85.8,99.1
1640803,6.5,39.2,22.8,101.5,75.2
1640804,8.9,56.0,5.9,73.5,154.0
1640805,9.7,38.2,1.0,95.8,135.8
1640806,6.3,38.7,16.3,103.0,87.6
1640807,6.4,31.1,25.6,111.6,122.7
1640808,6.9,57.5,6.8,97.5,119.1
1640809,6.6,50.4,7.8,101.9,70.6
1640810,5.7,64.6,1.2,144.8,111.5
1640811,7.1,84.2,30.6,77.7,80.0
1640812,6.9,63.1,10.8,107.2,92.8
1640813,5.0,34.4,18.5,107.3,79.0
1640814,7.4,38.2,12.6,97.0,92.3
1640815,8.9,61.6,17.1,99.5,85.2
1640816,8.1,70.7,4.9,150.6,127.8
1640817,7.8,43.1,12.6,97.6,107.5
1640818,5.8,62.7,1.0,106.9,89.7
1640819,7.7,16.9,14.5,95.7,115.8
1640820,6.9,37.9,1.0,124.6,121.0
1640821,5.3,53.2,20.0,68.8,113.6
1640822,5.3,62.5,67.7,69.2,77.9
1640823,5.0,44.5,9.5,116.9,96.1
1640824,5.8,61.3,7.4,57.1,39.4
1640825,8.5,63.3,54.9,122.1,156.4
1640826,7.4,31.1,12.1,78.7,76.4
1640827,6.9,57.3,18.4,147.3,114.5
1640828,8.0,39.4,13.0,97.7,85.5
1640829,10.0,30.8,2.8,76.8,78.4
1640830,8.5,57.0,6.9,125.3,91.4
1640831,7.2,33.9,1.0,120.5,91.7
1640832,9.5,22.2,1.6,121.2,74.7
1640833,6.2,43.1,1.0,77.1,103.6
1640834,4.9,21.7,1.4,91.0,114.5
1640835,6.2,55.1,1.0,90.9,111.8
1640836,6.0,53.0,38.6,108.9,103.3
1640837,6.1,55.4,2.6,97.4,96.7
1640838,5.3,40.1,6.0,104.8,106.6
1640839,5.7,51.7,1.0,141.5,91.6
1640840,6.1,55.9,27.1,86.0,98.5
1640841,5.0,91.0,1.0,120.3,87.3
1640842,6.7,39.0,5.3,104.1,102.6
1640843,8.4,39.9,13.9,79.5,81.8
1640844,6.1,28.1,1.2,94.8,87.4
1640845,9.8,49.8,20.6,86.4,135.6
1640846,6.9,34.6,2.5,116.2,112.0
1640847,4.9,51.5,7.8,89.6,126.4
1640848,6.4,58.7,23.6,109.9,75.1
1640849,6.7,61.9,14.2,136.7,87.0
1640850,5.8,44.1,17.3,78.6,107.2
1640851,7.3,49.4,13.2,96.9,41.2
1640852,8.7,25.9,,58.9,133.3
1640853,8.4,39.9,1.0,120.8,121.8
1640854,10.0,40.6,47.0,92.6,135.6
1640855,4.4,76.9,1.0,108.2,114.8
1640856,8.2,53.8,30.0,110.1,139.4
1640857,8.0,41.4,6.8,113.4,48.5
1640858,7.3,59.9,3.8,86.5,81.6
1640859,9.1,55.2,10.5,90.9,85.6
1640860,10.0,54.0,3.1,127.4,78.0
1640861,10.0,75.2,30.8,98.5,72.7
1640862,8.6,17.6,8.3,101.8,102.8
1640863,6.3,52.3,1.0,115.9,119.2
1640864,6.2,55.4,18.1,104.3,92.5
1640865,6.0,45.5,10.6,140.4,129.5
1640866,5.3,68.0,15.1,127.3,92.1
1640867,4.9,39.5,17.7,80.3,43.0
1640868,9.3,39.3,6.6,80.7,125.6
1640869,6.5,82.5,16.1,86.8,89.8
1640870,4.1,41.7,10.9,78.1,117.1
1640871,8.0,59.7,13.6,91.6,118.5
1640872,6.2,45.8,,99.3,110.3
1640873,8.2,44.9,7.6,106.8,86.1
1640874,8.0,54.3,25.6,135.0,115.3
1640875,8.1,45.1,11.9,112.8,152.6
1640876,6.9,56.8,33.5,129.9,118.1
1640877,7.5,33.8,4.7,67.1,106.1
1640878,6.5,20.6,1.0,106.3,141.1
1640879,8.9,34.9,7.0,77.7,124.9
1640880,8.8,48.7,5.7,100.2,114.9
1640881,4.6,28.6,2.2,112.8,91.0
1640882,9.4,47.5,24.3,97.8,110.0
1640883,9.4,69.2,16.0,80.0,171.8
1640884,7.1,19.5,34.9,129.5,84.4
1640885,10.0,47.4,20.0,126.0,84.3
1640886,7.3,38.5,18.4,107.1,149.0
1640887,5.2,47.3,1.2,146.5,123.8
1640888,4.7,49.6,4.8,133.1,80.4
1640889,7.6,59.3,11.0,67.0,88.6
1640890,8.0,37.5,7.0,111.4,99.4
1640891,7.3,17.5,3.0,87.8,95.7
1640892,7.6,29.8,5.2,104.0,102.7
1640893,8.4,39.4,28.7,80.1,91.7
1640894,10.0,33.6,11.4,82.5,75.9
1640895,6.9,49.9,14.6,106.2,99.6
1640896,6.3,51.6,4.9,130.0,95.6
1640897,7.1,56.4,4.4,92.4,96.1
1640898,5.4,35.7,59.5,71.7,94.9
1640899,6.1,63.6,9.0,48.2,40.1
1640900,5.4,33.4,43.9,29.0,112.4
1640901,6.8,32.9,26.1,116.8,111.4
1640902,8.1,47.4,7.1,113.6,136.0
1640903,7.3,25.5,37.9,98.9,126.5
1640904,8.1,53.3,2.5,132.9,45.5
1640905,6.7,46.4,6.0,151.7,71.1
1640906,7.2,41.9,8.7,42.7,75.3
1640907,6.4,46.7,5.0,123.4,88.0
1640908,8.6,57.9,1.0,126.4,148.1
1640909,7.1,51.2,3.6,135.3,94.8
1640910,7.3,46.1,13.1,121.2,107.4
1640911,8.0,37.6,3.1,97.2,106.3
1640912,8.3,50.0,4.4,139.5,148.1
1640913,7.0,30.6,11.0,110.6,70.0
1640914,10.0,18.2,28.2,92.7,123.2
1640915,7.0,41.8,6.8,40.3,104.9
1640916,8.3,31.8,8.2,57.5,113.5
1640917,7.2,47.2,23.0,79.8,79.6
1640918,5.8,46.1,93.4,41.9,92.4
1640919,8.7,48.0,7.8,55.0,123.1
1640920,6.9,40.2,6.4,37.1,87.3
1640921,6.2,55.0,1.0,98.0,143.0
1640922,8.2,55.0,37.5,119.8,87.2
1640923,8.0,34.5,25.0,128.0,124.5
1640924,5.5,14.8,6.8,100.0,89.7
1640925,9.1,69.4,67.9,88.1,94.6
1640926,8.1,39.1,36.1,113.3,71.2
1640927,5.8,58.8,43.6,98.3,115.0
1640928,4.5,41.5,1.0,124.4,96.7
1640929,8.9,63.3,6.6,99.3,107.8
1640930,6.4,41.1,22.4,50.4,123.4
1640931,9.0,54.9,7.5,69.2,149.7
1640932,7.1,44.5,3.8,121.6,121.3
1640933,7.7,9.4,7.0,102.4,101.8
1640934,6.5,61.0,49.0,87.4,102.1
1640935,7.5,53.5,3.9,125.7,119.0
1640936,7.7,45.6,11.3,116.7,129.2
1640937,6.8,14.4,27.0,96.5,78.6
1640938,4.9,28.2,1.4,99.4,59.3
1640939,8.8,46.3,46.6,161.0,88.9
1640940,3.8,36.8,10.3,101.5,85.9
1640941,7.7,42.3,1.0,113.6,71.8
1640942,5.8,53.6,2.8,94.6,132.2
1640943,5.3,59.8,58.5,100.8,84.0
1640944,8.1,50.5,2.5,60.8,127.1
1640945,7.5,65.0,9.6,72.3,91.9
1640946,6.2,29.2,3.3,89.8,119.6
1640947,7.1,58.7,9.6,93.1,117.1
1640948,6.6,57.8,41.9,86.9,84.7
1640949,10.0,41.9,4.2,114.8,127.4
1640950,8.6,66.1,7.1,109.6,112.0
1640951,7.4,57.0,10.1,110.1,115.9
1640952,8.0,47.1,15.4,92.4,117.3
1640953,9.9,44.0,4.8,97.1,47.9
1640954,8.7,42.9,25.9,102.5,103.8
1640955,7.5,23.8,1.8,83.7,93.2
1640956,7.1,48.9,1.3,86.8,130.3
1640957,10.0,28.0,10.9,72.4,112.6
1640958,6.1,51.7,2.6,116.6,107.5
1640959,7.0,38.9,2.8,97.2,72.5
1640960,7.1,34.6,8.5,126.5,106.3
1640961,7.6,52.5,2.0,89.5,90.7
1640962,8.1,56.0,4.1,94.9,104.4
1640963,6.9,39.0,40.1,119.7,125.3
1640964,6.3,46.6,35.2,135.3,57.8
1640965,10.0,34.2,7.8,123.7,102.8
1640966,7.8,44.1,11.5,61.8,85.9
1640967,4.6,56.6,4.1,117.1,91.1
1640968,9.1,33.2,1.5,154.1,101.0
1640969,7.9,46.7,41.4,79.9,113.6
1640970,7.7,30.5,34.1,73.3,44.1
1640971,7.9,52.3,22.9,92.1,83.9
1640972,8.0,48.5,15.4,84.6,104.3
1640973,6.0,36.1,,89.0,100.6
1640974,8.0,32.3,1.0,122.0,116.5
1640975,5.3,48.2,10.3,88.8,99.3
1640976,5.5,66.4,1.3,124.7,114.7
1640977,8.1,37.2,16.7,118.1,104.7
1640978,10.0,36.5,90.6,93.6,105.1
1640979,6.7,60.1,53.7,126.1,92.3
1640980,8.5,34.9,7.4,107.9,111.3
1640981,5.8,30.0,7.7,53.0,136.1
1640982,6.5,56.7,43.3,70.2,77.5
1640983,9.1,41.4,5.0,79.8,72.9
1640984,6.3,30.7,13.0,110.9,104.0
1640985,7.0,68.2,4.8,102.6,131.8
1640986,4.8,48.5,7.5,96.5,79.6
1640987,6.2,68.4,10.8,113.4,114.7
1640988,7.6,26.7,28.3,109.5,99.1
1640989,9.2,37.2,2.8,63.9,161.7
1640990,7.2,59.2,28.3,89.7,84.2
1640991,7.4,31.8,12.6,83.4,122.5
1640992,6.2,37.2,9.6,106.3,75.2
1640993,7.3,63.5,5.7,154.7,149.0
1640994,9.1,40.7,22.0,10.3,109.6
1640995,8.9,56.6,1.0,76.1,112.7
1640996,5.4,66.6,28.5,122.4,132.0
1640997,8.8,41.0,21.7,122.9,61.3
1640998,6.8,42.8,11.8,124.6,87.4
1640999,8.9,64.8,2.9,152.4,137.7
1641000,5.9,57.4,57.4,113.0,99.1
