DayID,TradingVolume,DailyRange_Percent,VIX_Index,InstitutionalBuy_Percent,PriceVolatility
1600001,418.4,401.3,466.7,107.4,61.1
1600002,168.5,54.9,400.8,353.4,139.1
1600003,196.1,295.8,81.5,137.6,196.0
1600004,160.2,416.5,181.2,60.9,374.3
1600005,287.6,393.4,120.1,163.7,387.9
1600006,352.3,217.0,457.3,313.3,365.6
1600007,96.9,257.9,215.1,187.0,255.3
1600008,202.0,212.5,251.9,364.6,234.7
1600009,158.4,182.8,91.0,322.3,444.2
1600010,369.6,199.0,443.4,356.1,25.1
1600011,467.6,27.5,219.1,75.9,157.9
1600012,429.5,250.8,390.5,136.0,300.0
1600013,207.6,20.2,416.1,470.8,349.6
1600014,37.0,332.4,113.1,498.7,347.2
1600015,47.6,284.7,140.1,466.1,94.8
1600016,460.3,484.3,461.9,306.8,128.5
1600017,273.4,403.2,150.0,404.6,84.6
1600018,238.8,96.2,,368.4,35.1
1600019,130.4,165.4,128.8,34.8,307.7
1600020,242.2,122.3,394.3,29.2,97.7
1600021,340.2,423.8,275.2,394.5,480.4
1600022,489.2,350.6,406.8,94.7,398.6
1600023,485.7,367.3,245.4,368.5,87.7
1600024,266.8,79.8,420.8,104.4,435.8
1600025,445.4,122.7,417.2,59.1,192.2
1600026,412.9,281.3,64.7,431.5,265.1
1600027,399.9,82.3,415.5,42.3,131.2
1600028,287.6,110.0,340.6,241.4,28.5
1600029,317.7,197.6,360.2,346.6,360.8
1600030,204.9,23.3,299.9,253.5,35.9
1600031,290.4,68.1,241.1,139.9,492.0
1600032,327.1,399.1,301.1,35.9,23.1
1600033,95.1,476.0,171.6,387.9,149.2
1600034,233.0,460.8,208.3,376.2,55.0
1600035,432.6,98.9,11.9,20.5,298.4
1600036,231.8,324.3,269.9,21.7,292.7
1600037,424.0,175.9,470.6,430.0,288.3
1600038,46.0,468.0,470.5,66.0,24.5
1600039,495.8,251.9,169.9,299.7,441.1
1600040,98.0,362.8,307.6,264.5,67.1
1600041,318.9,405.8,90.3,58.3,445.4
1600042,97.6,258.9,324.0,232.1,18.4
1600043,145.4,238.6,390.2,342.5,410.3
1600044,234.4,207.0,146.0,159.0,95.0
1600045,377.4,176.8,343.4,210.6,98.7
1600046,367.3,210.5,255.8,380.9,149.0
1600047,295.7,201.4,21.8,260.4,296.8
1600048,42.4,245.7,317.6,102.2,488.6
1600049,54.0,134.9,18.2,36.5,29.1
1600050,52.5,51.7,480.4,204.4,271.5
1600051,379.7,113.4,401.1,88.5,464.2
1600052,175.6,205.5,365.8,273.7,350.7
1600053,156.2,167.6,347.3,95.9,13.4
1600054,158.0,232.8,380.0,401.2,398.4
1600055,492.5,119.5,231.0,229.5,497.4
1600056,268.9,423.7,393.1,160.2,170.2
1600057,228.1,59.4,54.9,140.1,367.3
1600058,386.8,207.6,355.4,267.2,278.2
1600059,231.7,112.6,188.9,58.1,388.8
1600060,460.4,444.1,109.1,160.4,323.1
1600061,482.3,53.9,27.2,443.8,303.4
1600062,286.6,192.8,211.5,444.2,393.2
1600063,326.0,481.4,261.1,159.9,161.4
1600064,91.6,145.2,397.0,74.1,498.8
1600065,79.5,129.5,51.3,207.3,300.2
1600066,121.4,115.2,115.9,311.0,286.8
1600067,85.5,162.3,485.3,107.6,118.5
1600068,325.8,86.4,34.5,277.5,377.7
1600069,400.8,108.3,343.4,406.9,361.8
1600070,465.0,67.3,138.2,427.7,64.8
1600071,459.5,406.1,246.9,191.1,491.5
1600072,33.5,419.8,254.3,48.6,467.9
1600073,196.5,213.5,392.6,61.6,460.1
1600074,74.7,176.1,494.4,377.6,273.5
1600075,205.5,191.7,320.1,189.5,468.8
1600076,303.2,250.1,288.8,74.0,130.1
1600077,287.2,464.0,63.1,406.2,415.8
1600078,326.1,88.8,373.1,465.3,388.3
1600079,478.5,460.4,148.9,485.0,84.4
1600080,314.8,330.8,246.9,368.1,191.9
1600081,373.3,297.0,285.6,63.9,115.4
1600082,291.0,403.4,494.1,448.0,171.4
1600083,351.7,135.7,396.8,337.9,328.6
1600084,426.0,279.8,285.4,337.3,297.2
1600085,120.7,276.2,211.3,379.8,60.7
1600086,148.2,157.4,260.7,78.5,367.4
1600087,109.5,113.2,392.4,142.2,29.3
1600088,362.0,330.0,251.8,293.7,101.5
1600089,434.8,405.4,181.9,279.7,14.4
1600090,482.7,494.4,310.2,343.1,369.9
1600091,391.0,438.3,292.3,168.6,294.5
1600092,170.2,121.9,36.0,343.8,225.5
1600093,431.0,499.6,81.7,116.7,356.9
1600094,49.9,38.0,355.1,52.2,259.5
1600095,34.0,259.4,430.7,157.8,448.0
1600096,253.0,261.2,10.3,53.0,477.1
1600097,465.7,325.0,396.6,54.4,473.6
1600098,491.9,351.6,450.3,354.7,173.1
1600099,339.2,195.8,254.3,275.3,93.0
1600100,137.7,270.2,490.1,86.8,278.7
1600101,130.0,36.3,,258.7,94.2
1600102,484.6,453.3,327.4,107.9,264.4
1600103,421.6,166.2,156.3,85.8,429.2
1600104,368.4,176.7,46.5,336.8,454.2
1600105,249.0,227.8,114.0,211.5,386.4
1600106,382.1,415.8,63.3,11.5,383.0
1600107,347.0,86.4,81.1,492.8,478.2
1600108,107.4,323.8,219.3,109.4,192.5
1600109,67.6,289.2,333.9,283.9,21.6
1600110,90.2,412.8,126.9,314.3,279.0
1600111,192.6,175.5,85.8,379.1,313.9
1600112,249.0,253.4,279.4,261.7,398.6
1600113,303.8,90.5,396.2,456.8,84.9
1600114,296.0,190.9,459.9,148.2,67.5
1600115,171.8,453.3,83.7,458.1,392.0
1600116,10.9,354.6,358.8,348.0,367.0
1600117,382.2,472.9,343.6,493.3,52.2
1600118,259.6,407.6,,167.6,218.7
1600119,77.9,63.1,93.1,423.9,302.1
1600120,243.0,498.5,195.0,138.0,83.8
1600121,273.3,23.4,242.1,438.7,356.9
1600122,192.4,207.8,149.0,67.5,403.9
1600123,471.4,288.2,357.0,111.0,243.6
1600124,162.8,331.4,301.5,427.6,403.9
1600125,361.9,122.9,394.8,493.9,23.0
1600126,317.8,170.5,364.7,487.7,303.1
1600127,299.2,362.5,175.5,200.1,75.4
1600128,434.5,318.3,423.6,111.3,199.3
1600129,37.8,45.6,54.7,59.7,97.4
1600130,179.2,183.5,223.5,157.1,234.3
1600131,99.7,37.7,431.4,311.8,133.5
1600132,71.0,89.5,372.9,459.4,159.3
1600133,202.9,259.0,477.7,57.8,453.5
1600134,280.7,188.9,430.9,237.6,443.8
1600135,213.8,88.6,155.9,58.5,389.7
1600136,39.3,263.3,302.8,27.5,428.7
1600137,100.7,44.1,278.2,277.1,86.6
1600138,169.6,206.0,162.2,11.4,433.4
1600139,46.7,489.0,166.3,323.4,422.3
1600140,298.6,409.8,340.6,207.0,245.7
1600141,485.0,333.7,487.8,349.5,77.1
1600142,362.0,220.4,107.3,190.7,430.0
1600143,400.4,207.2,,367.3,38.5
1600144,317.3,225.6,441.8,402.2,181.6
1600145,445.2,482.9,288.2,125.5,277.0
1600146,70.1,178.6,,421.7,161.2
1600147,440.8,284.6,483.7,146.6,363.2
1600148,80.4,251.6,343.4,90.3,392.1
1600149,136.3,459.3,473.4,298.1,414.4
1600150,437.0,476.6,243.3,436.9,409.8
1600151,403.0,460.4,162.6,76.0,463.7
1600152,29.6,79.4,250.4,176.6,234.4
1600153,341.0,254.5,464.2,280.7,210.0
1600154,16.8,90.5,301.1,295.8,449.1
1600155,133.1,161.6,105.6,466.9,259.8
1600156,86.4,499.5,321.2,206.6,199.0
1600157,388.0,284.2,198.8,67.2,371.6
1600158,262.9,432.9,32.5,69.3,271.3
1600159,210.6,170.0,142.7,191.2,136.3
1600160,79.0,469.4,18.9,200.8,233.5
1600161,14.7,392.9,94.9,110.9,88.3
1600162,17.9,316.4,58.2,266.6,345.3
1600163,108.4,312.5,389.3,495.6,241.1
1600164,112.2,355.6,484.1,129.2,24.1
1600165,191.3,351.0,180.4,409.3,270.8
1600166,380.9,123.5,348.8,438.2,424.7
1600167,412.6,248.3,138.9,57.8,37.0
1600168,390.2,457.8,380.7,497.6,211.4
1600169,433.6,329.9,124.8,188.5,336.3
1600170,192.7,164.2,148.3,81.5,310.1
1600171,60.4,456.6,301.1,224.3,393.7
1600172,454.7,411.6,467.2,379.6,247.5
1600173,115.9,43.0,18.4,462.3,446.8
1600174,374.6,87.5,416.4,74.3,397.2
1600175,466.4,475.1,345.7,71.7,87.0
1600176,71.1,355.3,491.8,105.6,31.1
1600177,176.2,498.1,285.4,128.3,214.3
1600178,398.4,108.0,229.6,176.7,382.8
1600179,390.4,136.6,232.7,267.5,197.5
1600180,190.3,344.9,175.2,100.9,137.3
1600181,88.0,411.6,369.7,466.8,311.4
1600182,178.2,24.8,498.3,474.7,429.7
1600183,191.1,160.2,273.0,377.0,176.6
1600184,357.5,127.0,19.3,174.8,78.8
1600185,377.2,414.8,460.8,169.3,33.8
1600186,15.5,450.6,,455.0,286.9
1600187,395.3,247.7,423.1,47.2,355.6
1600188,208.0,103.5,13.5,260.7,497.9
1600189,198.4,473.0,463.0,112.5,173.9
1600190,194.8,105.6,179.1,60.7,33.0
1600191,451.3,67.1,269.7,93.8,232.2
1600192,34.9,461.2,255.3,316.7,158.9
1600193,350.7,245.5,15.8,258.5,110.4
1600194,440.6,457.3,101.8,89.4,64.9
1600195,103.6,142.7,391.3,57.3,432.6
1600196,285.5,141.4,449.6,46.2,384.1
1600197,255.8,27.6,170.2,152.0,182.5
1600198,177.1,24.7,187.8,466.1,46.0
1600199,73.7,271.8,452.0,236.7,168.1
1600200,490.5,205.1,497.7,356.1,495.2
1600201,121.9,18.0,86.7,151.0,449.2
1600202,212.1,308.4,332.4,61.7,118.8
1600203,63.6,71.4,84.0,115.7,302.8
1600204,76.2,367.5,389.1,441.4,426.5
1600205,69.4,327.9,120.3,144.4,36.8
1600206,89.3,204.2,388.0,34.8,265.2
1600207,334.4,105.1,454.0,405.3,200.2
1600208,433.5,424.3,98.1,147.7,354.2
1600209,293.2,315.6,328.4,183.6,188.9
1600210,382.4,146.3,202.3,306.2,12.8
1600211,335.7,27.3,418.2,134.1,180.4
1600212,188.0,217.9,118.3,231.5,138.1
1600213,340.0,118.8,98.1,91.8,435.5
1600214,347.4,462.8,177.5,226.0,346.1
1600215,30.2,231.3,451.8,309.7,199.4
1600216,253.5,472.5,462.1,469.4,37.2
1600217,216.3,243.9,354.1,214.7,167.8
1600218,477.1,432.8,458.2,363.3,306.0
1600219,296.8,15.4,97.4,54.4,273.6
1600220,493.3,10.3,164.3,161.4,258.3
1600221,280.1,473.4,496.9,304.8,484.5
1600222,186.0,422.7,,384.7,421.9
1600223,71.4,210.2,499.0,254.1,67.6
1600224,401.7,348.3,284.9,464.5,483.9
1600225,396.0,183.6,270.6,423.0,232.7
1600226,262.9,395.1,90.5,49.0,58.0
1600227,310.8,196.4,120.1,395.1,206.8
1600228,300.0,349.0,382.7,449.3,21.2
1600229,367.5,236.7,173.1,141.6,211.4
1600230,356.2,213.4,333.0,464.1,141.0
1600231,466.5,234.4,481.1,375.7,204.3
1600232,291.7,418.6,472.8,46.4,308.8
1600233,212.3,257.2,50.5,252.6,293.9
1600234,301.1,173.8,130.4,40.9,234.3
1600235,282.2,85.2,148.9,218.0,346.8
1600236,112.7,132.8,291.1,81.2,429.5
1600237,347.1,408.3,66.8,447.0,369.1
1600238,388.4,135.6,235.0,44.1,193.8
1600239,365.6,131.2,363.2,60.5,233.8
1600240,446.1,106.6,478.1,114.5,392.9
1600241,45.0,185.6,323.2,49.6,132.4
1600242,234.1,256.6,256.8,277.7,421.0
1600243,391.7,155.9,71.0,476.0,258.5
1600244,403.8,320.1,56.9,311.8,352.6
1600245,183.8,98.9,316.8,139.1,81.6
1600246,414.4,487.7,424.9,496.6,424.9
1600247,103.7,450.3,139.6,260.3,367.8
1600248,198.4,120.1,389.4,157.5,279.2
1600249,287.4,439.5,181.3,383.2,328.3
1600250,372.3,296.2,437.8,185.9,413.6
1600251,22.6,299.2,360.3,183.2,409.5
1600252,143.1,431.8,400.0,428.0,92.6
1600253,325.6,209.0,231.2,110.8,332.2
1600254,491.5,106.0,315.9,46.7,256.4
1600255,393.8,440.3,458.1,53.3,309.7
1600256,57.2,459.9,329.4,27.2,221.1
1600257,408.9,342.2,445.9,208.8,218.7
1600258,134.5,201.5,326.1,438.5,260.2
1600259,264.0,393.1,261.1,367.8,191.7
1600260,87.3,145.6,427.2,338.3,436.8
1600261,82.0,362.1,286.8,177.5,359.6
1600262,359.0,24.7,49.0,20.8,388.9
1600263,262.3,115.8,335.0,204.3,169.5
1600264,32.5,117.9,222.2,46.4,241.7
1600265,99.0,457.2,90.5,431.1,41.5
1600266,256.1,117.8,122.2,245.6,241.5
1600267,110.6,155.2,419.0,170.5,115.8
1600268,263.6,26.1,461.4,91.0,21.4
1600269,432.4,249.7,175.1,488.6,490.7
1600270,254.0,117.7,218.0,362.9,319.3
1600271,326.0,385.5,412.9,495.3,152.1
1600272,364.9,73.7,420.4,455.1,139.7
1600273,173.6,409.1,57.3,65.4,99.7
1600274,402.1,100.5,35.3,156.5,470.9
1600275,55.6,10.1,67.0,324.7,249.1
1600276,48.8,106.4,450.6,215.4,471.8
1600277,211.4,10.6,169.8,284.8,412.6
1600278,369.5,259.7,469.5,472.1,160.2
1600279,114.7,288.9,260.4,391.5,302.0
1600280,260.2,180.4,350.8,247.7,362.1
1600281,123.3,208.2,358.7,368.8,28.9
1600282,356.1,367.9,177.3,33.0,217.6
1600283,93.9,390.2,16.9,150.6,130.2
1600284,143.3,148.3,383.8,266.7,255.5
1600285,263.2,58.7,170.0,23.7,231.9
1600286,88.1,155.9,,73.0,282.8
1600287,241.3,35.6,424.0,150.4,343.9
1600288,99.5,331.4,118.0,412.2,169.5
1600289,31.0,105.0,86.0,328.4,351.6
1600290,204.8,399.2,335.3,289.6,428.8
1600291,463.5,211.1,169.3,295.5,338.3
1600292,250.3,240.5,187.3,168.6,147.8
1600293,193.9,26.3,341.9,271.8,473.0
1600294,490.7,90.7,211.8,76.6,117.2
1600295,346.5,50.7,79.9,246.0,371.5
1600296,156.7,70.5,459.1,322.1,464.2
1600297,437.5,142.3,255.0,306.1,116.5
1600298,442.0,288.9,150.6,106.1,498.7
1600299,88.4,292.4,432.9,367.8,367.4
1600300,223.7,139.9,446.3,382.5,351.6
1600301,190.1,363.8,229.1,183.9,261.0
1600302,248.8,153.3,83.5,487.9,441.3
1600303,419.3,350.0,424.2,366.9,372.0
1600304,407.8,57.2,457.2,496.7,54.5
1600305,464.6,323.4,378.2,332.7,435.3
1600306,193.5,66.5,333.5,216.3,323.3
1600307,360.2,234.9,92.2,135.3,398.8
1600308,425.9,498.5,391.4,449.9,479.9
1600309,307.3,317.7,249.7,267.4,455.8
1600310,451.5,301.4,147.8,65.9,447.1
1600311,217.4,184.5,290.8,77.4,212.6
1600312,497.5,280.4,122.1,304.1,75.8
1600313,170.4,155.4,42.6,142.3,312.4
1600314,22.0,279.3,20.2,489.0,130.5
1600315,163.9,462.4,77.9,263.1,475.1
1600316,45.5,470.8,97.4,105.5,479.9
1600317,486.5,95.1,206.0,39.9,175.3
1600318,217.0,67.5,51.3,107.4,226.1
1600319,188.2,183.4,117.4,297.6,111.2
1600320,66.2,371.5,98.7,219.2,71.7
1600321,274.9,350.2,164.2,171.1,394.2
1600322,226.1,97.7,76.7,199.2,436.2
1600323,216.0,392.8,392.0,499.2,103.5
1600324,139.8,376.5,171.7,132.5,12.2
1600325,467.2,428.8,302.3,220.3,350.9
1600326,155.0,207.1,362.9,261.5,344.2
1600327,169.0,324.9,168.7,347.4,455.4
1600328,300.3,264.0,68.6,210.6,211.4
1600329,349.7,45.6,249.8,110.2,253.7
1600330,64.0,347.2,153.8,266.7,144.4
1600331,195.3,22.7,301.7,257.4,310.5
1600332,172.1,279.8,86.5,61.7,167.5
1600333,170.4,174.4,295.8,464.8,33.4
1600334,247.3,91.9,405.8,61.8,287.4
1600335,51.1,175.5,228.0,389.3,154.6
1600336,438.7,261.1,22.4,237.3,141.9
1600337,77.2,166.6,487.5,194.2,170.5
1600338,234.6,150.2,327.2,227.3,28.1
1600339,494.3,498.8,324.0,201.9,124.1
1600340,290.4,76.5,482.5,143.0,137.1
1600341,452.2,200.4,381.5,481.1,84.8
1600342,451.5,480.9,273.0,206.1,34.9
1600343,360.1,466.4,248.1,399.8,225.5
1600344,289.4,97.9,64.3,13.5,206.2
1600345,420.7,370.7,383.0,130.3,435.4
1600346,104.3,148.1,423.7,253.1,198.3
1600347,471.8,278.4,493.4,117.5,422.1
1600348,230.4,32.6,349.6,171.7,182.7
1600349,174.2,209.3,82.6,40.5,496.8
1600350,274.0,490.4,468.9,166.8,45.8
1600351,72.6,423.4,422.5,207.0,13.0
1600352,497.9,306.8,362.5,50.3,92.7
1600353,185.9,152.4,475.4,386.6,353.5
1600354,463.8,257.2,249.8,242.7,370.0
1600355,339.9,469.7,362.8,470.2,453.2
1600356,296.6,188.5,400.3,308.6,294.9
1600357,467.3,177.4,467.8,362.4,107.0
1600358,102.3,306.2,214.1,55.7,138.9
1600359,320.5,110.3,304.7,402.1,163.4
1600360,413.7,266.2,266.2,419.5,242.2
1600361,279.7,194.1,274.8,297.8,199.2
1600362,156.2,491.1,396.0,349.2,418.0
1600363,29.2,313.4,160.3,299.1,293.1
1600364,92.6,403.8,223.8,220.4,315.7
1600365,343.4,368.7,464.8,467.6,237.1
1600366,417.5,178.7,104.2,380.7,254.4
1600367,396.9,405.3,12.5,130.4,411.7
1600368,208.7,80.9,382.4,390.5,410.6
1600369,394.3,96.7,329.6,431.7,495.7
1600370,168.9,482.2,397.0,337.3,393.0
1600371,318.7,121.8,206.8,491.7,494.6
1600372,58.6,225.0,100.1,418.1,217.8
1600373,318.0,345.3,251.3,67.9,441.4
1600374,151.4,407.4,373.1,294.3,94.8
1600375,283.6,183.3,83.6,245.1,219.0
1600376,414.9,353.2,139.3,141.5,447.1
1600377,278.0,292.8,245.4,34.3,290.9
1600378,69.1,454.5,430.0,31.2,244.2
1600379,31.7,161.0,455.4,486.2,484.9
1600380,132.8,281.4,157.3,482.2,88.1
1600381,254.2,398.1,61.9,496.8,382.4
1600382,311.8,390.3,313.0,158.1,455.0
1600383,352.2,322.4,342.7,203.5,102.5
1600384,97.2,417.9,257.9,49.4,164.0
1600385,385.4,84.8,498.0,256.7,225.7
1600386,238.6,392.4,47.1,146.9,144.9
1600387,404.8,171.7,116.9,349.0,196.3
1600388,383.7,32.8,288.7,406.1,103.0
1600389,361.3,27.4,183.6,178.8,309.3
1600390,272.5,177.7,328.9,304.4,53.8
1600391,253.3,208.9,339.2,457.8,189.1
1600392,448.2,236.4,228.9,496.2,333.1
1600393,380.8,272.0,268.6,175.1,95.8
1600394,482.7,382.5,482.1,173.9,454.3
1600395,341.3,17.1,141.2,483.6,141.6
1600396,419.8,83.7,476.3,406.2,355.5
1600397,450.3,135.1,44.1,47.1,424.5
1600398,135.8,83.9,169.0,280.0,202.8
1600399,286.1,161.5,276.0,221.7,231.5
1600400,433.5,273.1,77.1,301.0,491.6
1600401,98.7,66.7,259.7,268.1,85.9
1600402,459.6,178.1,170.5,269.8,432.5
1600403,292.0,448.5,283.5,268.6,471.9
1600404,385.5,476.8,466.5,300.2,113.2
1600405,15.6,362.8,109.9,76.6,83.3
1600406,473.1,366.3,220.4,387.3,265.1
1600407,360.5,274.4,410.2,416.5,344.9
1600408,353.6,349.1,53.3,125.6,259.6
1600409,138.0,59.2,323.7,88.7,128.3
1600410,264.6,319.1,354.1,117.0,376.6
1600411,304.1,360.5,333.7,407.0,460.2
1600412,208.0,237.6,159.7,265.2,102.1
1600413,383.7,379.4,30.9,350.6,257.2
1600414,43.7,206.4,280.9,215.3,181.7
1600415,159.0,304.4,296.4,21.9,356.2
1600416,311.3,66.4,458.2,409.5,325.4
1600417,186.8,432.7,191.3,287.6,458.9
1600418,384.2,205.6,151.3,416.3,406.7
1600419,405.5,28.0,354.1,33.8,94.7
1600420,472.4,231.2,202.7,455.0,443.9
1600421,248.5,404.0,332.0,411.3,113.1
1600422,299.5,69.3,69.7,270.0,459.7
1600423,237.2,64.7,237.1,103.4,469.6
1600424,246.3,52.0,173.7,135.4,112.0
1600425,424.8,349.3,42.3,312.6,263.6
1600426,485.0,59.1,458.7,491.5,80.6
1600427,12.9,223.1,384.9,242.4,178.8
1600428,171.1,98.5,20.4,244.7,148.4
1600429,276.4,35.0,338.5,476.3,353.2
1600430,14.2,316.7,488.2,409.7,130.1
1600431,67.0,414.5,220.8,456.8,209.8
1600432,203.0,200.8,172.8,277.0,217.1
1600433,321.1,57.7,61.7,488.4,30.9
1600434,227.0,454.5,201.6,289.1,259.9
1600435,123.8,291.7,307.3,106.3,68.2
1600436,82.1,142.8,,151.9,21.2
1600437,248.2,350.9,286.7,150.1,34.3
1600438,462.2,360.4,240.5,256.3,231.7
1600439,333.7,167.0,438.8,85.0,238.8
1600440,215.0,263.7,176.1,299.1,150.7
1600441,357.8,144.0,251.6,136.0,485.3
1600442,197.6,67.8,,129.1,62.7
1600443,385.7,196.7,300.8,51.0,192.3
1600444,110.8,385.0,98.2,430.4,171.2
1600445,149.9,91.8,187.0,369.0,211.4
1600446,278.3,441.2,128.8,391.4,446.6
1600447,146.5,373.2,445.8,448.2,391.8
1600448,424.3,325.0,419.0,14.1,301.4
1600449,224.5,201.2,127.3,156.7,10.3
1600450,333.5,466.7,126.2,287.3,127.1
1600451,345.6,386.0,204.2,230.5,107.5
1600452,344.0,82.0,31.3,481.6,340.2
1600453,299.3,106.9,159.3,487.1,109.0
1600454,189.9,85.8,345.1,223.3,30.1
1600455,124.8,442.0,64.4,253.1,241.2
1600456,370.2,100.2,179.3,85.9,256.1
1600457,442.7,138.0,294.2,383.3,177.9
1600458,225.5,218.3,189.7,76.6,19.5
1600459,76.2,42.3,228.6,322.3,75.6
1600460,417.8,421.5,49.8,450.4,488.3
1600461,73.2,398.4,353.4,312.8,82.8
1600462,255.0,91.2,161.5,479.8,157.9
1600463,101.5,124.4,381.3,43.3,159.5
1600464,297.4,176.6,320.4,357.6,45.5
1600465,274.8,51.9,143.4,499.3,334.7
1600466,435.9,68.4,32.3,356.0,212.8
1600467,256.1,232.8,263.5,397.5,167.7
1600468,332.8,81.8,342.8,463.0,164.0
1600469,281.4,224.1,123.6,444.4,297.5
1600470,489.5,17.1,304.8,364.3,322.4
1600471,147.1,302.8,280.3,380.3,60.5
1600472,46.6,17.8,358.4,392.3,299.4
1600473,124.6,477.2,445.0,259.2,335.7
1600474,66.9,420.3,269.2,300.4,89.1
1600475,127.0,248.1,456.4,240.0,470.1
1600476,248.5,27.9,48.7,332.2,329.8
1600477,296.7,441.9,210.7,235.5,23.7
1600478,130.9,38.0,314.4,253.2,400.7
1600479,386.7,64.1,423.0,398.9,435.5
1600480,306.9,418.6,264.6,387.4,382.7
1600481,470.3,114.1,20.3,91.5,294.3
1600482,11.4,268.9,254.9,95.4,200.6
1600483,52.7,443.3,314.6,133.2,201.3
1600484,107.5,403.5,59.5,390.5,423.9
1600485,85.1,210.2,161.3,209.4,219.7
1600486,154.6,67.0,477.9,196.1,13.0
1600487,262.4,249.8,364.5,249.5,181.5
1600488,393.1,433.7,304.8,292.7,357.5
1600489,73.6,366.6,110.2,455.7,252.5
1600490,241.6,87.5,273.1,35.2,183.3
1600491,335.5,410.4,450.0,309.2,190.7
1600492,291.3,15.2,423.4,50.6,476.4
1600493,359.4,347.6,149.1,167.3,291.7
1600494,209.8,389.5,43.3,258.1,231.9
1600495,455.4,440.8,,35.0,162.0
1600496,484.6,480.5,147.9,419.5,49.6
1600497,493.3,38.1,152.7,422.7,94.5
1600498,473.3,23.2,47.9,188.8,222.5
1600499,152.4,402.9,295.7,64.7,46.6
1600500,486.9,373.3,358.3,226.2,56.9
1600501,58.4,439.7,296.5,78.8,300.2
1600502,256.0,396.7,166.8,308.4,114.4
1600503,454.9,197.2,342.3,432.8,309.2
1600504,344.1,81.4,223.2,258.6,380.7
1600505,249.8,107.6,424.4,240.1,243.9
1600506,63.8,236.5,195.6,441.4,54.6
1600507,474.1,10.9,222.0,415.1,164.3
1600508,134.8,243.9,446.5,342.3,176.0
1600509,482.8,398.5,89.2,475.0,261.3
1600510,207.0,335.6,289.4,251.0,58.8
1600511,106.1,73.2,307.0,334.4,388.6
1600512,259.5,274.4,381.6,466.6,165.4
1600513,322.8,106.9,490.0,408.9,299.7
1600514,490.4,149.3,213.8,463.3,226.7
1600515,393.6,229.2,243.8,103.4,62.2
1600516,139.1,350.0,263.7,285.8,414.1
1600517,226.9,404.5,143.0,491.8,110.1
1600518,332.5,449.1,97.8,102.3,60.2
1600519,72.1,284.0,205.5,411.4,472.2
1600520,64.0,433.5,55.4,411.8,187.1
1600521,412.0,207.6,,251.0,281.9
1600522,376.7,383.8,324.1,342.6,163.8
1600523,175.0,285.2,231.5,372.8,104.2
1600524,407.9,425.9,31.7,132.1,483.3
1600525,373.6,251.8,198.3,354.9,264.7
1600526,185.5,248.9,199.7,427.7,299.6
1600527,256.3,268.1,396.0,330.0,20.0
1600528,388.4,311.5,432.6,25.0,221.8
1600529,353.2,182.3,309.9,377.2,222.4
1600530,280.1,468.7,302.4,304.3,50.3
1600531,226.7,168.7,99.6,26.9,99.5
1600532,141.1,413.5,243.5,365.8,406.2
1600533,388.7,161.4,276.6,393.4,423.3
1600534,318.4,54.5,449.7,48.8,80.1
1600535,203.3,482.5,190.8,29.1,64.1
1600536,155.6,490.6,161.4,253.8,68.4
1600537,120.6,291.6,275.6,13.9,51.1
1600538,181.9,371.8,382.3,317.3,229.2
1600539,272.0,367.9,238.0,200.8,229.9
1600540,408.2,247.1,34.5,121.6,26.3
1600541,309.3,421.7,151.5,167.8,393.0
1600542,403.3,116.4,399.2,126.4,104.2
1600543,96.2,367.0,131.1,125.0,76.4
1600544,49.2,40.3,128.0,260.9,376.1
1600545,422.5,440.2,408.4,327.2,320.6
1600546,491.5,248.6,263.1,157.8,25.2
1600547,447.8,485.1,385.9,73.3,316.3
1600548,136.3,96.3,84.2,221.2,493.1
1600549,15.1,165.4,466.3,298.9,312.7
1600550,31.3,429.3,403.1,234.4,356.0
1600551,471.2,363.0,105.8,133.6,163.9
1600552,490.3,78.3,381.7,136.7,259.4
1600553,499.1,121.7,407.2,115.5,433.0
1600554,266.4,381.9,421.5,95.1,442.4
1600555,256.3,186.6,253.5,238.9,214.6
1600556,231.5,260.7,73.7,281.2,440.3
1600557,335.7,287.2,412.6,340.6,237.4
1600558,204.5,401.5,299.2,118.0,238.0
1600559,494.2,220.5,39.1,364.8,374.1
1600560,28.6,394.8,73.7,179.9,311.2
1600561,133.8,490.9,167.7,210.9,379.7
1600562,241.5,291.8,256.3,153.6,235.5
1600563,190.7,256.7,253.5,414.3,239.7
1600564,338.7,42.8,429.6,395.9,180.0
1600565,339.3,52.3,282.5,474.3,334.6
1600566,439.1,321.9,68.5,261.8,134.7
1600567,216.3,263.8,491.4,104.4,123.3
1600568,105.9,276.1,363.5,130.3,106.4
1600569,106.2,46.4,92.3,74.6,164.2
1600570,372.3,157.8,13.7,71.7,182.5
1600571,401.5,365.0,71.2,38.7,206.7
1600572,445.7,262.0,265.0,120.9,405.6
1600573,465.0,136.0,385.5,30.0,271.3
1600574,484.0,393.2,236.2,238.8,390.8
1600575,413.1,239.2,421.7,130.3,351.1
1600576,367.6,51.7,418.2,286.6,123.7
1600577,128.4,450.5,203.7,129.3,493.7
1600578,426.8,261.8,425.4,20.4,446.5
1600579,412.3,258.7,144.2,43.8,455.0
1600580,186.4,394.8,381.4,189.1,304.7
1600581,164.4,437.9,138.0,495.9,389.4
1600582,473.6,429.0,404.7,314.6,212.3
1600583,334.0,500.0,261.3,108.3,336.2
1600584,120.7,363.4,188.6,284.5,489.5
1600585,406.4,428.1,275.4,28.6,418.0
1600586,196.4,153.8,145.1,10.7,180.0
1600587,183.0,174.5,61.6,128.4,144.5
1600588,479.0,417.0,275.1,351.8,90.0
1600589,386.6,40.3,106.4,34.2,55.7
1600590,26.2,190.9,170.3,284.4,297.7
1600591,332.3,302.1,342.2,93.2,87.7
1600592,315.2,383.3,303.2,420.8,368.6
1600593,323.1,235.0,460.1,203.2,422.3
1600594,236.3,294.3,200.0,23.5,111.2
1600595,430.8,211.0,138.8,388.5,246.9
1600596,66.0,311.4,132.8,155.4,199.5
1600597,471.0,116.2,332.2,267.6,85.6
1600598,474.9,79.3,289.4,452.9,175.9
1600599,437.2,38.5,220.9,364.2,58.3
1600600,231.0,24.7,24.7,207.3,278.7
1600601,381.1,367.2,313.3,468.1,273.9
1600602,197.0,176.4,99.9,158.8,344.1
1600603,12.3,211.0,335.0,94.0,302.7
1600604,192.0,329.6,230.3,355.2,10.2
1600605,333.4,224.5,12.5,223.6,163.2
1600606,432.9,148.9,266.9,498.4,64.1
1600607,224.8,474.0,424.2,97.6,334.0
1600608,98.1,98.3,77.2,452.4,157.7
1600609,312.1,481.6,105.4,454.4,302.8
1600610,334.6,159.2,217.5,489.7,356.6
1600611,317.8,178.1,169.5,271.8,181.9
1600612,348.4,412.6,307.8,312.5,332.5
1600613,330.8,316.9,100.0,295.0,156.6
1600614,316.9,261.5,299.4,461.8,66.8
1600615,286.6,386.8,338.2,104.4,411.9
1600616,326.9,223.4,250.5,144.4,242.0
1600617,66.1,235.1,169.5,280.6,113.9
1600618,132.6,196.7,264.8,382.6,101.1
1600619,70.6,97.7,249.9,428.6,465.4
1600620,259.3,256.4,271.3,391.0,259.0
1600621,310.5,495.5,382.5,156.7,56.3
1600622,82.2,353.0,271.4,159.0,353.4
1600623,442.3,309.3,421.3,14.2,291.0
1600624,493.8,280.3,110.9,351.2,319.0
1600625,394.6,262.4,265.2,495.9,59.7
1600626,16.0,82.9,448.0,449.0,100.1
1600627,109.3,344.9,158.8,57.9,315.6
1600628,299.6,268.4,413.5,106.6,104.4
1600629,155.0,155.1,286.6,202.3,423.9
1600630,78.8,333.1,150.7,112.3,340.0
1600631,159.4,116.0,144.1,386.6,205.6
1600632,198.3,21.8,298.1,188.5,254.3
1600633,202.8,238.1,329.2,85.2,353.4
1600634,412.6,290.3,298.3,269.4,317.1
1600635,178.9,138.4,112.2,87.3,103.4
1600636,18.0,292.3,32.0,343.5,24.3
1600637,167.2,197.4,125.3,442.2,371.9
1600638,231.3,274.7,494.2,417.8,90.7
1600639,28.1,493.8,376.6,364.6,370.4
1600640,195.1,370.4,261.3,287.2,370.7
1600641,23.4,418.7,110.6,250.5,63.8
1600642,144.3,408.4,97.2,143.2,202.3
1600643,495.7,402.9,483.9,346.6,199.2
1600644,489.3,49.0,312.1,406.1,136.6
1600645,25.9,16.5,239.9,189.2,68.0
1600646,396.4,168.4,197.0,408.2,230.5
1600647,161.0,132.6,95.4,87.1,275.9
1600648,184.3,255.7,370.0,74.2,292.9
1600649,155.4,177.6,211.4,382.2,221.3
1600650,74.5,293.5,285.0,60.6,171.9
1600651,469.0,65.4,297.3,84.1,492.3
1600652,73.3,146.7,165.4,297.3,205.8
1600653,97.3,237.0,206.7,459.1,101.4
1600654,358.0,325.4,480.5,375.4,286.4
1600655,277.3,202.2,234.9,423.5,42.0
1600656,429.4,81.1,194.8,467.6,126.3
1600657,264.1,464.3,217.9,333.3,217.6
1600658,106.1,420.4,402.3,492.2,245.9
1600659,223.2,365.4,138.4,101.1,444.8
1600660,372.9,266.4,146.5,158.6,364.8
1600661,354.4,441.9,424.1,116.7,424.3
1600662,216.6,25.2,307.6,175.0,307.5
1600663,251.7,404.4,305.4,86.6,308.5
1600664,22.4,236.1,271.3,286.1,475.3
1600665,496.8,341.5,156.4,380.8,371.4
1600666,70.7,347.3,11.3,88.1,189.9
1600667,279.2,459.8,391.4,344.7,87.2
1600668,243.0,54.9,66.3,174.6,176.0
1600669,353.2,236.0,398.7,497.3,257.0
1600670,390.0,133.1,389.4,382.8,53.1
1600671,340.3,83.4,294.5,271.8,452.4
1600672,405.1,150.7,212.8,441.9,28.8
1600673,335.9,225.1,21.3,185.8,164.0
1600674,165.0,481.1,245.0,397.8,271.7
1600675,322.1,266.1,487.2,76.1,261.8
1600676,360.6,401.3,111.1,62.6,364.8
1600677,66.0,459.1,253.8,34.5,44.0
1600678,424.6,439.9,463.1,110.7,69.6
1600679,372.8,161.6,413.5,320.4,289.8
1600680,460.5,352.9,336.8,47.1,407.3
1600681,40.4,78.9,120.2,207.7,282.4
1600682,159.3,488.5,112.6,100.0,260.7
1600683,16.5,137.8,135.4,333.7,214.8
1600684,168.4,76.0,482.2,179.9,210.6
1600685,100.2,425.0,411.8,459.1,204.2
1600686,316.2,370.8,36.0,366.0,190.8
1600687,162.8,247.6,261.1,352.9,475.2
1600688,405.3,349.6,250.7,339.5,355.4
1600689,440.6,278.2,309.9,312.5,274.9
1600690,351.9,490.8,160.9,331.3,441.6
1600691,297.6,100.2,383.5,83.4,191.7
1600692,215.3,64.1,159.4,91.6,174.6
1600693,200.5,463.4,122.8,366.6,478.5
1600694,315.2,274.8,18.0,12.3,283.4
1600695,68.9,285.5,127.3,281.6,391.5
1600696,257.1,452.4,127.6,296.1,382.5
1600697,271.2,338.5,145.2,413.3,382.4
1600698,194.7,281.7,384.2,240.0,61.6
1600699,35.0,405.3,463.3,287.9,267.8
1600700,205.2,185.3,228.7,101.0,369.6
1600701,254.8,176.6,,99.9,238.5
1600702,227.8,152.1,113.6,263.9,105.8
1600703,499.2,462.5,382.8,10.9,77.1
1600704,146.8,104.5,35.7,30.6,340.5
1600705,157.2,349.8,279.9,27.9,302.6
1600706,57.3,276.2,225.0,399.2,33.4
1600707,90.9,109.9,468.5,202.5,449.3
1600708,49.8,258.2,331.1,222.8,211.1
1600709,271.3,267.6,409.3,410.3,194.8
1600710,15.8,400.7,301.9,363.4,29.4
1600711,498.1,460.4,448.1,477.4,128.9
1600712,175.9,132.6,300.8,252.9,193.4
1600713,134.2,358.8,317.0,497.6,294.9
1600714,307.0,355.9,496.4,181.5,200.8
1600715,193.1,423.4,254.6,258.4,326.0
1600716,204.7,373.1,97.2,235.4,174.1
1600717,101.8,68.3,95.7,331.0,395.3
1600718,55.1,86.0,15.7,434.7,471.1
1600719,205.8,478.3,481.3,424.4,248.6
1600720,75.3,62.7,429.4,361.3,32.8
1600721,374.6,220.1,174.0,331.0,346.6
1600722,186.9,474.4,470.6,88.9,297.9
1600723,90.4,22.9,268.0,458.8,395.2
1600724,64.3,334.7,267.3,33.8,450.3
1600725,10.1,113.1,224.9,106.9,484.8
1600726,406.3,20.7,396.4,463.2,405.6
1600727,11.3,275.2,54.9,171.7,335.1
1600728,372.9,300.2,55.6,124.7,157.6
1600729,416.8,144.6,380.5,384.9,435.1
1600730,272.5,399.8,329.4,25.5,290.9
1600731,338.4,153.6,257.5,134.7,413.3
1600732,119.0,26.7,216.3,170.2,488.7
1600733,273.2,385.3,116.3,193.0,293.6
1600734,146.8,481.9,257.2,450.4,106.8
1600735,230.4,309.1,304.2,221.2,50.9
1600736,104.3,46.4,233.7,435.2,266.9
1600737,69.0,300.1,201.0,10.4,15.7
1600738,380.8,73.6,87.0,327.7,44.6
1600739,210.5,206.6,337.8,349.4,163.3
1600740,56.2,354.6,98.7,417.9,25.8
1600741,197.7,298.9,259.9,238.1,56.6
1600742,335.6,138.1,115.8,423.8,140.8
1600743,199.6,483.3,360.9,401.3,152.5
1600744,468.9,406.4,116.3,387.2,22.9
1600745,308.3,31.9,57.8,351.2,353.6
1600746,382.5,293.0,395.7,269.6,247.9
1600747,95.6,116.7,396.4,466.2,91.6
1600748,476.0,395.4,181.8,262.7,189.7
1600749,144.4,126.0,328.5,406.2,227.5
1600750,483.5,446.9,75.4,216.2,12.4
1600751,241.6,228.3,444.3,325.7,432.6
1600752,126.9,85.2,276.7,340.8,499.2
1600753,156.7,333.4,187.1,85.2,107.9
1600754,334.0,228.4,491.4,433.8,381.0
1600755,184.4,212.2,459.3,494.7,237.4
1600756,47.1,185.0,365.4,137.6,361.2
1600757,499.7,219.9,456.7,198.4,226.3
1600758,161.3,10.7,172.5,74.2,40.6
1600759,234.0,46.8,451.2,173.5,37.7
1600760,500.0,120.0,139.6,42.6,242.4
1600761,123.8,444.0,327.4,56.4,158.8
1600762,481.0,300.2,404.5,259.2,129.0
1600763,77.2,27.4,130.2,160.7,42.7
1600764,100.1,197.1,344.7,322.9,332.9
1600765,90.0,375.3,415.5,289.5,40.6
1600766,366.0,487.5,321.0,163.9,237.1
1600767,427.6,251.3,198.9,279.6,179.4
1600768,268.6,35.3,455.6,236.9,149.9
1600769,53.6,122.5,468.6,399.8,131.4
1600770,321.8,343.3,425.3,151.5,394.4
1600771,46.7,499.3,27.6,45.0,87.8
1600772,365.5,22.6,492.2,418.1,125.7
1600773,30.1,373.3,184.5,274.3,112.8
1600774,280.0,409.5,282.0,466.9,280.7
1600775,129.2,92.8,126.8,53.1,271.4
1600776,497.4,427.6,466.9,216.6,105.0
1600777,339.5,103.4,280.3,343.2,233.9
1600778,439.2,457.7,290.8,366.6,33.1
1600779,376.2,227.7,401.2,134.0,148.6
1600780,206.1,215.8,174.9,67.4,94.7
1600781,37.3,436.4,317.1,295.2,391.2
1600782,441.5,421.5,476.6,464.6,118.0
1600783,496.9,415.7,215.4,228.9,111.1
1600784,93.9,118.7,311.1,384.8,430.6
1600785,24.3,340.1,388.4,305.7,154.6
1600786,247.4,280.1,370.3,344.8,25.8
1600787,114.5,340.8,377.4,479.7,201.3
1600788,106.5,88.7,393.0,233.8,282.2
1600789,34.8,465.0,171.7,42.3,415.0
1600790,135.3,402.7,350.7,473.7,333.3
1600791,179.8,64.2,104.4,239.3,241.7
1600792,129.3,308.7,290.6,255.9,92.7
1600793,282.2,424.9,261.1,364.4,311.1
1600794,209.6,67.1,305.1,455.6,184.9
1600795,116.6,470.5,110.9,307.6,312.3
1600796,18.0,28.4,306.9,292.4,412.9
1600797,282.2,268.6,169.4,132.0,432.9
1600798,272.9,64.1,259.2,154.2,68.7
1600799,351.5,425.4,193.8,34.8,319.4
1600800,417.6,53.4,268.3,375.6,185.4
1600801,208.6,181.4,368.4,195.0,399.2
1600802,476.4,371.5,71.7,411.3,148.4
1600803,267.0,56.0,302.1,159.4,171.3
1600804,29.5,357.8,273.7,127.1,285.7
1600805,471.2,205.6,159.7,158.1,10.8
1600806,440.1,75.1,96.0,342.1,49.0
1600807,263.4,289.1,360.8,56.8,124.4
1600808,273.7,173.5,281.4,450.0,65.6
1600809,107.6,257.4,225.5,489.2,141.4
1600810,23.6,379.6,476.8,255.7,417.8
1600811,393.9,153.4,139.8,126.1,371.9
1600812,176.5,346.6,259.1,403.8,108.1
1600813,320.9,185.8,90.5,341.1,220.7
1600814,294.7,322.7,121.5,492.5,203.9
1600815,40.3,322.5,361.5,46.4,497.0
1600816,410.3,69.3,318.6,340.0,187.6
1600817,416.0,214.0,393.6,427.1,188.1
1600818,249.0,156.3,384.8,23.4,80.7
1600819,224.9,110.3,315.4,382.0,337.3
1600820,411.0,165.8,147.7,278.8,47.0
1600821,420.7,89.8,397.8,341.4,295.6
1600822,340.3,322.3,170.0,81.9,245.0
1600823,340.8,176.0,327.7,242.7,93.0
1600824,433.9,124.7,109.5,398.8,248.6
1600825,268.6,387.1,468.2,339.4,414.7
1600826,231.4,36.7,179.3,229.0,427.5
1600827,147.1,390.9,317.8,493.5,329.5
1600828,160.9,112.5,43.5,368.3,341.9
1600829,374.5,440.7,144.3,129.4,165.5
1600830,140.7,194.0,74.6,347.7,365.0
1600831,229.4,312.7,304.9,423.1,420.9
1600832,313.5,45.0,,410.5,408.8
1600833,42.7,271.0,141.6,209.9,388.2
1600834,348.9,236.1,46.8,249.3,135.3
1600835,108.5,286.3,215.5,487.4,421.5
1600836,293.0,213.4,261.0,309.7,337.0
1600837,339.1,142.5,26.4,464.6,113.1
1600838,379.5,216.6,404.0,394.8,155.9
1600839,317.6,119.3,135.6,350.3,309.7
1600840,446.3,115.0,494.5,486.0,95.8
1600841,100.6,343.0,304.0,127.0,230.0
1600842,368.3,245.7,145.6,368.2,378.8
1600843,31.5,49.0,180.8,434.8,189.1
1600844,125.8,453.2,289.2,416.2,449.0
1600845,16.1,386.5,470.1,312.9,272.9
1600846,476.3,193.5,76.4,31.6,222.8
1600847,232.2,363.3,422.4,405.7,176.4
1600848,33.4,159.6,38.3,64.6,29.1
1600849,174.6,480.3,386.3,278.1,55.1
1600850,263.4,87.1,240.2,30.9,441.6
1600851,451.7,100.3,221.5,294.9,480.0
1600852,41.9,226.6,417.9,136.2,113.7
1600853,293.2,359.4,260.4,319.8,335.6
1600854,162.2,233.7,28.9,54.3,51.5
1600855,132.0,139.6,206.8,167.2,47.1
1600856,492.8,365.9,292.7,42.3,172.0
1600857,422.6,396.9,397.2,188.1,327.8
1600858,381.0,454.9,267.6,212.9,351.5
1600859,186.1,136.4,440.0,184.4,187.6
1600860,71.2,477.4,92.2,139.3,185.4
1600861,328.6,345.0,393.4,373.7,481.0
1600862,403.5,294.3,248.1,286.3,72.8
1600863,259.9,42.2,10.2,271.6,337.9
1600864,431.1,440.0,451.3,85.3,317.1
1600865,332.0,39.3,245.9,295.6,161.3
1600866,342.7,451.1,159.8,105.6,117.1
1600867,432.3,352.5,45.0,417.2,132.9
1600868,54.3,246.3,301.5,259.2,29.7
1600869,58.2,315.3,208.6,328.5,444.7
1600870,293.7,278.8,48.7,168.6,173.2
1600871,380.9,311.8,453.9,435.6,153.0
1600872,13.0,361.6,232.8,56.5,382.6
1600873,234.3,124.1,282.6,223.1,167.9
1600874,417.4,389.9,378.4,50.4,104.2
1600875,157.9,342.6,150.4,186.0,186.5
1600876,492.4,167.1,84.6,310.2,367.4
1600877,106.0,472.0,407.5,363.5,150.7
1600878,374.1,14.4,47.9,152.4,145.2
1600879,487.4,338.3,123.4,128.1,144.7
1600880,322.0,480.5,70.6,439.4,189.8
1600881,216.0,298.2,498.1,106.3,346.1
1600882,394.8,335.6,294.5,145.2,348.7
1600883,395.5,206.5,416.2,425.1,417.7
1600884,387.2,352.1,312.5,169.3,282.3
1600885,337.0,376.8,449.3,481.2,229.6
1600886,48.4,435.3,347.9,140.6,378.2
1600887,433.4,166.5,212.7,140.1,263.4
1600888,294.2,249.4,76.9,408.6,68.8
1600889,173.6,326.6,65.3,157.9,224.1
1600890,252.3,338.1,34.7,47.3,248.9
1600891,114.8,441.0,224.5,63.2,353.5
1600892,157.7,218.8,193.3,172.0,254.2
1600893,111.1,165.6,272.5,245.2,304.6
1600894,296.9,226.5,410.3,37.6,389.5
1600895,206.4,99.2,472.4,344.8,275.0
1600896,122.4,45.8,488.9,172.3,78.4
1600897,142.9,314.0,470.7,207.0,113.5
1600898,414.4,401.0,174.9,115.1,453.3
1600899,423.0,140.8,189.7,129.2,486.1
1600900,338.0,418.3,367.4,167.8,227.0
1600901,191.3,69.7,387.6,45.6,488.9
1600902,341.2,373.1,210.3,101.6,310.2
1600903,31.5,452.7,211.5,167.2,315.8
1600904,46.2,328.8,398.4,279.5,65.6
1600905,245.7,181.3,142.4,374.1,478.3
1600906,340.1,386.0,220.7,248.5,215.8
1600907,230.7,192.8,349.8,274.5,177.8
1600908,330.9,200.7,373.6,116.0,459.7
1600909,20.1,245.9,323.0,114.6,347.8
1600910,463.2,160.9,75.7,73.2,476.2
1600911,162.3,161.0,240.8,440.7,438.3
1600912,119.0,434.5,356.4,317.0,472.3
1600913,340.8,50.9,234.2,248.5,485.8
1600914,44.2,161.4,187.4,442.7,222.0
1600915,15.3,401.2,369.3,424.5,124.6
1600916,154.5,283.9,383.1,149.4,113.2
1600917,325.6,369.0,186.2,382.1,276.7
1600918,246.1,411.9,33.8,209.7,201.3
1600919,451.3,237.5,273.1,404.0,109.2
1600920,214.7,412.6,45.1,277.5,294.0
1600921,256.9,490.1,281.8,48.1,426.2
1600922,223.1,243.0,370.2,188.4,490.5
1600923,131.5,412.6,63.4,266.9,36.1
1600924,107.7,258.2,280.2,217.2,187.6
1600925,20.2,159.2,152.3,216.7,97.9
1600926,429.8,40.1,,54.8,67.6
1600927,426.1,58.2,436.9,491.6,401.3
1600928,246.0,284.1,378.6,415.5,239.0
1600929,139.7,291.9,461.5,71.9,135.1
1600930,168.6,75.6,271.8,127.5,136.5
1600931,462.7,64.0,281.2,353.9,105.8
1600932,362.1,98.4,38.3,231.7,412.3
1600933,339.3,444.1,339.1,276.5,86.9
1600934,346.4,111.7,387.3,404.5,64.7
1600935,70.9,406.1,367.3,16.6,30.2
1600936,48.9,80.3,344.2,178.8,488.4
1600937,394.9,15.0,461.8,134.8,285.7
1600938,144.3,223.2,64.9,404.2,318.6
1600939,59.7,435.7,202.0,402.8,311.9
1600940,235.6,320.8,258.3,457.5,27.5
1600941,148.7,425.6,249.0,240.2,64.8
1600942,61.0,496.2,75.6,334.2,473.2
1600943,368.0,103.1,430.2,429.6,492.7
1600944,106.7,301.3,175.2,424.8,87.1
1600945,282.4,371.9,310.5,177.8,375.1
1600946,390.9,338.3,470.5,282.4,255.8
1600947,354.7,194.5,48.8,122.7,387.5
1600948,263.6,278.3,285.8,56.9,105.6
1600949,20.5,59.6,331.9,330.0,401.3
1600950,41.7,433.9,385.3,38.5,16.5
1600951,65.1,392.9,461.2,21.3,245.7
1600952,341.0,218.5,72.9,465.8,453.1
1600953,370.6,45.0,225.4,479.7,125.0
1600954,264.2,69.6,85.5,482.7,117.9
1600955,118.4,411.1,133.5,35.0,373.1
1600956,16.2,165.4,433.0,457.6,286.2
1600957,42.8,409.4,89.3,87.8,279.2
1600958,427.1,206.8,78.4,128.3,457.1
1600959,495.5,151.5,432.6,23.4,142.6
1600960,105.8,488.4,21.7,152.7,221.4
1600961,195.9,153.6,199.2,236.9,327.9
1600962,384.8,172.8,305.6,328.8,189.9
1600963,365.2,210.2,15.5,390.6,412.6
1600964,305.6,226.7,332.7,252.3,103.9
1600965,92.7,121.9,422.3,139.3,69.1
1600966,63.6,272.2,397.4,269.0,121.4
1600967,264.4,112.3,49.1,469.1,459.7
1600968,228.8,141.4,464.6,427.4,433.9
1600969,354.2,243.2,204.9,314.4,31.4
1600970,181.8,19.8,353.5,30.5,95.5
1600971,465.0,186.1,478.4,136.6,231.8
1600972,256.7,477.6,240.2,454.3,193.1
1600973,368.7,128.6,78.7,396.2,293.9
1600974,427.3,198.7,185.7,407.2,455.1
1600975,37.9,161.7,116.0,257.9,72.7
1600976,388.6,380.9,264.3,98.7,366.4
1600977,358.6,144.0,467.9,377.9,179.3
1600978,411.0,431.6,442.8,92.4,318.9
1600979,206.5,169.4,24.4,102.1,496.6
1600980,439.2,372.2,484.9,273.2,258.4
1600981,419.7,232.0,232.3,202.8,29.0
1600982,22.6,199.7,399.7,66.8,471.5
1600983,173.1,115.5,386.8,382.9,136.7
1600984,439.7,367.7,297.6,311.4,449.8
1600985,244.5,235.2,55.5,57.9,27.1
1600986,101.6,178.1,65.0,34.4,392.2
1600987,223.2,69.0,214.0,217.9,498.8
1600988,360.2,182.5,41.6,301.7,331.6
1600989,62.2,152.3,493.8,380.1,88.4
1600990,218.4,238.4,40.8,194.8,91.9
1600991,346.2,182.5,381.1,24.6,101.3
1600992,176.0,453.5,294.1,37.2,227.9
1600993,20.7,213.7,50.8,222.1,56.6
1600994,437.0,287.7,164.3,280.2,60.6
1600995,279.0,129.0,422.1,439.1,107.8
1600996,97.9,417.2,254.6,193.5,361.3
1600997,475.5,283.5,71.4,145.0,139.6
1600998,65.9,452.1,362.5,465.3,415.7
1600999,50.8,383.5,284.5,271.8,138.2
1601000,291.2,469.1,71.9,398.5,98.3
