RespondentID,Country,YearsCode,Employment,Salary,PrimaryLanguage
300001,US,6,Employed full-time,60606,JavaScript
300002,US,9,Employed full-time,62752,Python
300003,India,20,Employed full-time,118035,Python
300004,India,19,Employed full-time,111392,JavaScript
300005,US,12,Employed full-time,88502,JavaScript
300006,UK,17,Employed full-time,99219,Python
300007,US,12,Employed full-time,83470,Python
300008,Canada,3,Employed full-time,46775,C++
300009,Germany,9,Employed full-time,74855,C++
300010,US,1,Not employed,49548,C++
300011,UK,3,Employed full-time,66356,Rust
300012,India,16,Employed full-time,86132,Java
300013,Germany,3,Employed full-time,37518,Python
300014,US,3,Employed full-time,62681,Python
300015,US,19,Employed full-time,110469,Python
300016,India,9,Employed full-time,73681,C++
300017,US,17,Employed full-time,99590,C++
300018,UK,3,Employed full-time,36193,C++
300019,UK,12,Employed full-time,68879,Java
300020,Canada,12,Employed full-time,89330,Python
300021,India,9,Employed full-time,63476,Python
300022,India,9,Employed full-time,65502,Java
300023,US,13,Employed full-time,86404,Rust
300024,India,2,Employed full-time,45583,JavaScript
300025,US,2,Independent contractor,56077,Python
300026,US,17,Employed full-time,88656,Java
300027,Germany,17,Independent contractor,120130,JavaScript
300028,US,18,Employed full-time,124293,Go
300029,Canada,6,Employed full-time,74364,Python
300030,Germany,1,Not employed,37785,Python
300031,US,17,Employed full-time,89267,Python
300032,US,13,Employed full-time,88258,JavaScript
300033,India,17,Independent contractor,85717,Python
300034,India,7,Employed full-time,80751,Python
300035,US,1,Employed full-time,60972,Rust
300036,Germany,19,Independent contractor,110859,C++
300037,India,8,Employed full-time,68377,Python
300038,India,10,Employed full-time,77448,Python
300039,Germany,16,Employed full-time,98906,JavaScript
300040,India,17,Employed full-time,105186,Java
300041,India,4,Employed full-time,54878,Python
300042,US,5,Employed full-time,71344,Rust
300043,India,19,Not employed,116247,JavaScript
300044,Korea,15,Employed full-time,103671,Python
300045,Canada,6,Employed full-time,65778,JavaScript
300046,US,4,Employed full-time,58342,Python
300047,US,7,Employed full-time,59188,Python
300048,US,4,Employed full-time,63414,Java
300049,Canada,18,Employed full-time,115889,JavaScript
300050,US,17,Independent contractor,95118,JavaScript
300051,US,3,Employed full-time,58182,JavaScript
300052,Germany,6,Employed full-time,51582,C++
300053,US,1,Employed full-time,42663,Python
300054,US,3,Employed full-time,40321,Python
300055,India,5,Employed full-time,78930,Rust
300056,Canada,6,Employed full-time,51719,C++
300057,US,15,Employed full-time,105433,Go
300058,Germany,19,Employed full-time,94052,Python
300059,UK,4,Employed full-time,56803,JavaScript
300060,US,9,Employed full-time,61930,JavaScript
300061,US,5,Employed full-time,74103,Go
300062,Korea,13,Employed full-time,102797,Go
300063,India,15,Employed full-time,93046,JavaScript
300064,US,19,Employed full-time,93249,Python
300065,Germany,4,Employed full-time,59795,Java
300066,Canada,16,Not employed,95933,C++
300067,US,4,Employed full-time,50606,C++
300068,US,4,Employed full-time,59524,Rust
300069,India,12,Not employed,84683,Python
300070,Canada,7,Employed full-time,49194,C++
300071,Germany,7,Employed full-time,62276,Java
300072,US,6,Not employed,58247,C++
300073,UK,10,Employed full-time,78769,Rust
300074,UK,14,Employed full-time,90033,Python
300075,US,18,Employed full-time,102500,Java
300076,US,8,Employed full-time,81226,Python
300077,India,10,Employed full-time,77036,Python
300078,US,6,Employed full-time,85465,Rust
300079,India,10,Employed full-time,81367,Python
300080,UK,2,Employed full-time,58880,Rust
300081,US,5,Independent contractor,82720,Go
300082,Korea,1,Employed full-time,55067,Go
300083,US,19,Employed full-time,107471,C++
300084,Korea,6,Employed full-time,54811,Java
300085,US,16,Independent contractor,107876,C++
300086,India,13,Employed full-time,74668,JavaScript
300087,US,3,Independent contractor,59841,JavaScript
300088,India,14,Employed full-time,87030,Python
300089,US,18,Employed full-time,92790,Java
300090,US,2,Independent contractor,49405,JavaScript
300091,India,8,Employed full-time,82294,JavaScript
300092,US,14,Employed full-time,96612,JavaScript
300093,UK,2,Employed full-time,34957,C++
300094,Canada,18,Employed full-time,119481,Rust
300095,India,20,Employed full-time,123205,Java
300096,India,6,Employed full-time,83727,Rust
300097,US,19,Employed full-time,116625,Rust
300098,Germany,4,Employed full-time,44281,Python
300099,US,1,Employed full-time,45342,JavaScript
300100,Germany,3,Employed full-time,45522,JavaScript
300101,Korea,1,Employed full-time,57494,C++
300102,Canada,6,Employed full-time,89561,Go
300103,India,10,Employed full-time,71887,Python
300104,Canada,17,Employed full-time,81242,Java
300105,US,16,Not employed,96973,JavaScript
300106,Germany,19,Employed full-time,102395,C++
300107,US,7,Employed full-time,65482,Python
300108,India,19,Employed full-time,110588,C++
300109,Germany,11,Employed full-time,87408,Python
300110,Germany,17,Employed full-time,93829,Python
300111,Canada,20,Employed full-time,121541,C++
300112,US,12,Employed full-time,95897,Go
300113,US,13,Employed full-time,74883,Python
300114,UK,2,Not employed,48982,Go
300115,UK,18,Not employed,106366,C++
300116,Germany,17,Independent contractor,107796,Go
300117,India,18,Independent contractor,109875,Rust
300118,Germany,3,Employed full-time,77172,Rust
300119,India,20,Employed full-time,121715,Java
300120,Korea,10,Employed full-time,74031,Python
300121,US,16,Employed full-time,96141,Go
300122,US,2,Employed full-time,66938,Rust
300123,Canada,3,Independent contractor,49359,C++
300124,US,13,Employed full-time,99779,Java
300125,US,9,Employed full-time,50660,C++
300126,Germany,2,Employed full-time,47493,JavaScript
300127,Germany,15,Employed full-time,92733,C++
300128,US,10,Employed full-time,76315,JavaScript
300129,US,2,Independent contractor,39150,Python
300130,US,11,Employed full-time,86981,Python
300131,US,7,Independent contractor,80252,Rust
300132,US,11,Employed full-time,85224,JavaScript
300133,India,15,Independent contractor,95209,Java
300134,UK,14,Employed full-time,109175,JavaScript
300135,US,16,Employed full-time,106795,C++
300136,Korea,16,Employed full-time,102633,JavaScript
300137,India,2,Employed full-time,38689,Python
300138,UK,6,Employed full-time,58072,Java
300139,UK,8,Employed full-time,57654,JavaScript
300140,Germany,4,Employed full-time,51798,Java
300141,Canada,14,Employed full-time,90373,C++
300142,Germany,6,Employed full-time,62886,Go
300143,India,19,Employed full-time,107036,Python
300144,UK,3,Employed full-time,60008,JavaScript
300145,Germany,11,Employed full-time,88835,JavaScript
300146,US,4,Employed full-time,53105,C++
300147,India,10,Employed full-time,78031,Python
300148,US,11,Employed full-time,95352,Rust
300149,Korea,14,Employed full-time,82971,C++
300150,India,4,Employed full-time,47175,Python
300151,Germany,13,Employed full-time,78906,JavaScript
300152,US,14,Not employed,122122,Rust
300153,Germany,4,Independent contractor,53367,Java
300154,India,14,Employed full-time,91786,C++
300155,Germany,9,Employed full-time,76385,Java
300156,US,14,Employed full-time,89483,Java
300157,US,16,Employed full-time,96055,C++
300158,India,8,Employed full-time,79266,Python
300159,US,10,Employed full-time,78641,Python
300160,Germany,7,Employed full-time,63802,Java
300161,US,19,Independent contractor,117606,Go
300162,India,12,Employed full-time,68614,JavaScript
300163,UK,17,Employed full-time,137641,Rust
300164,US,19,Employed full-time,106717,JavaScript
300165,India,3,Employed full-time,61394,Python
300166,India,1,Independent contractor,54779,Go
300167,US,16,Employed full-time,118920,Rust
300168,US,7,Employed full-time,71911,Python
300169,Germany,19,Employed full-time,89016,JavaScript
300170,US,8,Employed full-time,86851,Go
300171,UK,1,Employed full-time,52414,Python
300172,Canada,18,Employed full-time,97601,Python
300173,Canada,4,Employed full-time,64930,Java
300174,Germany,16,Employed full-time,96707,Python
300175,Canada,2,Employed full-time,54068,Python
300176,Germany,4,Employed full-time,53548,Python
300177,UK,17,Employed full-time,108943,Python
300178,India,18,Employed full-time,97444,JavaScript
300179,US,9,Employed full-time,74550,JavaScript
300180,UK,5,Employed full-time,75370,Java
300181,Canada,11,Employed full-time,89281,Java
300182,UK,9,Employed full-time,82478,Python
300183,Germany,3,Employed full-time,44129,C++
300184,India,15,Employed full-time,112370,JavaScript
300185,India,7,Employed full-time,66023,JavaScript
300186,Canada,9,Employed full-time,72134,Java
300187,US,19,Employed full-time,108115,JavaScript
300188,UK,7,Employed full-time,76604,Go
300189,US,17,Employed full-time,103932,Java
300190,India,14,Employed full-time,72659,JavaScript
300191,India,16,Employed full-time,88683,Rust
300192,US,1,Employed full-time,42615,Python
300193,Germany,10,Employed full-time,83374,Java
300194,US,5,Employed full-time,50962,JavaScript
300195,UK,14,Employed full-time,82803,Java
300196,India,8,Employed full-time,74685,Go
300197,Canada,1,Employed full-time,39777,Python
300198,US,3,Employed full-time,38835,Python
300199,Korea,12,Employed full-time,98106,Go
300200,US,1,Employed full-time,43140,Python
300201,India,12,Employed full-time,88357,JavaScript
300202,UK,1,Employed full-time,43606,JavaScript
300203,US,9,Employed full-time,70038,JavaScript
300204,US,11,Independent contractor,81365,Java
300205,Canada,7,Independent contractor,62865,JavaScript
300206,US,7,Employed full-time,81398,Python
300207,Germany,1,Employed full-time,39561,JavaScript
300208,UK,5,Independent contractor,61037,JavaScript
300209,US,20,Employed full-time,113528,Java
300210,UK,4,Employed full-time,62200,Python
300211,US,3,Not employed,37605,Java
300212,Germany,2,Employed full-time,51904,Python
300213,Germany,18,Employed full-time,113759,Rust
300214,US,6,Employed full-time,45461,Python
300215,Canada,4,Employed full-time,46721,Python
300216,UK,20,Employed full-time,115726,C++
300217,Germany,9,Employed full-time,82393,Go
300218,US,17,Employed full-time,90768,Java
300219,Canada,14,Employed full-time,101725,Java
300220,Germany,19,Employed full-time,108860,C++
300221,India,5,Employed full-time,67964,Python
300222,India,7,Employed full-time,84840,Go
300223,Germany,3,Employed full-time,53674,Rust
300224,US,17,Employed full-time,123909,Rust
300225,Germany,9,Employed full-time,85182,Rust
300226,UK,16,Employed full-time,100544,JavaScript
300227,US,10,Employed full-time,66459,JavaScript
300228,India,3,Employed full-time,46919,Java
300229,US,3,Employed full-time,64368,Go
300230,Canada,10,Employed full-time,62467,Python
300231,US,16,Employed full-time,91788,Python
300232,India,15,Not employed,81947,Python
300233,US,8,Employed full-time,69792,Java
300234,US,9,Employed full-time,75738,JavaScript
300235,India,14,Employed full-time,93917,JavaScript
300236,US,5,Employed full-time,51419,C++
300237,US,6,Employed full-time,58633,JavaScript
300238,UK,2,Employed full-time,46099,Java
300239,US,3,Employed full-time,66706,Python
300240,US,4,Independent contractor,56523,JavaScript
300241,India,14,Employed full-time,99680,Go
300242,Canada,19,Independent contractor,100861,JavaScript
300243,US,5,Employed full-time,65403,Java
300244,US,1,Employed full-time,56625,Java
300245,Germany,9,Employed full-time,68896,JavaScript
300246,India,19,Employed full-time,101567,Python
300247,India,19,Employed full-time,112012,C++
300248,US,14,Employed full-time,75683,JavaScript
300249,India,19,Employed full-time,117115,JavaScript
300250,Germany,7,Employed full-time,56516,Java
300251,India,14,Employed full-time,100080,Rust
300252,Germany,13,Employed full-time,76627,Python
300253,India,20,Employed full-time,108467,Python
300254,Germany,17,Employed full-time,98637,Java
300255,Korea,5,Employed full-time,51086,JavaScript
300256,US,15,Independent contractor,106690,C++
300257,Korea,10,Employed full-time,67689,JavaScript
300258,US,1,Employed full-time,43894,JavaScript
300259,India,15,Independent contractor,95883,JavaScript
300260,Germany,2,Employed full-time,36960,JavaScript
300261,Korea,3,Employed full-time,41665,Python
300262,UK,20,Employed full-time,91579,Python
300263,US,19,Employed full-time,104504,JavaScript
300264,Korea,1,Employed full-time,44418,JavaScript
300265,US,1,Employed full-time,45877,Java
300266,Canada,11,Employed full-time,77567,Python
300267,India,14,Employed full-time,89552,Rust
300268,Canada,20,Employed full-time,114300,JavaScript
300269,India,3,Employed full-time,50123,C++
300270,US,18,Employed full-time,119459,Go
300271,Canada,1,Employed full-time,34532,Python
300272,Germany,3,Not employed,45744,Python
300273,Korea,12,Employed full-time,85412,C++
300274,US,18,Employed full-time,96065,Python
300275,US,18,Employed full-time,112728,Python
300276,UK,1,Employed full-time,49927,JavaScript
300277,Germany,3,Employed full-time,64322,Go
300278,Germany,15,Employed full-time,84769,JavaScript
300279,Canada,4,Employed full-time,52033,C++
300280,US,7,Employed full-time,66834,Python
300281,India,12,Independent contractor,90211,Java
300282,UK,1,Independent contractor,37607,JavaScript
300283,US,9,Employed full-time,60047,Python
300284,India,13,Employed full-time,106621,Rust
300285,India,8,Employed full-time,83337,Go
300286,UK,2,Employed full-time,76335,Rust
300287,India,17,Employed full-time,106454,Python
300288,US,2,Employed full-time,41647,Java
300289,India,1,Employed full-time,39960,C++
300290,UK,13,Employed full-time,90607,JavaScript
300291,US,1,Employed full-time,44713,Rust
300292,India,12,Employed full-time,83149,Python
300293,UK,8,Employed full-time,76497,Go
300294,India,5,Employed full-time,63557,C++
300295,Germany,19,Independent contractor,101222,Java
300296,India,15,Employed full-time,91747,Java
300297,Germany,16,Independent contractor,85659,Python
300298,US,17,Employed full-time,110083,Python
300299,UK,12,Employed full-time,79356,C++
300300,UK,20,Employed full-time,107332,JavaScript
300301,US,3,Employed full-time,53851,Python
300302,US,16,Employed full-time,113026,Go
300303,India,2,Employed full-time,51496,C++
300304,India,16,Employed full-time,93107,JavaScript
300305,India,12,Employed full-time,91356,Java
300306,US,6,Independent contractor,85246,Go
300307,UK,19,Employed full-time,109421,Go
300308,US,10,Independent contractor,101246,C++
300309,Canada,4,Employed full-time,53242,C++
300310,US,10,Employed full-time,90710,Python
300311,US,7,Not employed,70758,Python
300312,US,12,Employed full-time,86271,Python
300313,Germany,7,Employed full-time,66354,Python
300314,Germany,15,Employed full-time,97068,Python
300315,India,16,Employed full-time,99743,Python
300316,India,2,Employed full-time,34907,Java
300317,UK,19,Employed full-time,103584,Python
300318,India,15,Employed full-time,103204,Rust
300319,US,19,Employed full-time,105963,Python
300320,India,12,Employed full-time,92484,Rust
300321,US,14,Employed full-time,88236,Python
300322,US,15,Employed full-time,90463,JavaScript
300323,India,2,Employed full-time,39352,Java
300324,Germany,12,Employed full-time,86107,Python
300325,India,4,Employed full-time,69160,Python
300326,Canada,2,Employed full-time,44622,Java
300327,India,15,Employed full-time,90875,C++
300328,UK,15,Employed full-time,99708,Python
300329,India,9,Employed full-time,73570,JavaScript
300330,India,10,Not employed,68317,Python
300331,Germany,11,Employed full-time,82384,C++
300332,India,13,Employed full-time,87341,Python
300333,US,16,Not employed,109871,Java
300334,US,17,Not employed,105516,Python
300335,Germany,7,Employed full-time,64312,Java
300336,US,16,Employed full-time,99462,JavaScript
300337,India,5,Employed full-time,56766,Python
300338,US,3,Employed full-time,72656,Python
300339,UK,12,Employed full-time,92340,Rust
300340,India,10,Employed full-time,65708,Java
300341,US,10,Employed full-time,70411,C++
300342,India,12,Employed full-time,88508,Python
300343,Canada,5,Employed full-time,56471,JavaScript
300344,Canada,19,Employed full-time,105586,JavaScript
300345,Canada,1,Independent contractor,56003,JavaScript
300346,India,20,Employed full-time,107525,JavaScript
300347,Korea,8,Employed full-time,58576,Python
300348,US,16,Employed full-time,86073,JavaScript
300349,US,5,Employed full-time,55625,Python
300350,India,12,Employed full-time,83513,JavaScript
300351,US,7,Employed full-time,68531,Java
300352,Korea,6,Employed full-time,81358,Go
300353,India,19,Employed full-time,116724,JavaScript
300354,US,6,Employed full-time,64298,Java
300355,India,19,Employed full-time,118459,Python
300356,UK,11,Employed full-time,87102,Rust
300357,US,3,Employed full-time,70439,Rust
300358,India,20,Employed full-time,119206,Java
300359,US,1,Independent contractor,30089,C++
300360,UK,5,Employed full-time,53376,Python
300361,US,3,Employed full-time,43300,Python
300362,US,19,Employed full-time,113504,Java
300363,Germany,7,Not employed,73076,Java
300364,US,13,Employed full-time,80314,Python
300365,India,8,Employed full-time,91915,Java
300366,US,9,Independent contractor,65319,JavaScript
300367,Germany,16,Not employed,117563,C++
300368,Germany,19,Employed full-time,111292,Java
300369,US,18,Employed full-time,96208,C++
300370,India,2,Employed full-time,48484,Python
300371,US,16,Employed full-time,114335,Go
300372,Germany,6,Employed full-time,62214,Java
300373,UK,1,Employed full-time,44453,Python
300374,India,8,Employed full-time,55721,Java
300375,US,5,Employed full-time,75934,Rust
300376,US,1,Employed full-time,44983,JavaScript
300377,India,10,Employed full-time,73379,Java
300378,India,11,Employed full-time,77315,Python
300379,India,4,Employed full-time,42345,JavaScript
300380,US,15,Employed full-time,107305,Go
300381,US,12,Employed full-time,87353,JavaScript
300382,Germany,12,Employed full-time,89677,Java
300383,UK,17,Employed full-time,120215,Go
300384,India,16,Employed full-time,95931,Python
300385,UK,6,Employed full-time,71037,Python
300386,US,14,Employed full-time,79217,JavaScript
300387,India,3,Employed full-time,48440,Python
300388,US,13,Employed full-time,66948,Python
300389,India,3,Independent contractor,51818,Python
300390,US,1,Employed full-time,54841,Python
300391,Germany,17,Employed full-time,112578,Go
300392,India,18,Employed full-time,112821,Python
300393,US,3,Not employed,43673,JavaScript
300394,Canada,8,Employed full-time,72288,Java
300395,US,1,Employed full-time,42139,C++
300396,India,20,Employed full-time,120303,Python
300397,Germany,4,Employed full-time,60437,JavaScript
300398,US,20,Employed full-time,107659,JavaScript
300399,US,6,Employed full-time,70708,Python
300400,US,15,Employed full-time,84266,Python
300401,Korea,20,Employed full-time,123831,Go
300402,Germany,8,Employed full-time,72721,JavaScript
300403,US,15,Employed full-time,88543,Python
300404,US,15,Employed full-time,84253,JavaScript
300405,Korea,18,Employed full-time,103342,JavaScript
300406,India,5,Not employed,69135,Go
300407,India,3,Employed full-time,40044,Python
300408,Canada,18,Employed full-time,106081,Python
300409,Germany,7,Employed full-time,79713,Python
300410,UK,6,Employed full-time,63856,Python
300411,US,2,Employed full-time,44487,Java
300412,US,5,Independent contractor,57282,JavaScript
300413,India,12,Not employed,78103,Python
300414,India,6,Employed full-time,53470,Java
300415,US,15,Employed full-time,95385,Python
300416,India,16,Employed full-time,99884,Java
300417,Germany,16,Employed full-time,102118,Go
300418,US,14,Employed full-time,83085,C++
300419,Korea,7,Employed full-time,72285,Java
300420,India,2,Employed full-time,47286,JavaScript
300421,US,10,Employed full-time,91307,Java
300422,US,16,Employed full-time,97131,Python
300423,UK,8,Employed full-time,67985,Java
300424,India,1,Not employed,39109,JavaScript
300425,US,3,Employed full-time,37011,Python
300426,India,8,Employed full-time,81482,C++
300427,Canada,10,Employed full-time,73938,Java
300428,US,17,Employed full-time,103316,Rust
300429,Germany,17,Employed full-time,97901,Java
300430,India,13,Employed full-time,78123,JavaScript
300431,US,15,Independent contractor,94209,Python
300432,Germany,5,Employed full-time,62118,JavaScript
300433,India,8,Employed full-time,69989,Python
300434,US,5,Employed full-time,74895,Go
300435,UK,13,Employed full-time,70369,Python
300436,UK,12,Employed full-time,74136,Python
300437,Germany,20,Employed full-time,100071,C++
300438,US,13,Employed full-time,81563,Python
300439,US,18,Employed full-time,120104,Go
300440,India,14,Independent contractor,88009,Python
300441,US,15,Employed full-time,87865,Java
300442,India,17,Employed full-time,97224,JavaScript
300443,Korea,6,Independent contractor,48574,Java
300444,Germany,2,Employed full-time,35918,JavaScript
300445,Canada,10,Employed full-time,89757,Go
300446,US,11,Employed full-time,86816,Rust
300447,Canada,16,Employed full-time,92507,C++
300448,US,9,Employed full-time,84589,Go
300449,US,12,Employed full-time,76237,Java
300450,US,15,Employed full-time,93865,Java
300451,US,11,Employed full-time,88101,JavaScript
300452,US,18,Employed full-time,103089,JavaScript
300453,US,12,Not employed,77406,Python
300454,Germany,19,Employed full-time,122244,Rust
300455,Canada,6,Employed full-time,77594,Rust
300456,US,9,Independent contractor,87122,Rust
300457,US,3,Employed full-time,40324,Java
300458,US,19,Employed full-time,125064,Python
300459,US,6,Employed full-time,51862,C++
300460,US,3,Employed full-time,48537,Python
300461,UK,1,Employed full-time,32987,Python
300462,US,20,Employed full-time,102244,Python
300463,Germany,14,Employed full-time,71540,C++
300464,UK,5,Independent contractor,60264,Python
300465,US,16,Employed full-time,102153,JavaScript
300466,India,2,Employed full-time,43008,Java
300467,US,18,Independent contractor,114168,Java
300468,US,17,Employed full-time,108544,Python
300469,Germany,18,Employed full-time,126050,Rust
300470,US,12,Employed full-time,98250,JavaScript
300471,US,20,Not employed,108706,C++
300472,US,2,Employed full-time,44441,Python
300473,India,19,Independent contractor,111792,Java
300474,UK,12,Employed full-time,97726,Python
300475,Canada,20,Employed full-time,95483,C++
300476,US,12,Employed full-time,81465,Go
300477,India,12,Independent contractor,71618,JavaScript
300478,UK,15,Employed full-time,105064,Python
300479,US,12,Employed full-time,82054,Java
300480,Canada,19,Employed full-time,96686,JavaScript
300481,US,2,Employed full-time,49034,JavaScript
300482,US,19,Employed full-time,117745,Python
300483,Germany,4,Employed full-time,70526,Python
300484,Canada,17,Employed full-time,96341,JavaScript
300485,US,16,Employed full-time,87439,JavaScript
300486,US,15,Employed full-time,105353,C++
300487,India,3,Employed full-time,60447,JavaScript
300488,India,18,Employed full-time,100887,JavaScript
300489,Canada,10,Employed full-time,97985,Rust
300490,Germany,15,Employed full-time,86254,JavaScript
300491,UK,20,Employed full-time,108496,C++
300492,US,8,Independent contractor,87494,Go
300493,US,10,Employed full-time,86119,C++
300494,India,18,Employed full-time,113522,JavaScript
300495,Germany,12,Employed full-time,87098,Rust
300496,Germany,9,Employed full-time,73604,Python
300497,US,15,Employed full-time,106112,Python
300498,US,2,Employed full-time,42848,Python
300499,Korea,1,Employed full-time,59715,JavaScript
300500,US,8,Employed full-time,58695,Python
300501,US,8,Employed full-time,77981,Java
300502,Germany,10,Employed full-time,68640,Java
300503,Korea,3,Employed full-time,55114,Python
300504,India,16,Employed full-time,91638,Java
300505,India,6,Employed full-time,60834,Python
300506,Germany,4,Employed full-time,32954,JavaScript
300507,India,16,Employed full-time,88467,Python
300508,India,7,Independent contractor,58080,Python
300509,India,6,Employed full-time,62497,Java
300510,US,20,Employed full-time,102097,JavaScript
300511,UK,2,Employed full-time,43971,Java
300512,US,10,Employed full-time,77600,C++
300513,US,11,Employed full-time,75411,C++
300514,Canada,15,Employed full-time,100472,Python
300515,US,18,Employed full-time,88208,Java
300516,India,9,Employed full-time,85488,Python
300517,Canada,5,Employed full-time,63046,Go
300518,US,4,Employed full-time,54430,Python
300519,UK,7,Independent contractor,74079,Go
300520,India,6,Independent contractor,56447,Python
300521,US,13,Employed full-time,80855,Python
300522,Canada,8,Employed full-time,69184,JavaScript
300523,India,7,Employed full-time,63643,Java
300524,Canada,12,Employed full-time,67713,Python
300525,Germany,15,Employed full-time,91993,JavaScript
300526,Germany,12,Employed full-time,69762,C++
300527,Korea,18,Employed full-time,92272,JavaScript
300528,India,2,Not employed,55923,JavaScript
300529,US,14,Employed full-time,77816,C++
300530,UK,6,Employed full-time,44628,C++
300531,US,10,Employed full-time,71065,JavaScript
300532,India,18,Independent contractor,123643,Go
300533,Germany,4,Employed full-time,41136,C++
300534,US,17,Independent contractor,104974,C++
300535,US,1,Employed full-time,45532,Python
300536,India,18,Employed full-time,108114,C++
300537,India,17,Employed full-time,115623,Go
300538,Canada,12,Employed full-time,84644,JavaScript
300539,Korea,12,Employed full-time,77160,C++
300540,US,12,Employed full-time,86545,JavaScript
300541,US,12,Independent contractor,87508,C++
300542,India,1,Employed full-time,47462,JavaScript
300543,Germany,3,Employed full-time,59774,C++
300544,Canada,1,Employed full-time,49913,Java
300545,India,6,Employed full-time,66862,C++
300546,UK,18,Employed full-time,106707,Python
300547,India,14,Employed full-time,89983,Java
300548,US,19,Employed full-time,110547,Python
300549,UK,19,Employed full-time,130036,Rust
300550,Canada,10,Employed full-time,87006,Java
300551,US,5,Employed full-time,48977,Java
300552,India,7,Employed full-time,75667,JavaScript
300553,Korea,15,Employed full-time,107263,JavaScript
300554,UK,5,Employed full-time,55248,Python
300555,UK,4,Employed full-time,59247,Go
300556,US,20,Employed full-time,117854,JavaScript
300557,Germany,5,Employed full-time,50942,Java
300558,US,8,Employed full-time,61880,JavaScript
300559,US,10,Employed full-time,70424,Python
300560,India,17,Employed full-time,92793,JavaScript
300561,US,17,Employed full-time,99474,Java
300562,US,4,Employed full-time,50284,Java
300563,US,18,Employed full-time,98626,Python
300564,Germany,9,Employed full-time,66296,JavaScript
300565,US,13,Employed full-time,100819,Rust
300566,India,19,Employed full-time,110973,JavaScript
300567,Germany,8,Employed full-time,62715,JavaScript
300568,Canada,6,Employed full-time,64817,JavaScript
300569,Germany,7,Employed full-time,69922,JavaScript
300570,US,16,Independent contractor,92462,JavaScript
300571,Germany,19,Employed full-time,121659,JavaScript
300572,Canada,17,Employed full-time,97796,C++
300573,US,7,Employed full-time,54639,Python
300574,Germany,12,Employed full-time,79296,JavaScript
300575,Canada,5,Employed full-time,80197,Python
300576,India,14,Employed full-time,84400,JavaScript
300577,Canada,1,Employed full-time,48278,Rust
300578,US,7,Employed full-time,90706,Go
300579,UK,12,Employed full-time,95980,Rust
300580,US,13,Independent contractor,84312,Python
300581,UK,5,Not employed,50256,Java
300582,UK,4,Employed full-time,57934,Python
300583,US,19,Employed full-time,94084,Java
300584,India,19,Employed full-time,112853,Go
300585,UK,6,Independent contractor,76884,Go
300586,US,17,Employed full-time,97096,C++
300587,US,16,Employed full-time,88407,Java
300588,India,1,Employed full-time,34022,JavaScript
300589,India,11,Employed full-time,92603,Go
300590,US,18,Employed full-time,97470,JavaScript
300591,Canada,11,Not employed,95098,Go
300592,US,8,Independent contractor,68844,Java
300593,Germany,16,Employed full-time,85393,Python
300594,US,1,Employed full-time,45285,Python
300595,US,6,Employed full-time,65073,JavaScript
300596,India,17,Employed full-time,104933,Java
300597,India,9,Not employed,69603,Python
300598,US,16,Employed full-time,101440,JavaScript
300599,US,12,Employed full-time,79089,C++
300600,US,11,Employed full-time,84354,Go
300601,Germany,12,Employed full-time,95652,Rust
300602,Germany,3,Employed full-time,50416,Java
300603,US,12,Employed full-time,85389,JavaScript
300604,US,3,Independent contractor,38394,Python
300605,US,16,Not employed,91454,C++
300606,Korea,12,Employed full-time,68624,C++
300607,US,19,Employed full-time,98445,Java
300608,India,13,Independent contractor,81519,Python
300609,UK,11,Employed full-time,88908,Go
300610,Germany,1,Employed full-time,23502,Python
300611,India,12,Employed full-time,74815,JavaScript
300612,US,13,Employed full-time,96506,Go
300613,UK,18,Employed full-time,107309,Python
300614,Canada,7,Employed full-time,79478,Python
300615,US,1,Employed full-time,43529,Java
300616,Germany,10,Employed full-time,71880,JavaScript
300617,Korea,14,Employed full-time,91018,Python
300618,India,8,Employed full-time,66664,Python
300619,Canada,20,Employed full-time,121706,Python
300620,UK,8,Employed full-time,73503,Python
300621,US,18,Employed full-time,114620,Python
300622,Canada,15,Employed full-time,101656,JavaScript
300623,US,6,Employed full-time,60793,JavaScript
300624,Germany,14,Employed full-time,107684,Go
300625,US,2,Employed full-time,35303,Java
300626,India,17,Employed full-time,97317,Java
300627,US,12,Employed full-time,92021,Python
300628,US,4,Employed full-time,47728,JavaScript
300629,US,17,Employed full-time,96686,JavaScript
300630,US,20,Employed full-time,112798,Java
300631,Canada,3,Independent contractor,53900,Go
300632,India,17,Independent contractor,119550,Rust
300633,UK,8,Employed full-time,52568,C++
300634,US,13,Employed full-time,78942,JavaScript
300635,US,14,Employed full-time,88410,JavaScript
300636,Germany,14,Employed full-time,81824,JavaScript
300637,India,13,Employed full-time,84913,Python
300638,India,20,Employed full-time,127275,Rust
300639,Korea,1,Employed full-time,34453,Java
300640,Germany,6,Employed full-time,53240,Python
300641,US,5,Employed full-time,70434,Java
300642,UK,11,Employed full-time,79645,JavaScript
300643,US,4,Employed full-time,71155,Rust
300644,Korea,20,Employed full-time,111952,JavaScript
300645,India,6,Independent contractor,58232,JavaScript
300646,India,2,Employed full-time,33087,Python
300647,Germany,12,Employed full-time,71221,JavaScript
300648,India,1,Employed full-time,48022,Java
300649,India,16,Employed full-time,119557,Go
300650,India,10,Independent contractor,75886,JavaScript
300651,India,11,Employed full-time,95777,Java
300652,India,18,Independent contractor,118306,Python
300653,India,3,Employed full-time,35409,Python
300654,US,19,Employed full-time,113210,Python
300655,UK,16,Employed full-time,101234,Java
300656,US,3,Employed full-time,66996,Go
300657,India,1,Independent contractor,38305,JavaScript
300658,India,17,Not employed,101831,Python
300659,US,16,Employed full-time,105315,Go
300660,US,17,Independent contractor,95962,Java
300661,US,17,Independent contractor,104609,Java
300662,UK,10,Employed full-time,82670,Python
300663,India,10,Employed full-time,77928,C++
300664,US,9,Employed full-time,78176,Rust
300665,Canada,11,Employed full-time,83880,JavaScript
300666,UK,5,Employed full-time,53183,JavaScript
300667,US,2,Employed full-time,47309,JavaScript
300668,India,4,Employed full-time,54254,JavaScript
300669,India,12,Employed full-time,97436,Rust
300670,US,14,Employed full-time,95172,C++
300671,India,15,Employed full-time,108596,JavaScript
300672,US,20,Employed full-time,107118,C++
300673,Germany,7,Independent contractor,65984,JavaScript
300674,India,8,Employed full-time,67071,Java
300675,Korea,11,Employed full-time,70688,JavaScript
300676,UK,19,Employed full-time,122126,Go
300677,US,2,Employed full-time,58204,Java
300678,US,17,Employed full-time,83387,Python
300679,India,7,Not employed,75090,Go
300680,Korea,15,Not employed,87232,Python
300681,Korea,16,Employed full-time,93445,JavaScript
300682,US,6,Employed full-time,42299,Java
300683,US,3,Independent contractor,58641,Python
300684,US,1,Employed full-time,51203,JavaScript
300685,India,8,Employed full-time,81845,Go
300686,US,9,Employed full-time,69903,Java
300687,India,17,Not employed,89351,Python
300688,US,4,Employed full-time,51694,Java
300689,US,17,Employed full-time,99794,Python
300690,US,14,Employed full-time,87719,Python
300691,US,4,Not employed,70856,Python
300692,Germany,9,Employed full-time,71669,Python
300693,UK,1,Employed full-time,58436,Go
300694,Canada,6,Employed full-time,70283,C++
300695,Canada,12,Independent contractor,82693,JavaScript
300696,India,3,Employed full-time,64095,Go
300697,Germany,1,Employed full-time,60447,Rust
300698,US,11,Independent contractor,75357,Java
300699,US,10,Employed full-time,64648,JavaScript
300700,US,10,Employed full-time,78728,Java
300701,US,4,Not employed,77070,Go
300702,Canada,4,Employed full-time,57988,Python
300703,US,12,Employed full-time,86363,Python
300704,Germany,7,Employed full-time,74719,Rust
300705,India,17,Independent contractor,99743,JavaScript
300706,UK,18,Employed full-time,110969,Rust
300707,UK,3,Employed full-time,46680,JavaScript
300708,India,6,Not employed,64040,JavaScript
300709,Germany,5,Employed full-time,56974,Java
300710,US,5,Employed full-time,76443,Go
300711,India,15,Employed full-time,86920,JavaScript
300712,Germany,15,Employed full-time,90617,JavaScript
300713,India,14,Employed full-time,82306,Python
300714,India,17,Employed full-time,100399,Python
300715,India,1,Employed full-time,58746,Python
300716,Canada,7,Employed full-time,81268,Go
300717,India,7,Employed full-time,57986,JavaScript
300718,Germany,7,Independent contractor,74830,JavaScript
300719,US,7,Employed full-time,58807,Python
300720,Canada,11,Employed full-time,80744,JavaScript
300721,Germany,9,Employed full-time,57212,Python
300722,India,16,Employed full-time,84877,C++
300723,India,13,Employed full-time,76074,Java
300724,US,15,Employed full-time,98341,Go
300725,US,10,Employed full-time,82510,C++
300726,UK,18,Independent contractor,115883,Go
300727,Germany,17,Employed full-time,92651,Java
300728,India,2,Employed full-time,40525,C++
300729,US,1,Employed full-time,56096,Rust
300730,Germany,7,Employed full-time,63185,Python
300731,India,13,Independent contractor,84194,JavaScript
300732,US,5,Employed full-time,75969,Rust
300733,UK,15,Not employed,95660,Python
300734,India,14,Employed full-time,85513,Python
300735,Germany,14,Employed full-time,73685,JavaScript
300736,Canada,16,Employed full-time,109424,C++
300737,India,20,Independent contractor,139305,Rust
300738,India,16,Employed full-time,107801,Python
300739,India,9,Employed full-time,79029,JavaScript
300740,US,2,Independent contractor,46757,C++
300741,US,18,Employed full-time,108712,Rust
300742,India,18,Not employed,114797,C++
300743,UK,16,Employed full-time,112661,Rust
300744,UK,2,Employed full-time,49404,JavaScript
300745,Canada,1,Employed full-time,35058,Python
300746,US,11,Employed full-time,66257,Java
300747,India,20,Employed full-time,127154,Rust
300748,India,2,Employed full-time,47038,Java
300749,Germany,17,Employed full-time,97092,JavaScript
300750,Canada,14,Employed full-time,94338,Python
300751,India,19,Employed full-time,116776,Go
300752,US,20,Employed full-time,108005,JavaScript
300753,US,14,Employed full-time,79276,C++
300754,Canada,14,Independent contractor,104304,Go
300755,US,13,Employed full-time,87215,JavaScript
300756,Germany,6,Employed full-time,58162,JavaScript
300757,India,9,Not employed,71322,Python
300758,UK,3,Employed full-time,51535,JavaScript
300759,US,16,Employed full-time,103247,Java
300760,US,8,Employed full-time,84472,Java
300761,Germany,9,Employed full-time,62720,JavaScript
300762,India,9,Employed full-time,77232,Python
300763,US,11,Employed full-time,70834,Java
300764,US,14,Employed full-time,78823,Java
300765,US,1,Employed full-time,52100,C++
300766,US,1,Not employed,47674,Python
300767,US,11,Employed full-time,75717,Python
300768,US,15,Employed full-time,91701,Java
300769,India,15,Employed full-time,84309,C++
300770,Germany,15,Independent contractor,90789,Java
300771,Korea,20,Employed full-time,118308,C++
300772,India,9,Employed full-time,74252,JavaScript
300773,UK,19,Employed full-time,114072,JavaScript
300774,India,6,Employed full-time,72801,Java
300775,India,17,Employed full-time,106615,Python
300776,Korea,19,Independent contractor,112864,Python
300777,Germany,13,Independent contractor,87821,JavaScript
300778,Germany,11,Employed full-time,88629,JavaScript
300779,US,11,Employed full-time,73329,JavaScript
300780,US,15,Employed full-time,86858,JavaScript
300781,US,11,Employed full-time,82249,Python
300782,Germany,3,Independent contractor,53420,Java
300783,Germany,13,Employed full-time,80886,Java
300784,Canada,4,Employed full-time,56201,Go
300785,Canada,16,Employed full-time,95443,JavaScript
300786,US,13,Employed full-time,86379,Java
300787,Canada,16,Employed full-time,105206,C++
300788,Germany,14,Employed full-time,88488,Python
300789,India,3,Employed full-time,57107,JavaScript
300790,Canada,13,Employed full-time,94673,Java
300791,US,15,Employed full-time,103411,JavaScript
300792,India,11,Employed full-time,69790,C++
300793,Germany,18,Employed full-time,108877,Python
300794,US,1,Employed full-time,35221,C++
300795,UK,6,Employed full-time,67728,Rust
300796,US,6,Employed full-time,71002,Python
300797,Germany,16,Independent contractor,102556,JavaScript
300798,Canada,12,Employed full-time,98546,Rust
300799,India,4,Employed full-time,57668,JavaScript
300800,UK,18,Employed full-time,107823,Java
300801,UK,1,Employed full-time,42150,JavaScript
300802,Germany,2,Employed full-time,53889,Java
300803,Germany,15,Independent contractor,87287,Java
300804,India,6,Employed full-time,63591,JavaScript
300805,Germany,3,Employed full-time,51812,JavaScript
300806,India,4,Employed full-time,56033,C++
300807,UK,16,Employed full-time,102261,C++
300808,Canada,20,Employed full-time,109348,Python
300809,Korea,15,Independent contractor,78511,Java
300810,Korea,19,Employed full-time,112676,Python
300811,UK,13,Employed full-time,63506,JavaScript
300812,Korea,17,Employed full-time,93620,JavaScript
300813,US,17,Employed full-time,110114,Python
300814,Germany,1,Employed full-time,61174,Rust
300815,US,14,Independent contractor,85405,JavaScript
300816,US,19,Employed full-time,93359,C++
300817,Germany,15,Employed full-time,81293,C++
300818,Germany,6,Employed full-time,67268,JavaScript
300819,US,20,Employed full-time,109873,Python
300820,India,9,Employed full-time,72188,C++
300821,India,19,Employed full-time,95383,Python
300822,Germany,8,Employed full-time,59997,C++
300823,US,13,Employed full-time,107320,Rust
300824,US,13,Employed full-time,87084,JavaScript
300825,US,14,Employed full-time,107402,Go
300826,Germany,8,Employed full-time,64322,Python
300827,Germany,5,Employed full-time,48007,JavaScript
300828,UK,5,Employed full-time,56967,JavaScript
300829,UK,3,Employed full-time,62564,Python
300830,Korea,4,Employed full-time,42761,Java
300831,India,9,Employed full-time,58941,C++
300832,Korea,14,Employed full-time,83250,Python
300833,UK,18,Independent contractor,99011,Python
300834,India,20,Employed full-time,108824,Python
300835,Canada,10,Employed full-time,82846,Python
300836,Korea,2,Not employed,64187,Java
300837,US,16,Employed full-time,96001,Java
300838,UK,14,Employed full-time,87116,Java
300839,US,19,Independent contractor,101905,C++
300840,Germany,12,Employed full-time,91045,C++
300841,Germany,14,Employed full-time,94530,Python
300842,UK,10,Independent contractor,90522,Rust
300843,Canada,10,Employed full-time,76161,Go
300844,Germany,3,Employed full-time,69350,Rust
300845,Canada,2,Employed full-time,45959,Python
300846,Germany,14,Employed full-time,100152,JavaScript
300847,Canada,13,Employed full-time,88711,Python
300848,Germany,6,Employed full-time,52197,C++
300849,India,14,Employed full-time,96589,Java
300850,US,13,Independent contractor,95116,Rust
300851,US,9,Employed full-time,69118,Python
300852,US,8,Employed full-time,71385,JavaScript
300853,India,1,Employed full-time,47192,Java
300854,Canada,11,Employed full-time,73649,Java
300855,US,9,Employed full-time,78536,Python
300856,India,11,Employed full-time,67715,JavaScript
300857,US,12,Employed full-time,69584,JavaScript
300858,India,18,Employed full-time,123263,C++
300859,US,17,Employed full-time,114184,Python
300860,US,4,Employed full-time,67432,Rust
300861,UK,2,Employed full-time,47140,C++
300862,US,14,Employed full-time,108052,Rust
300863,India,5,Employed full-time,55696,JavaScript
300864,Germany,19,Employed full-time,118418,Go
300865,US,16,Employed full-time,82324,JavaScript
300866,US,7,Employed full-time,62878,JavaScript
300867,India,18,Employed full-time,101252,JavaScript
300868,India,2,Employed full-time,71068,Go
300869,Canada,2,Employed full-time,67800,Go
300870,Germany,2,Employed full-time,48835,JavaScript
300871,US,13,Employed full-time,77873,JavaScript
300872,US,10,Employed full-time,88521,C++
300873,UK,6,Employed full-time,67080,Go
300874,India,15,Employed full-time,109665,Go
300875,Germany,2,Employed full-time,50061,Python
300876,US,9,Employed full-time,62585,Java
300877,India,3,Employed full-time,48245,Python
300878,UK,8,Employed full-time,74179,Python
300879,US,8,Independent contractor,73271,Python
300880,Germany,17,Employed full-time,102844,Java
300881,US,11,Employed full-time,105252,Go
300882,Germany,9,Employed full-time,62612,Python
300883,US,7,Employed full-time,55584,C++
300884,Germany,1,Employed full-time,55287,Python
300885,US,11,Employed full-time,82482,Java
300886,Germany,15,Employed full-time,87267,Java
300887,Korea,10,Employed full-time,92648,Rust
300888,US,3,Employed full-time,54732,Rust
300889,India,7,Employed full-time,62404,Python
300890,US,1,Employed full-time,55205,Go
300891,US,7,Employed full-time,70202,Go
300892,Germany,4,Employed full-time,63070,Python
300893,India,4,Employed full-time,67898,Rust
300894,US,9,Employed full-time,68739,Python
300895,US,6,Employed full-time,83054,Go
300896,India,15,Employed full-time,105744,Go
300897,India,6,Employed full-time,68773,JavaScript
300898,India,8,Employed full-time,66739,JavaScript
300899,India,8,Employed full-time,55044,JavaScript
300900,India,14,Independent contractor,83440,Python
300901,India,19,Employed full-time,109979,Java
300902,US,10,Employed full-time,74730,Python
300903,US,15,Independent contractor,107011,Java
300904,UK,13,Employed full-time,112003,Go
300905,US,3,Employed full-time,77514,Rust
300906,India,5,Not employed,59507,C++
300907,UK,3,Independent contractor,49947,Java
300908,Germany,12,Employed full-time,76218,Java
300909,US,6,Employed full-time,68362,Python
300910,Germany,1,Employed full-time,45061,JavaScript
300911,Canada,1,Employed full-time,40917,Python
300912,US,11,Employed full-time,80777,Python
300913,US,15,Employed full-time,94698,C++
300914,US,18,Employed full-time,96277,Python
300915,US,6,Employed full-time,59589,C++
300916,India,4,Employed full-time,69637,C++
300917,Canada,18,Employed full-time,99104,C++
300918,Germany,7,Independent contractor,70581,Go
300919,US,7,Employed full-time,67027,JavaScript
300920,UK,3,Employed full-time,53183,JavaScript
300921,US,1,Employed full-time,30329,JavaScript
300922,India,7,Employed full-time,58995,Python
300923,Germany,5,Employed full-time,65495,Java
300924,India,6,Employed full-time,60236,Python
300925,US,17,Employed full-time,97615,JavaScript
300926,Germany,10,Employed full-time,71960,Java
300927,US,14,Not employed,79146,Java
300928,US,15,Employed full-time,95673,Python
300929,India,9,Employed full-time,90926,JavaScript
300930,Canada,13,Employed full-time,83582,JavaScript
300931,Korea,20,Independent contractor,112214,C++
300932,US,20,Employed full-time,118555,C++
300933,US,3,Employed full-time,59830,JavaScript
300934,US,2,Employed full-time,54191,Python
300935,Germany,13,Employed full-time,64785,Python
300936,US,17,Employed full-time,103909,Java
300937,US,7,Employed full-time,64403,Python
300938,US,5,Employed full-time,62917,Go
300939,India,15,Employed full-time,97819,Python
300940,US,2,Employed full-time,50404,Python
300941,India,9,Independent contractor,75438,Python
300942,US,19,Employed full-time,109211,Python
300943,US,8,Employed full-time,87524,Rust
300944,US,6,Employed full-time,71306,JavaScript
300945,India,5,Employed full-time,44198,JavaScript
300946,Canada,18,Employed full-time,91754,Java
300947,India,7,Employed full-time,48611,Java
300948,US,7,Employed full-time,58635,Python
300949,India,4,Employed full-time,62632,C++
300950,US,12,Employed full-time,91944,JavaScript
300951,US,20,Employed full-time,118293,Python
300952,Korea,5,Employed full-time,53695,JavaScript
300953,India,10,Employed full-time,77025,Python
300954,Germany,12,Employed full-time,98090,Rust
300955,India,5,Employed full-time,71180,C++
300956,Canada,20,Employed full-time,101650,Python
300957,Korea,17,Employed full-time,104088,Java
300958,US,16,Employed full-time,100145,JavaScript
300959,Germany,4,Employed full-time,54455,Java
300960,US,14,Employed full-time,91055,JavaScript
300961,India,16,Independent contractor,106092,Python
300962,US,7,Independent contractor,63988,C++
300963,India,4,Independent contractor,55546,Java
300964,India,1,Employed full-time,38362,Python
300965,US,20,Employed full-time,119317,C++
300966,US,5,Employed full-time,68131,Go
300967,US,14,Employed full-time,94815,Python
300968,India,2,Independent contractor,39086,JavaScript
300969,Canada,7,Employed full-time,74349,Java
300970,Canada,14,Employed full-time,102896,Python
300971,Korea,10,Employed full-time,69890,JavaScript
300972,India,13,Employed full-time,99244,Rust
300973,US,15,Employed full-time,103406,Go
300974,India,9,Employed full-time,80228,JavaScript
300975,Germany,15,Employed full-time,90900,Java
300976,US,16,Employed full-time,113126,JavaScript
300977,US,13,Employed full-time,102278,Rust
300978,Canada,18,Employed full-time,91358,Python
300979,India,14,Employed full-time,83086,Java
300980,UK,18,Employed full-time,96965,Python
300981,UK,9,Employed full-time,84987,Java
300982,Canada,5,Employed full-time,52793,C++
300983,US,4,Independent contractor,76540,JavaScript
300984,Germany,3,Employed full-time,56554,Python
300985,UK,16,Employed full-time,103006,Python
300986,India,5,Employed full-time,52119,Python
300987,UK,8,Independent contractor,64054,JavaScript
300988,UK,12,Employed full-time,98526,Go
300989,US,16,Employed full-time,96976,Java
300990,Korea,17,Employed full-time,119168,Rust
300991,Canada,20,Employed full-time,119536,Java
300992,US,14,Employed full-time,92176,C++
300993,US,8,Independent contractor,79729,Rust
300994,Germany,13,Not employed,67530,JavaScript
300995,US,16,Employed full-time,103942,C++
300996,Canada,17,Employed full-time,85780,Python
300997,US,17,Employed full-time,104075,Java
300998,Canada,6,Employed full-time,53894,Python
300999,India,10,Employed full-time,75493,Java
301000,Korea,9,Employed full-time,73135,Rust
