ATMID,TransactionCount,DailyWithdrawal_K,HolidayIndex,NearbyEvents,CashShortageRisk
1040001,89.5,92.9,121.1,78.4,22.0
1040002,86.5,67.6,154.9,102.1,51.0
1040003,84.8,105.0,105.3,127.6,33.0
1040004,123.2,,106.6,89.6,68.0
1040005,114.1,64.0,122.0,91.9,32.0
1040006,83.8,70.7,89.0,104.9,38.0
1040007,154.3,100.5,72.6,83.9,61.0
1040008,94.9,92.4,73.2,99.4,30.0
1040009,92.1,127.4,77.4,69.9,41.0
1040010,101.7,97.5,115.3,124.2,50.0
1040011,124.9,51.2,78.5,137.1,37.0
1040012,86.7,104.8,101.9,98.9,50.0
1040013,61.7,85.0,145.1,103.7,28.0
1040014,91.5,96.4,63.1,67.6,60.0
1040015,117.8,139.1,83.8,91.3,56.0
1040016,96.6,81.8,71.9,122.9,27.0
1040017,112.6,94.1,89.0,122.6,47.0
1040018,83.8,80.2,72.0,58.1,56.0
1040019,108.9,109.0,86.9,86.0,51.0
1040020,80.0,117.5,72.1,97.2,34.0
1040021,125.2,90.8,133.8,134.2,44.0
1040022,132.2,98.1,105.5,121.7,51.0
1040023,59.6,94.6,90.8,138.2,34.0
1040024,87.8,85.5,96.7,67.8,44.0
1040025,83.8,135.7,96.0,76.7,53.0
1040026,83.8,84.0,114.5,153.3,19.0
1040027,75.9,85.8,83.8,149.3,52.0
1040028,101.4,87.8,117.7,73.2,51.0
1040029,130.8,122.3,114.3,76.8,43.0
1040030,140.5,96.7,147.2,153.9,23.0
1040031,96.1,64.5,104.4,86.3,32.0
1040032,107.6,76.5,88.4,95.8,41.0
1040033,139.2,112.9,91.5,84.5,39.0
1040034,129.2,107.2,100.4,88.8,17.0
1040035,87.1,113.4,119.3,89.7,20.0
1040036,94.5,114.0,90.5,143.1,49.0
1040037,119.3,113.5,103.9,91.0,42.0
1040038,111.1,68.4,140.1,81.4,29.0
1040039,74.3,108.4,133.6,75.8,42.0
1040040,81.5,86.8,83.7,76.3,37.0
1040041,124.1,81.5,97.3,90.6,15.0
1040042,82.0,116.7,99.9,89.8,44.0
1040043,82.2,83.8,142.9,96.1,38.0
1040044,96.9,,101.2,124.8,87.0
1040045,92.3,102.9,108.9,68.0,36.0
1040046,78.0,123.4,114.4,52.9,57.0
1040047,85.6,137.8,93.7,47.4,24.0
1040048,94.3,105.9,95.6,130.9,70.0
1040049,82.4,81.8,99.8,125.5,33.0
1040050,110.3,70.2,108.3,106.8,51.0
1040051,43.9,102.4,111.7,87.3,42.0
1040052,113.8,98.9,110.9,114.0,53.0
1040053,122.7,90.4,123.4,115.9,21.0
1040054,114.1,80.2,97.0,137.1,70.0
1040055,45.0,96.0,68.8,68.8,70.0
1040056,83.0,125.6,88.2,139.1,33.0
1040057,101.3,99.0,94.3,101.9,36.0
1040058,124.0,72.9,93.2,99.8,58.0
1040059,104.6,116.1,105.1,84.5,35.0
1040060,98.2,133.2,62.6,98.5,65.0
1040061,86.6,142.3,45.3,74.4,49.0
1040062,104.7,79.7,157.3,88.3,62.0
1040063,107.6,86.6,97.2,113.6,49.0
1040064,66.7,155.5,100.8,61.7,27.0
1040065,88.1,57.9,133.2,74.8,18.0
1040066,136.6,121.0,76.6,110.8,60.0
1040067,79.2,61.4,73.5,91.5,41.0
1040068,123.1,122.6,56.6,108.6,37.0
1040069,135.0,105.6,78.0,96.6,57.0
1040070,117.9,48.6,99.5,138.5,46.0
1040071,86.3,112.1,106.1,145.3,17.0
1040072,120.0,117.2,75.7,112.1,16.0
1040073,93.8,88.7,117.6,100.5,55.0
1040074,90.9,92.8,95.6,104.8,40.0
1040075,83.1,87.8,86.2,88.8,63.0
1040076,75.6,85.5,105.4,92.7,58.0
1040077,107.3,87.0,128.1,127.4,33.0
1040078,94.6,93.4,97.9,114.1,57.0
1040079,105.0,77.5,99.1,83.2,33.0
1040080,97.9,68.6,51.6,114.7,60.0
1040081,111.4,102.7,67.2,115.5,43.0
1040082,78.4,99.4,118.5,92.7,66.0
1040083,125.1,90.7,137.1,125.6,45.0
1040084,74.7,129.4,96.7,106.3,52.0
1040085,109.1,141.9,92.8,105.1,46.0
1040086,93.4,93.2,103.9,101.2,32.0
1040087,84.9,111.2,71.3,68.4,57.0
1040088,90.0,98.3,95.2,115.4,68.0
1040089,105.2,135.2,69.2,102.6,49.0
1040090,78.1,124.3,43.9,129.3,52.0
1040091,81.2,87.2,86.1,87.5,34.0
1040092,125.9,80.9,91.5,70.0,11.0
1040093,97.8,124.3,114.8,95.7,58.0
1040094,97.9,,126.2,91.0,58.0
1040095,60.8,118.6,78.6,142.1,33.0
1040096,76.8,108.3,52.2,106.9,36.0
1040097,105.8,107.4,126.4,68.5,22.0
1040098,83.4,101.0,107.4,147.8,43.0
1040099,121.3,127.3,50.9,112.7,58.0
1040100,103.3,130.2,124.3,99.0,48.0
1040101,61.1,133.1,81.3,92.5,40.0
1040102,114.0,121.5,115.1,97.2,43.0
1040103,95.4,82.1,94.6,157.3,23.0
1040104,42.7,80.6,61.0,121.5,47.0
1040105,120.6,96.4,68.1,93.6,30.0
1040106,134.6,84.4,92.8,92.9,57.0
1040107,121.4,104.5,139.2,97.7,51.0
1040108,113.1,65.0,104.2,113.7,51.0
1040109,91.0,95.8,114.0,89.9,67.0
1040110,116.2,144.8,75.1,79.1,10.0
1040111,106.0,67.7,136.9,113.3,35.0
1040112,130.6,74.2,94.2,117.9,59.0
1040113,112.6,108.7,114.8,37.3,53.0
1040114,105.9,112.1,130.2,82.9,31.0
1040115,110.2,100.7,143.1,158.1,43.0
1040116,92.0,94.9,144.0,81.9,74.0
1040117,100.1,135.4,107.7,71.5,46.0
1040118,183.8,98.2,145.5,50.8,44.0
1040119,110.9,83.4,42.4,101.0,39.0
1040120,52.1,75.0,113.7,131.6,44.0
1040121,66.6,60.7,86.5,53.5,49.0
1040122,124.8,120.9,71.6,76.5,24.0
1040123,94.5,130.9,52.4,45.2,39.0
1040124,94.4,104.0,89.4,148.8,37.0
1040125,89.7,65.6,80.2,132.9,46.0
1040126,80.3,81.0,136.8,128.0,29.0
1040127,67.6,88.6,62.7,86.6,66.0
1040128,138.9,117.3,91.7,105.3,50.0
1040129,120.3,103.7,115.7,133.8,39.0
1040130,87.0,95.8,125.9,111.7,23.0
1040131,133.6,99.2,96.1,41.4,38.0
1040132,135.8,128.0,101.9,136.6,45.0
1040133,73.1,87.3,108.0,66.0,43.0
1040134,55.0,87.5,118.2,103.3,35.0
1040135,84.7,119.2,104.1,125.0,20.0
1040136,101.7,85.2,80.7,115.4,41.0
1040137,137.5,68.1,124.1,86.4,55.0
1040138,122.1,78.6,123.4,128.4,10.0
1040139,107.3,108.1,118.5,88.4,55.0
1040140,120.5,73.5,100.1,106.9,35.0
1040141,126.4,101.8,138.9,135.6,57.0
1040142,82.2,53.0,100.1,98.1,46.0
1040143,84.3,147.2,138.6,124.1,34.0
1040144,104.9,105.5,68.5,122.1,31.0
1040145,76.1,87.2,88.2,146.6,72.0
1040146,80.9,107.8,101.5,105.5,48.0
1040147,109.7,79.7,130.8,73.3,46.0
1040148,128.8,111.0,96.6,85.1,31.0
1040149,102.5,82.2,86.6,149.9,43.0
1040150,78.9,81.4,115.8,123.8,52.0
1040151,100.6,71.0,87.0,74.1,27.0
1040152,116.8,115.0,90.1,91.6,68.0
1040153,60.9,85.3,115.3,97.8,54.0
1040154,89.2,94.2,98.7,116.9,41.0
1040155,149.2,130.4,98.5,133.6,10.0
1040156,79.4,98.7,117.9,126.5,21.0
1040157,84.8,112.2,99.9,134.6,50.0
1040158,45.0,102.5,118.5,117.6,10.0
1040159,66.6,126.9,105.2,46.8,38.0
1040160,140.3,112.0,95.2,117.0,40.0
1040161,83.8,86.5,87.0,100.5,56.0
1040162,73.4,88.2,115.8,104.3,67.0
1040163,78.3,87.2,75.9,106.5,60.0
1040164,54.7,73.3,102.5,96.2,38.0
1040165,111.9,91.8,115.8,78.7,52.0
1040166,80.4,108.7,102.6,50.9,30.0
1040167,72.8,96.2,65.7,120.6,34.0
1040168,64.3,54.4,118.3,94.2,39.0
1040169,83.8,60.9,76.5,74.9,46.0
1040170,78.3,128.5,97.3,93.5,41.0
1040171,126.1,65.9,92.4,62.7,59.0
1040172,114.7,119.9,78.5,99.2,54.0
1040173,111.2,115.0,61.6,113.5,24.0
1040174,119.0,147.8,91.2,116.5,32.0
1040175,114.0,121.6,135.5,122.5,37.0
1040176,102.0,116.0,46.4,75.9,60.0
1040177,117.4,86.5,96.2,102.9,41.0
1040178,98.3,109.6,99.5,121.8,39.0
1040179,136.7,125.7,100.0,84.3,53.0
1040180,123.6,112.1,57.0,138.7,48.0
1040181,104.2,87.9,90.1,150.2,22.0
1040182,53.9,88.0,98.4,127.8,68.0
1040183,75.8,145.8,75.2,99.8,31.0
1040184,103.6,136.9,68.9,110.0,65.0
1040185,65.7,100.9,109.4,68.8,54.0
1040186,99.8,112.1,105.7,93.9,42.0
1040187,120.3,108.8,129.4,105.6,54.0
1040188,78.2,92.3,92.9,80.9,44.0
1040189,65.0,112.0,96.5,107.2,16.0
1040190,121.3,139.4,103.0,105.3,20.0
1040191,95.0,98.1,89.2,65.6,3.0
1040192,108.4,118.6,89.1,132.1,19.0
1040193,79.0,131.4,77.8,144.2,44.0
1040194,143.8,79.0,57.4,94.7,38.0
1040195,130.2,134.3,93.1,79.0,25.0
1040196,97.2,98.3,70.6,124.8,32.0
1040197,142.7,73.3,55.2,95.6,27.0
1040198,97.7,133.3,133.9,98.3,40.0
1040199,123.2,144.7,120.8,46.8,35.0
1040200,116.4,83.8,87.5,150.0,45.0
1040201,59.6,,121.3,74.7,25.0
1040202,96.1,61.8,134.8,111.5,20.0
1040203,90.8,79.6,129.4,101.2,46.0
1040204,79.0,144.0,69.4,85.0,44.0
1040205,87.5,92.8,92.0,100.2,21.0
1040206,119.3,120.8,80.4,126.4,30.0
1040207,104.6,,93.2,126.7,16.0
1040208,84.2,73.3,95.7,146.3,57.0
1040209,69.7,109.0,92.3,100.5,71.0
1040210,119.6,89.9,96.0,106.7,58.0
1040211,94.8,64.5,125.7,140.7,42.0
1040212,102.8,64.4,93.0,50.1,54.0
1040213,119.8,133.2,100.1,85.3,49.0
1040214,122.0,92.2,153.3,123.4,51.0
1040215,101.3,114.5,77.1,112.3,15.0
1040216,98.1,143.4,126.3,106.7,61.0
1040217,71.3,119.3,94.4,128.7,31.0
1040218,54.8,89.1,83.7,152.1,32.0
1040219,114.4,88.3,126.2,89.9,61.0
1040220,118.2,79.9,107.3,99.1,64.0
1040221,114.5,76.6,105.2,95.0,22.0
1040222,89.8,98.0,50.3,67.8,68.0
1040223,95.6,89.9,70.6,91.1,57.0
1040224,92.0,106.5,104.3,93.8,28.0
1040225,56.6,78.5,140.3,110.9,26.0
1040226,99.1,109.8,80.6,78.4,48.0
1040227,158.3,69.5,90.3,62.7,24.0
1040228,70.3,95.7,71.6,110.9,75.0
1040229,81.6,74.6,61.5,81.9,54.0
1040230,97.0,123.0,88.7,89.8,60.0
1040231,96.7,101.7,84.9,83.8,40.0
1040232,60.8,139.9,94.7,125.2,43.0
1040233,90.1,150.6,125.3,104.3,43.0
1040234,93.6,54.8,98.1,84.5,52.0
1040235,55.1,132.2,103.5,106.7,42.0
1040236,54.9,57.0,107.6,109.5,25.0
1040237,120.1,123.5,91.7,116.4,46.0
1040238,94.1,119.7,153.9,111.0,55.0
1040239,94.5,111.6,69.2,134.3,39.0
1040240,100.8,82.3,117.3,118.1,37.0
1040241,80.9,128.7,67.6,66.3,43.0
1040242,63.7,104.8,74.5,106.5,58.0
1040243,78.5,88.7,74.1,111.1,39.0
1040244,123.4,55.2,87.7,137.7,61.0
1040245,102.1,111.1,106.4,126.4,40.0
1040246,68.9,131.3,82.4,96.1,30.0
1040247,154.7,117.7,103.0,146.1,38.0
1040248,78.9,138.6,105.3,113.8,49.0
1040249,81.6,147.2,129.3,125.7,45.0
1040250,116.7,71.1,121.5,71.5,42.0
1040251,112.7,90.2,132.1,132.5,52.0
1040252,167.1,122.3,118.3,50.6,37.0
1040253,113.2,78.3,126.2,157.1,26.0
1040254,118.0,73.6,118.6,117.1,53.0
1040255,68.3,133.2,67.9,112.3,33.0
1040256,102.6,100.8,87.7,95.7,46.0
1040257,94.0,92.5,75.2,129.5,25.0
1040258,77.4,113.1,99.0,112.6,45.0
1040259,98.9,73.9,74.8,82.4,30.0
1040260,105.2,114.8,117.2,144.2,46.0
1040261,148.9,108.5,47.7,71.2,37.0
1040262,136.5,93.1,124.5,110.7,44.0
1040263,113.4,115.6,36.3,96.7,38.0
1040264,92.9,96.9,89.7,132.4,29.0
1040265,112.2,74.3,93.2,98.1,37.0
1040266,137.7,83.9,132.0,90.4,37.0
1040267,71.7,123.6,133.0,84.6,44.0
1040268,96.7,108.7,93.6,80.6,13.0
1040269,50.7,52.4,104.7,91.3,22.0
1040270,124.6,124.3,81.0,44.1,46.0
1040271,109.1,126.6,66.4,69.0,36.0
1040272,127.4,108.6,103.4,82.4,8.0
1040273,98.7,60.4,121.4,109.1,44.0
1040274,103.0,103.4,80.5,67.5,49.0
1040275,89.5,115.8,142.1,65.8,48.0
1040276,85.2,143.0,61.9,112.4,31.0
1040277,91.3,106.6,110.8,59.3,56.0
1040278,121.4,120.0,105.0,93.7,18.0
1040279,47.8,87.1,115.1,123.9,43.0
1040280,81.3,112.4,151.2,117.8,53.0
1040281,106.5,124.1,124.5,86.7,32.0
1040282,108.7,109.3,98.5,127.5,34.0
1040283,62.6,106.4,138.7,94.8,12.0
1040284,102.3,64.9,119.0,93.0,45.0
1040285,77.5,84.8,86.2,105.5,39.0
1040286,105.7,88.9,78.9,103.3,57.0
1040287,167.6,83.4,94.4,132.9,60.0
1040288,89.2,110.9,103.6,80.7,49.0
1040289,41.0,139.1,106.6,113.9,50.0
1040290,110.6,,92.6,69.9,40.0
1040291,102.5,41.1,62.8,76.0,49.0
1040292,84.8,90.9,101.9,131.8,38.0
1040293,118.0,41.6,129.0,92.0,51.0
1040294,69.4,134.3,85.9,60.2,44.0
1040295,82.5,137.6,99.7,100.2,38.0
1040296,164.7,84.0,71.0,74.8,50.0
1040297,106.3,78.8,95.9,41.5,42.0
1040298,132.5,130.8,96.4,75.9,25.0
1040299,128.1,114.3,151.2,94.6,15.0
1040300,139.9,152.1,112.5,106.8,47.0
1040301,58.1,82.6,109.9,118.1,38.0
1040302,68.2,79.8,112.4,84.3,69.0
1040303,97.3,68.5,92.7,112.0,83.0
1040304,91.1,112.6,59.8,76.9,62.0
1040305,114.1,104.8,51.3,107.3,56.0
1040306,104.8,81.0,129.3,133.0,29.0
1040307,87.8,59.8,76.4,148.5,52.0
1040308,59.3,95.3,97.8,67.6,38.0
1040309,102.9,109.3,105.8,78.0,47.0
1040310,115.1,72.9,98.5,110.1,13.0
1040311,106.6,123.7,118.0,89.7,18.0
1040312,57.4,155.8,68.5,131.3,21.0
1040313,83.6,133.6,101.1,97.5,44.0
1040314,124.4,92.5,90.4,93.8,30.0
1040315,56.8,127.7,131.7,62.6,37.0
1040316,91.1,91.0,103.7,123.2,22.0
1040317,123.5,88.4,124.4,113.2,18.0
1040318,91.0,122.1,115.4,118.9,34.0
1040319,67.4,78.9,82.7,76.2,3.0
1040320,108.2,46.2,92.6,109.1,43.0
1040321,88.7,75.1,124.4,84.0,39.0
1040322,90.8,91.4,47.9,97.3,46.0
1040323,90.4,97.4,87.4,52.8,54.0
1040324,134.9,108.2,103.8,70.8,73.0
1040325,88.1,132.5,76.1,107.0,34.0
1040326,137.7,107.4,81.7,122.5,26.0
1040327,114.4,101.0,87.8,79.7,18.0
1040328,109.7,115.3,74.3,122.1,21.0
1040329,102.8,134.3,90.0,109.9,32.0
1040330,111.4,83.3,102.1,86.5,33.0
1040331,100.5,113.0,135.7,99.2,34.0
1040332,128.0,79.2,125.2,67.3,29.0
1040333,102.7,32.8,106.3,68.5,57.0
1040334,140.3,76.7,67.3,81.4,51.0
1040335,127.7,100.0,107.5,148.4,40.0
1040336,113.3,133.2,74.4,78.3,59.0
1040337,111.9,79.9,80.2,103.4,41.0
1040338,135.7,92.2,113.0,96.3,33.0
1040339,102.2,82.1,101.7,81.9,30.0
1040340,105.3,103.0,85.7,113.2,56.0
1040341,53.8,77.8,98.5,104.5,26.0
1040342,106.8,101.3,95.8,65.7,4.0
1040343,107.9,128.0,130.9,99.0,28.0
1040344,63.5,68.8,105.9,143.3,49.0
1040345,145.6,142.1,100.7,59.6,30.0
1040346,104.9,95.1,136.5,92.7,32.0
1040347,75.9,133.7,118.6,80.5,34.0
1040348,85.5,67.1,112.8,88.9,65.0
1040349,67.3,112.2,114.2,111.9,35.0
1040350,138.8,138.2,64.1,70.0,38.0
1040351,156.3,74.7,61.2,99.1,52.0
1040352,104.4,38.2,80.6,85.4,16.0
1040353,66.4,97.1,118.7,134.0,13.0
1040354,88.5,89.0,92.5,73.9,26.0
1040355,121.5,94.6,100.5,126.5,27.0
1040356,108.8,78.5,88.2,89.7,74.0
1040357,103.3,112.4,106.3,123.9,26.0
1040358,129.0,121.3,121.8,131.7,37.0
1040359,70.1,92.6,33.3,136.3,54.0
1040360,101.5,76.4,105.2,88.3,43.0
1040361,105.2,98.7,115.8,121.9,45.0
1040362,82.5,84.1,77.2,160.9,9.0
1040363,96.2,102.5,113.7,144.2,57.0
1040364,115.7,122.3,89.3,117.7,21.0
1040365,102.6,132.4,67.4,52.6,39.0
1040366,113.5,147.1,105.6,81.6,33.0
1040367,115.3,97.5,97.5,115.1,44.0
1040368,101.1,120.2,90.1,85.4,35.0
1040369,96.0,93.5,126.0,143.4,24.0
1040370,131.4,101.2,73.4,92.0,59.0
1040371,91.1,87.1,65.6,81.4,44.0
1040372,78.0,75.6,111.3,109.3,52.0
1040373,106.2,78.6,156.6,87.6,20.0
1040374,105.3,72.3,123.2,43.8,55.0
1040375,59.7,74.2,85.6,139.8,36.0
1040376,105.0,84.7,90.8,137.2,47.0
1040377,119.4,106.1,91.8,87.7,41.0
1040378,123.4,109.3,96.4,58.5,33.0
1040379,87.5,114.6,67.3,78.2,46.0
1040380,102.7,114.9,73.4,112.8,27.0
1040381,121.6,93.3,140.2,102.6,31.0
1040382,75.9,133.6,105.4,116.8,49.0
1040383,124.0,133.7,126.5,118.0,45.0
1040384,78.3,101.4,91.0,111.4,58.0
1040385,41.3,104.7,116.0,67.6,45.0
1040386,143.0,122.8,106.2,88.7,46.0
1040387,86.3,109.4,117.0,124.1,41.0
1040388,125.0,69.1,101.5,131.4,22.0
1040389,124.3,80.1,81.8,78.7,43.0
1040390,78.1,103.8,114.0,89.9,34.0
1040391,136.7,102.4,64.3,74.8,23.0
1040392,100.0,108.6,98.1,83.5,40.0
1040393,62.7,57.1,103.3,137.7,64.0
1040394,79.1,135.4,139.8,98.5,44.0
1040395,100.5,79.4,103.6,140.7,30.0
1040396,84.5,112.1,56.5,91.1,21.0
1040397,99.2,95.7,86.3,125.0,37.0
1040398,88.4,57.6,95.3,108.5,42.0
1040399,60.9,156.9,119.0,101.0,39.0
1040400,133.0,127.6,137.4,120.8,26.0
1040401,103.0,162.7,50.3,69.7,17.0
1040402,133.3,86.8,87.0,125.0,57.0
1040403,110.0,110.9,93.6,56.3,37.0
1040404,80.1,65.2,132.2,75.1,42.0
1040405,105.7,117.8,63.8,130.8,13.0
1040406,124.7,140.4,101.5,104.0,14.0
1040407,83.9,102.4,51.6,123.9,53.0
1040408,96.8,142.4,116.0,95.3,39.0
1040409,99.1,111.2,94.2,118.5,27.0
1040410,105.0,72.9,123.2,111.0,27.0
1040411,70.4,105.1,131.4,81.4,20.0
1040412,64.3,90.3,100.8,132.3,32.0
1040413,104.0,123.1,77.6,136.9,72.0
1040414,89.5,104.0,89.9,120.4,35.0
1040415,114.7,86.9,37.1,91.5,45.0
1040416,74.5,,79.5,98.5,30.0
1040417,117.7,138.9,98.4,50.2,43.0
1040418,120.8,58.3,102.2,139.3,36.0
1040419,135.5,84.4,120.1,112.0,45.0
1040420,117.5,111.4,79.5,49.9,49.0
1040421,108.4,120.9,72.2,53.7,14.0
1040422,92.0,80.1,111.2,94.8,49.0
1040423,73.6,53.2,75.6,77.1,35.0
1040424,123.4,109.0,150.4,142.4,57.0
1040425,100.3,53.3,50.1,102.0,47.0
1040426,62.1,133.1,107.7,99.3,50.0
1040427,118.5,,87.5,132.1,38.0
1040428,127.3,95.0,102.8,84.4,30.0
1040429,73.2,92.2,124.0,152.2,26.0
1040430,98.0,125.0,109.2,91.7,66.0
1040431,82.3,111.7,142.0,122.7,51.0
1040432,123.8,94.6,89.4,110.9,37.0
1040433,80.5,132.9,66.7,114.8,42.0
1040434,131.9,89.9,118.9,78.9,39.0
1040435,104.4,110.3,140.6,67.4,39.0
1040436,94.3,105.7,99.5,100.0,40.0
1040437,79.0,125.0,105.0,84.2,51.0
1040438,109.6,139.1,133.6,114.3,44.0
1040439,72.4,126.4,64.8,113.3,23.0
1040440,99.7,61.3,93.5,116.6,48.0
1040441,92.2,45.3,116.8,96.6,48.0
1040442,116.6,108.2,108.3,49.6,37.0
1040443,136.3,117.5,82.1,128.3,63.0
1040444,82.1,115.4,99.8,72.4,35.0
1040445,130.5,84.2,63.6,74.9,60.0
1040446,116.1,42.7,112.7,100.2,35.0
1040447,112.9,90.9,88.6,53.6,54.0
1040448,105.4,97.6,134.9,122.7,50.0
1040449,99.7,100.3,106.3,91.6,1.0
1040450,144.8,88.3,107.8,50.8,69.0
1040451,94.8,123.2,109.5,102.2,42.0
1040452,20.9,109.3,114.5,100.5,23.0
1040453,108.4,85.6,67.2,57.9,21.0
1040454,107.7,116.1,92.5,57.0,41.0
1040455,123.6,57.2,90.1,140.2,34.0
1040456,83.5,96.4,109.9,109.8,41.0
1040457,126.9,137.2,111.2,110.8,57.0
1040458,94.9,103.9,47.3,96.6,39.0
1040459,126.3,86.0,104.6,97.7,71.0
1040460,140.1,120.5,90.0,115.7,29.0
1040461,75.6,113.3,138.7,90.3,59.0
1040462,100.9,143.9,117.4,66.5,32.0
1040463,134.3,103.1,118.9,47.1,42.0
1040464,140.7,94.9,64.7,102.2,48.0
1040465,85.2,107.9,146.9,112.7,33.0
1040466,93.6,96.7,74.0,121.2,53.0
1040467,121.4,73.9,134.1,150.3,31.0
1040468,76.8,93.3,80.8,95.6,45.0
1040469,87.4,72.0,55.6,105.0,48.0
1040470,108.6,111.6,75.0,61.7,40.0
1040471,97.5,111.2,99.1,88.6,16.0
1040472,108.8,95.4,59.1,75.3,47.0
1040473,82.2,88.9,77.4,74.3,30.0
1040474,88.0,101.0,66.7,93.3,48.0
1040475,118.4,90.3,93.2,80.4,54.0
1040476,80.4,84.2,85.1,90.7,29.0
1040477,91.7,139.4,116.4,143.5,46.0
1040478,98.5,130.2,79.3,70.3,22.0
1040479,87.0,120.9,121.0,115.6,24.0
1040480,94.8,81.5,152.1,110.8,58.0
1040481,93.3,129.4,83.3,94.1,21.0
1040482,128.3,85.9,95.5,79.4,53.0
1040483,98.2,120.1,103.7,99.1,23.0
1040484,121.8,54.8,123.7,96.1,58.0
1040485,132.8,111.1,102.3,88.0,3.0
1040486,153.2,103.4,107.4,117.8,29.0
1040487,101.0,90.7,65.0,95.9,47.0
1040488,129.8,119.9,104.5,106.9,48.0
1040489,126.6,125.0,109.3,115.2,46.0
1040490,86.1,92.2,87.1,110.5,46.0
1040491,104.1,99.9,92.1,92.3,25.0
1040492,81.0,99.3,77.4,140.3,39.0
1040493,88.4,95.4,97.1,110.1,49.0
1040494,66.8,58.1,103.0,59.7,51.0
1040495,142.1,54.6,58.3,108.8,29.0
1040496,93.6,136.0,63.2,133.4,27.0
1040497,111.6,108.0,115.3,54.8,34.0
1040498,84.3,119.6,110.1,68.1,29.0
1040499,111.1,129.2,127.0,112.8,42.0
1040500,65.9,80.3,57.1,140.1,25.0
1040501,60.9,114.0,127.3,111.7,26.0
1040502,38.6,83.6,116.8,17.6,14.0
1040503,95.2,59.1,134.3,80.2,18.0
1040504,119.9,136.3,102.2,89.4,54.0
1040505,101.6,,76.0,130.8,24.0
1040506,91.8,127.0,118.3,106.7,34.0
1040507,83.6,88.4,124.2,145.3,58.0
1040508,115.5,47.0,78.5,123.8,9.0
1040509,126.8,108.1,82.4,105.4,32.0
1040510,104.7,150.9,114.5,88.6,52.0
1040511,104.0,160.7,106.7,95.2,45.0
1040512,122.7,78.3,81.9,144.6,31.0
1040513,82.3,105.5,92.6,37.5,40.0
1040514,45.1,124.8,24.1,151.8,35.0
1040515,78.8,173.4,146.9,104.8,30.0
1040516,98.9,112.4,98.5,131.3,40.0
1040517,88.3,95.7,46.8,115.6,52.0
1040518,95.7,102.6,75.7,128.1,61.0
1040519,142.7,104.2,86.8,121.1,27.0
1040520,76.9,124.1,72.1,118.0,44.0
1040521,88.8,152.0,110.4,74.6,42.0
1040522,116.3,97.3,102.4,142.8,38.0
1040523,77.2,78.0,72.6,122.0,33.0
1040524,88.1,73.1,79.1,49.0,41.0
1040525,37.2,82.0,116.3,29.7,30.0
1040526,101.1,,144.1,114.4,41.0
1040527,112.7,98.2,85.0,95.7,55.0
1040528,124.2,66.7,88.4,131.3,30.0
1040529,130.9,108.9,145.7,96.7,29.0
1040530,103.1,90.0,104.2,100.3,36.0
1040531,128.5,83.2,89.7,117.2,37.0
1040532,95.3,136.2,48.2,129.5,49.0
1040533,137.8,113.3,112.3,108.3,27.0
1040534,98.9,91.2,95.3,115.3,49.0
1040535,104.6,57.2,113.8,98.2,43.0
1040536,146.3,141.3,70.9,119.3,28.0
1040537,84.3,66.9,115.4,141.9,62.0
1040538,85.0,96.4,110.9,38.8,40.0
1040539,95.7,139.0,131.8,118.7,34.0
1040540,75.5,100.5,94.4,80.9,50.0
1040541,94.7,114.4,92.8,138.8,48.0
1040542,67.3,65.8,99.6,106.2,63.0
1040543,115.4,82.7,146.7,72.4,49.0
1040544,80.8,110.1,141.0,31.6,55.0
1040545,115.0,79.3,83.3,89.3,50.0
1040546,115.0,87.3,96.5,122.9,28.0
1040547,99.5,58.3,64.7,83.3,36.0
1040548,113.1,78.8,114.3,83.3,43.0
1040549,120.1,90.4,112.7,112.9,13.0
1040550,42.9,107.5,38.6,82.7,33.0
1040551,78.3,87.3,81.4,86.4,39.0
1040552,105.7,122.7,136.1,87.2,25.0
1040553,139.9,47.0,95.9,115.3,45.0
1040554,52.0,121.6,106.4,157.7,56.0
1040555,154.3,125.1,81.1,132.8,40.0
1040556,88.6,113.4,106.7,132.6,59.0
1040557,46.1,119.1,83.1,98.0,50.0
1040558,68.2,106.4,120.5,141.9,51.0
1040559,69.7,121.4,55.4,59.6,51.0
1040560,78.6,115.8,64.7,132.2,57.0
1040561,60.0,131.0,76.1,80.9,43.0
1040562,109.9,93.8,88.3,126.8,70.0
1040563,91.8,76.9,95.2,80.4,48.0
1040564,131.8,107.8,97.3,104.8,50.0
1040565,92.4,82.4,68.7,115.7,40.0
1040566,94.9,80.3,121.4,126.6,43.0
1040567,92.1,123.4,103.4,122.4,30.0
1040568,114.2,134.4,97.0,134.6,49.0
1040569,125.5,90.7,97.8,95.7,42.0
1040570,118.0,65.0,114.3,99.9,69.0
1040571,59.3,103.0,71.9,126.0,22.0
1040572,137.5,48.9,110.0,73.4,29.0
1040573,99.3,102.4,95.8,70.7,77.0
1040574,114.4,101.9,103.4,98.1,38.0
1040575,99.5,129.7,82.2,94.4,46.0
1040576,124.5,156.2,117.8,50.3,39.0
1040577,102.7,93.6,134.9,95.6,37.0
1040578,117.8,111.5,109.3,124.7,51.0
1040579,74.0,92.8,118.2,112.2,47.0
1040580,108.7,127.2,110.9,118.6,52.0
1040581,107.6,99.6,90.2,141.8,38.0
1040582,123.9,97.6,136.6,117.3,39.0
1040583,121.0,62.1,150.1,86.5,53.0
1040584,98.8,133.9,80.0,69.8,62.0
1040585,113.4,93.8,98.7,98.8,39.0
1040586,106.8,134.8,91.0,115.3,25.0
1040587,123.3,99.2,94.5,62.5,55.0
1040588,110.2,117.0,97.6,123.0,31.0
1040589,111.1,129.6,113.8,77.4,31.0
1040590,136.7,66.7,103.1,120.7,66.0
1040591,64.3,82.0,55.5,122.5,41.0
1040592,72.6,62.8,97.6,71.5,16.0
1040593,61.6,74.6,71.6,85.8,23.0
1040594,97.2,101.4,169.4,131.3,55.0
1040595,120.4,55.7,104.2,112.4,20.0
1040596,100.4,74.5,95.9,159.5,14.0
1040597,77.4,79.9,85.7,114.9,31.0
1040598,94.1,168.9,63.2,107.4,69.0
1040599,101.2,89.2,113.4,91.1,45.0
1040600,109.9,95.6,60.8,88.6,47.0
1040601,123.5,105.2,76.3,93.4,37.0
1040602,78.2,134.8,65.3,131.1,51.0
1040603,98.1,97.0,93.1,98.4,10.0
1040604,126.6,134.5,109.5,88.1,47.0
1040605,126.7,79.0,70.1,119.0,48.0
1040606,107.6,127.1,125.6,99.8,32.0
1040607,97.6,85.5,114.4,103.0,56.0
1040608,127.7,66.1,131.8,111.1,67.0
1040609,127.6,122.2,141.0,107.6,21.0
1040610,109.6,80.3,111.5,140.4,33.0
1040611,88.3,107.0,109.0,78.7,45.0
1040612,113.1,92.2,89.9,112.8,21.0
1040613,61.3,98.7,144.4,106.3,50.0
1040614,58.7,115.6,122.5,107.8,43.0
1040615,129.7,115.0,74.2,109.8,24.0
1040616,92.3,88.3,69.7,69.2,38.0
1040617,115.5,109.4,92.0,132.7,45.0
1040618,78.1,154.0,71.3,140.2,49.0
1040619,128.9,110.0,99.4,61.2,30.0
1040620,90.4,90.3,80.9,98.1,21.0
1040621,50.2,67.0,101.0,104.8,68.0
1040622,116.4,114.5,95.1,75.5,36.0
1040623,133.0,89.2,114.2,56.8,55.0
1040624,94.1,53.4,112.1,144.6,59.0
1040625,91.2,75.9,106.4,92.1,62.0
1040626,86.7,116.0,94.8,108.3,44.0
1040627,83.3,85.3,132.7,90.6,62.0
1040628,80.3,95.5,98.3,77.7,52.0
1040629,83.9,120.4,126.7,159.3,44.0
1040630,98.6,98.5,71.1,144.0,52.0
1040631,112.8,125.3,104.0,107.4,55.0
1040632,95.6,140.4,76.5,126.2,37.0
1040633,70.0,80.5,104.4,94.1,40.0
1040634,100.0,106.6,131.7,80.2,61.0
1040635,120.0,88.4,135.7,124.6,58.0
1040636,110.1,99.2,136.3,75.9,31.0
1040637,118.8,125.8,142.1,44.7,67.0
1040638,100.8,114.4,65.5,92.5,56.0
1040639,92.9,82.6,144.7,72.9,56.0
1040640,81.3,96.7,82.4,97.6,45.0
1040641,83.7,94.0,100.1,113.9,44.0
1040642,87.5,107.3,74.9,134.3,39.0
1040643,116.1,113.4,96.3,89.1,35.0
1040644,82.3,75.4,71.6,96.4,30.0
1040645,146.1,63.2,112.9,110.0,61.0
1040646,100.3,66.0,94.7,99.0,59.0
1040647,133.1,85.1,98.1,78.2,11.0
1040648,87.0,111.8,110.2,117.8,62.0
1040649,117.0,130.5,102.0,79.1,36.0
1040650,111.8,60.4,113.2,97.5,23.0
1040651,108.9,78.8,94.2,128.7,52.0
1040652,133.2,135.8,64.7,56.3,34.0
1040653,72.0,107.2,110.2,92.0,41.0
1040654,66.5,105.3,70.0,94.3,47.0
1040655,146.9,118.3,98.3,104.5,25.0
1040656,85.3,75.6,87.5,89.9,55.0
1040657,119.3,122.8,14.7,117.3,74.0
1040658,100.3,80.2,124.7,77.1,5.0
1040659,128.6,134.2,118.7,90.7,38.0
1040660,105.4,74.6,94.3,48.3,64.0
1040661,58.1,123.0,94.9,63.6,56.0
1040662,94.0,86.9,39.8,118.0,28.0
1040663,82.5,111.5,57.6,120.1,22.0
1040664,115.5,93.7,137.2,106.8,66.0
1040665,77.3,76.9,121.8,111.6,28.0
1040666,95.7,105.8,89.5,124.6,51.0
1040667,143.4,99.7,119.0,136.4,54.0
1040668,115.6,109.7,111.5,89.4,32.0
1040669,100.5,96.6,121.7,116.1,31.0
1040670,114.0,134.8,98.7,85.1,38.0
1040671,106.2,130.3,83.5,74.9,24.0
1040672,108.1,108.5,71.2,67.2,43.0
1040673,54.8,119.1,74.9,86.1,46.0
1040674,87.8,55.2,94.8,93.7,44.0
1040675,112.6,119.0,80.3,105.2,45.0
1040676,78.5,83.5,61.1,78.5,53.0
1040677,133.6,109.6,72.7,114.6,32.0
1040678,154.0,122.3,124.3,89.0,26.0
1040679,17.8,89.4,129.5,68.9,44.0
1040680,85.4,80.5,95.6,94.9,65.0
1040681,98.9,75.6,117.8,122.8,14.0
1040682,58.0,64.1,57.2,137.7,47.0
1040683,115.0,113.8,91.0,133.3,51.0
1040684,108.3,76.8,124.6,71.0,44.0
1040685,129.1,82.8,135.0,85.2,51.0
1040686,77.1,99.0,122.5,92.7,38.0
1040687,57.7,120.3,81.8,106.9,32.0
1040688,119.5,131.1,85.5,78.1,32.0
1040689,140.6,93.7,90.2,62.2,38.0
1040690,82.2,142.7,97.0,127.4,64.0
1040691,103.6,117.9,129.6,122.8,43.0
1040692,75.6,106.3,66.3,89.4,62.0
1040693,93.4,98.2,71.8,147.0,47.0
1040694,113.8,135.1,67.6,71.5,9.0
1040695,96.6,94.3,60.9,90.9,19.0
1040696,61.3,56.5,105.1,92.8,44.0
1040697,88.6,56.5,76.1,144.6,41.0
1040698,126.7,62.8,64.9,107.8,22.0
1040699,92.8,121.7,99.8,66.8,40.0
1040700,106.4,88.8,92.4,109.1,25.0
1040701,99.6,86.7,67.0,38.3,48.0
1040702,84.7,110.8,115.5,181.4,43.0
1040703,139.6,130.9,139.3,87.3,28.0
1040704,70.4,88.4,48.5,113.9,71.0
1040705,84.2,79.6,80.7,119.4,40.0
1040706,161.6,95.3,69.3,124.6,34.0
1040707,35.3,112.7,117.9,83.3,37.0
1040708,93.7,104.6,93.7,84.3,52.0
1040709,85.6,44.8,71.7,67.3,23.0
1040710,91.9,152.0,105.2,84.7,67.0
1040711,108.2,130.8,149.0,95.0,57.0
1040712,109.1,77.0,109.4,106.6,41.0
1040713,133.2,97.2,163.2,98.9,65.0
1040714,122.1,84.7,146.6,62.6,29.0
1040715,111.2,100.5,69.2,116.1,48.0
1040716,108.7,105.3,94.6,96.1,46.0
1040717,82.4,142.6,99.6,75.4,22.0
1040718,79.4,123.2,121.9,98.8,49.0
1040719,103.3,111.4,103.6,91.7,17.0
1040720,109.3,61.1,104.4,68.5,67.0
1040721,127.4,100.7,104.8,118.9,22.0
1040722,121.0,90.8,91.2,107.1,34.0
1040723,106.5,126.6,88.9,85.6,65.0
1040724,113.7,78.2,91.2,126.6,54.0
1040725,89.0,85.2,67.5,103.5,15.0
1040726,108.1,91.7,64.9,121.8,47.0
1040727,133.3,110.2,82.5,101.1,49.0
1040728,98.0,118.6,67.6,76.5,44.0
1040729,109.6,89.3,101.0,69.6,42.0
1040730,100.9,87.0,91.4,114.4,34.0
1040731,97.2,76.2,115.4,152.7,59.0
1040732,112.8,71.6,128.2,73.5,53.0
1040733,134.9,115.6,73.5,128.6,40.0
1040734,95.9,136.0,128.8,80.5,48.0
1040735,84.6,77.3,48.5,124.3,15.0
1040736,99.4,66.2,71.8,58.7,29.0
1040737,135.1,106.7,128.9,108.1,47.0
1040738,108.8,100.0,98.3,68.5,47.0
1040739,80.5,120.4,125.5,135.8,49.0
1040740,74.2,87.6,138.9,92.6,44.0
1040741,72.7,115.1,96.4,124.9,58.0
1040742,66.9,125.4,55.1,94.6,26.0
1040743,92.5,67.4,121.5,76.8,34.0
1040744,85.7,84.5,97.0,100.4,35.0
1040745,82.2,93.9,81.5,70.0,46.0
1040746,116.7,128.8,99.3,96.5,31.0
1040747,94.5,143.9,137.5,85.3,40.0
1040748,120.2,100.2,92.7,77.0,52.0
1040749,75.4,106.5,88.2,76.2,50.0
1040750,92.8,119.9,159.5,153.1,38.0
1040751,80.5,116.8,81.2,134.1,74.0
1040752,67.8,110.8,148.3,76.4,34.0
1040753,131.3,136.4,116.7,92.2,31.0
1040754,80.6,90.9,66.6,83.3,38.0
1040755,73.4,71.8,93.0,94.6,25.0
1040756,141.0,99.2,49.6,71.3,62.0
1040757,81.7,54.3,135.2,107.0,46.0
1040758,142.8,99.3,107.2,84.1,57.0
1040759,115.1,84.2,90.1,126.9,57.0
1040760,79.8,112.0,124.5,95.2,17.0
1040761,100.9,57.5,177.9,112.1,41.0
1040762,119.2,89.2,73.1,147.1,7.0
1040763,101.2,166.2,82.6,74.1,41.0
1040764,126.7,63.2,124.8,122.0,30.0
1040765,90.6,112.5,94.3,122.1,24.0
1040766,83.6,79.5,85.4,80.2,40.0
1040767,91.1,158.3,125.2,68.6,42.0
1040768,89.3,107.7,114.5,132.1,41.0
1040769,101.0,79.0,107.0,104.7,74.0
1040770,127.7,133.1,108.0,82.3,56.0
1040771,81.1,109.8,128.2,91.7,52.0
1040772,141.7,119.8,94.8,97.0,50.0
1040773,101.5,112.2,129.6,111.8,38.0
1040774,70.2,90.3,125.6,75.1,43.0
1040775,92.6,95.4,140.9,66.6,47.0
1040776,100.9,84.4,109.3,116.1,55.0
1040777,89.0,109.0,52.6,89.1,57.0
1040778,120.2,118.8,95.9,123.1,29.0
1040779,111.9,91.1,117.5,130.6,74.0
1040780,105.4,54.5,105.2,116.1,50.0
1040781,63.7,,95.5,115.1,69.0
1040782,99.5,111.7,123.4,47.8,42.0
1040783,147.7,89.6,131.5,126.6,23.0
1040784,80.5,146.1,142.9,119.7,38.0
1040785,46.0,104.4,83.0,81.4,19.0
1040786,65.6,116.7,94.3,83.2,45.0
1040787,126.6,50.9,154.3,102.2,50.0
1040788,45.9,78.2,130.9,86.8,47.0
1040789,140.5,113.4,97.5,99.6,68.0
1040790,86.7,104.6,115.3,69.7,43.0
1040791,84.6,122.8,89.0,62.8,49.0
1040792,153.2,71.8,130.7,67.5,32.0
1040793,145.3,98.6,101.9,159.2,15.0
1040794,112.3,70.9,98.9,67.5,10.0
1040795,56.7,83.5,90.1,148.8,26.0
1040796,89.7,105.0,132.6,73.4,39.0
1040797,119.4,123.9,65.0,114.0,26.0
1040798,103.4,71.5,105.2,123.6,8.0
1040799,99.6,102.2,129.6,100.7,40.0
1040800,78.3,71.8,107.3,96.3,34.0
1040801,120.6,114.4,111.2,135.8,40.0
1040802,97.3,75.4,44.0,107.8,54.0
1040803,138.7,47.4,70.7,127.0,20.0
1040804,100.4,121.4,122.7,93.4,22.0
1040805,62.7,112.7,105.3,81.8,38.0
1040806,145.6,148.9,151.3,89.6,37.0
1040807,104.5,77.8,83.3,199.4,53.0
1040808,90.3,126.5,128.7,110.7,64.0
1040809,119.0,56.8,82.7,106.2,52.0
1040810,113.7,85.1,89.1,67.6,25.0
1040811,106.0,80.1,96.4,93.5,41.0
1040812,109.6,128.7,51.7,94.6,42.0
1040813,54.9,123.4,98.7,152.0,28.0
1040814,110.3,148.1,75.5,108.6,47.0
1040815,21.6,87.4,90.7,71.3,36.0
1040816,79.7,102.6,90.3,106.2,19.0
1040817,83.1,102.7,98.7,127.3,38.0
1040818,84.8,96.8,101.7,103.6,43.0
1040819,106.6,141.8,103.4,101.4,46.0
1040820,106.8,109.2,119.7,86.2,43.0
1040821,113.0,130.7,95.2,102.3,18.0
1040822,94.7,87.9,111.4,128.8,18.0
1040823,51.1,102.9,101.8,115.0,30.0
1040824,146.7,45.1,94.8,85.8,42.0
1040825,60.2,115.2,108.0,101.6,45.0
1040826,72.8,91.5,109.5,94.9,35.0
1040827,59.5,126.9,109.5,66.1,86.0
1040828,62.6,120.8,59.7,122.0,65.0
1040829,100.7,153.9,99.8,100.5,42.0
1040830,100.5,114.9,70.5,87.2,43.0
1040831,118.7,121.5,92.9,57.5,22.0
1040832,104.8,112.6,123.6,101.6,63.0
1040833,97.2,97.2,86.3,170.2,54.0
1040834,146.4,56.6,88.1,77.2,67.0
1040835,97.5,71.9,116.3,82.4,43.0
1040836,97.1,105.2,114.6,63.7,36.0
1040837,156.4,85.7,52.1,105.9,48.0
1040838,79.7,104.7,116.8,142.6,41.0
1040839,94.0,110.2,98.2,93.0,27.0
1040840,120.6,82.2,142.5,130.6,46.0
1040841,119.3,90.4,85.1,75.4,30.0
1040842,88.7,80.3,126.1,111.8,55.0
1040843,65.6,129.0,92.3,105.1,23.0
1040844,101.2,95.2,121.0,54.3,36.0
1040845,114.8,143.1,129.7,115.2,45.0
1040846,113.8,115.3,111.0,119.5,30.0
1040847,71.4,120.9,106.9,128.7,33.0
1040848,115.4,103.4,94.3,115.6,34.0
1040849,95.2,88.4,128.2,105.3,55.0
1040850,94.4,53.8,134.0,154.4,57.0
1040851,47.8,,79.1,43.3,48.0
1040852,72.8,96.4,150.1,139.0,25.0
1040853,94.6,94.2,76.3,105.4,50.0
1040854,131.3,100.2,85.0,101.6,53.0
1040855,174.7,63.8,86.6,115.4,58.0
1040856,150.5,85.6,42.0,32.1,49.0
1040857,114.5,109.2,119.2,86.6,49.0
1040858,105.7,63.5,98.0,74.2,22.0
1040859,129.3,101.0,88.9,87.2,1.0
1040860,129.9,183.4,75.5,112.5,23.0
1040861,87.9,100.5,133.0,142.3,72.0
1040862,64.6,112.2,95.4,69.3,17.0
1040863,120.5,73.0,86.8,65.4,41.0
1040864,88.4,124.9,49.6,127.4,40.0
1040865,134.3,65.6,63.7,111.3,53.0
1040866,110.4,137.8,100.4,111.1,59.0
1040867,128.5,94.6,104.0,110.2,59.0
1040868,134.2,110.4,107.4,100.0,44.0
1040869,104.8,95.4,54.8,97.3,49.0
1040870,107.4,98.4,131.7,119.5,59.0
1040871,91.0,124.2,107.2,106.4,18.0
1040872,57.2,59.5,68.4,119.8,36.0
1040873,133.0,107.4,97.3,58.9,53.0
1040874,87.6,97.5,104.3,146.0,42.0
1040875,134.4,113.2,136.9,116.5,35.0
1040876,154.7,120.2,49.4,193.4,48.0
1040877,66.9,118.8,127.3,72.6,29.0
1040878,135.9,99.7,114.5,111.5,63.0
1040879,102.1,141.0,81.9,109.1,38.0
1040880,114.9,88.9,75.7,119.2,37.0
1040881,77.1,90.0,94.1,51.3,26.0
1040882,77.5,47.0,132.3,68.8,40.0
1040883,59.4,,131.8,44.4,40.0
1040884,106.9,,151.6,120.2,37.0
1040885,106.3,100.2,100.8,98.4,23.0
1040886,88.0,109.9,59.9,61.9,54.0
1040887,104.0,53.4,80.0,42.2,60.0
1040888,65.6,106.7,102.1,92.7,69.0
1040889,99.0,91.6,97.5,70.6,63.0
1040890,118.3,93.9,118.0,98.5,13.0
1040891,124.5,139.2,121.8,116.7,36.0
1040892,113.6,82.1,108.1,119.5,41.0
1040893,131.8,102.9,85.7,122.1,59.0
1040894,146.8,94.8,87.0,104.5,63.0
1040895,148.3,81.7,77.3,82.5,41.0
1040896,85.9,113.7,56.0,84.5,35.0
1040897,98.1,102.1,148.2,118.9,30.0
1040898,58.9,114.1,113.6,78.0,24.0
1040899,83.7,29.0,125.3,136.1,22.0
1040900,117.0,83.0,73.7,49.5,55.0
1040901,81.0,49.0,82.8,100.2,30.0
1040902,92.9,144.3,92.7,95.9,49.0
1040903,101.5,45.2,105.0,100.9,55.0
1040904,131.6,104.0,80.9,102.0,41.0
1040905,113.6,52.2,106.4,85.2,59.0
1040906,103.7,50.4,156.1,121.4,39.0
1040907,125.5,40.5,124.9,142.2,51.0
1040908,89.4,106.0,115.2,85.6,54.0
1040909,140.8,105.8,73.4,68.3,26.0
1040910,127.3,63.8,84.5,138.3,37.0
1040911,125.4,90.1,72.1,77.5,59.0
1040912,97.7,105.9,94.2,135.8,64.0
1040913,133.5,117.2,115.8,156.0,42.0
1040914,132.0,118.4,87.9,102.8,64.0
1040915,112.1,109.5,56.2,152.2,25.0
1040916,112.2,96.9,132.0,93.3,51.0
1040917,115.0,68.7,108.9,157.2,51.0
1040918,113.7,95.3,112.7,96.6,43.0
1040919,89.1,66.3,132.8,52.2,43.0
1040920,82.8,93.5,125.0,103.3,18.0
1040921,129.3,122.0,83.5,80.2,46.0
1040922,109.7,127.3,117.7,139.9,38.0
1040923,111.9,66.1,51.0,121.3,11.0
1040924,53.7,132.0,78.1,124.7,22.0
1040925,107.5,36.7,54.1,110.0,33.0
1040926,79.1,92.1,129.1,148.9,23.0
1040927,93.6,38.6,96.0,106.9,57.0
1040928,129.9,92.8,143.5,93.7,35.0
1040929,95.7,121.4,86.8,138.1,41.0
1040930,77.9,114.2,116.0,127.5,44.0
1040931,74.8,97.8,53.4,81.5,33.0
1040932,141.0,122.4,110.2,105.7,22.0
1040933,133.9,135.0,74.3,112.9,50.0
1040934,87.4,75.1,70.8,78.3,21.0
1040935,97.0,119.5,103.3,107.2,61.0
1040936,93.5,133.6,75.1,43.6,36.0
1040937,142.1,131.2,44.8,79.8,30.0
1040938,106.8,83.4,128.6,123.2,37.0
1040939,118.0,106.7,113.6,69.7,43.0
1040940,112.7,91.9,99.6,76.6,61.0
1040941,114.7,130.1,75.3,67.0,44.0
1040942,118.2,107.3,121.0,58.7,25.0
1040943,99.3,103.0,118.3,105.1,14.0
1040944,88.5,119.5,100.4,104.2,61.0
1040945,65.1,67.2,100.6,112.4,59.0
1040946,62.5,88.5,83.1,118.1,42.0
1040947,111.2,96.0,74.9,95.4,52.0
1040948,104.4,,92.4,91.9,65.0
1040949,95.0,97.6,86.1,139.5,34.0
1040950,87.9,91.6,113.9,96.0,51.0
1040951,94.0,131.7,84.2,64.4,72.0
1040952,41.0,101.0,94.4,87.1,56.0
1040953,147.8,126.9,103.4,56.3,54.0
1040954,115.9,88.2,79.2,126.7,34.0
1040955,103.3,100.6,90.3,89.3,14.0
1040956,98.3,105.9,104.5,107.9,31.0
1040957,106.1,114.8,108.6,111.6,22.0
1040958,96.3,89.0,109.4,99.5,50.0
1040959,90.2,87.7,123.8,94.4,36.0
1040960,99.5,92.7,105.7,92.4,25.0
1040961,77.7,122.6,112.4,93.1,47.0
1040962,115.4,144.7,96.1,154.3,26.0
1040963,135.0,125.4,88.5,111.7,31.0
1040964,85.6,102.4,73.9,82.4,57.0
1040965,101.7,105.7,137.8,95.6,48.0
1040966,52.8,108.1,94.1,73.9,27.0
1040967,86.8,96.4,103.9,101.1,9.0
1040968,70.9,121.9,129.6,135.5,33.0
1040969,80.9,99.6,87.2,101.5,36.0
1040970,133.6,74.8,141.4,147.3,34.0
1040971,69.0,92.2,77.6,118.4,36.0
1040972,92.1,153.0,88.1,95.0,40.0
1040973,130.1,118.6,72.0,97.7,17.0
1040974,97.4,73.5,89.8,114.8,52.0
1040975,92.0,123.7,86.5,100.4,7.0
1040976,119.9,69.4,83.0,67.3,50.0
1040977,66.7,72.3,144.8,95.9,33.0
1040978,126.0,135.1,209.4,89.0,38.0
1040979,129.3,121.5,92.2,105.7,22.0
1040980,93.9,102.2,99.4,83.6,24.0
1040981,97.9,78.8,115.4,87.3,48.0
1040982,115.5,126.1,47.1,111.9,67.0
1040983,139.0,115.0,93.1,143.3,53.0
1040984,50.0,98.6,69.6,102.6,62.0
1040985,81.4,113.7,46.9,84.9,31.0
1040986,112.5,116.9,89.5,129.2,58.0
1040987,49.8,94.0,87.4,97.0,30.0
1040988,93.5,78.7,117.4,67.6,28.0
1040989,67.8,130.4,122.7,141.6,35.0
1040990,112.4,88.9,64.2,102.0,29.0
1040991,115.8,122.6,109.2,94.5,14.0
1040992,80.4,81.4,122.6,71.1,26.0
1040993,117.0,95.9,68.6,127.7,46.0
1040994,57.1,151.3,110.9,75.9,62.0
1040995,53.1,85.9,106.5,102.2,69.0
1040996,75.9,85.7,109.1,95.3,71.0
1040997,70.1,92.9,101.6,82.6,36.0
1040998,96.7,96.9,77.4,91.7,48.0
1040999,101.3,93.8,149.1,116.2,43.0
1041000,119.2,149.0,106.4,131.6,25.0
