ListenID,AudioLengthMinutes,SpeakerPitchAvg,AdCount,DropoffTimeMinutes,Completed
1620001,128.1,72.1,109.0,6.3,90.6
1620002,80.3,99.8,146.8,,79.1
1620003,109.2,66.3,92.2,14.7,143.0
1620004,118.0,93.1,131.8,,94.1
1620005,102.4,70.7,115.8,2.1,141.5
1620006,101.7,89.7,77.5,2.0,141.7
1620007,76.7,88.7,58.8,9.9,125.7
1620008,126.1,59.3,66.4,5.2,93.7
1620009,123.8,115.4,115.3,3.2,111.1
1620010,74.8,133.3,84.6,25.7,86.4
1620011,128.3,48.7,138.8,12.6,89.0
1620012,70.6,85.1,85.0,5.0,108.7
1620013,100.9,104.5,108.3,16.6,123.3
1620014,82.6,61.1,88.9,12.9,146.3
1620015,123.8,79.5,99.4,7.8,112.5
1620016,92.0,60.7,66.8,4.6,103.0
1620017,129.1,71.3,102.0,35.3,116.3
1620018,157.2,61.5,98.1,2.4,94.2
1620019,100.7,95.5,103.1,9.2,114.2
1620020,121.0,103.2,100.8,2.6,100.1
1620021,110.4,98.4,60.5,8.5,160.5
1620022,62.6,138.4,80.1,24.6,125.9
1620023,87.4,83.9,92.4,21.8,104.0
1620024,147.7,94.8,118.1,11.8,97.2
1620025,113.9,108.1,69.8,7.1,100.6
1620026,64.4,105.9,89.1,18.4,97.5
1620027,28.5,62.0,68.9,18.8,87.6
1620028,94.8,108.1,72.3,4.5,115.3
1620029,63.8,103.1,106.9,4.4,101.2
1620030,66.4,122.6,124.2,13.7,106.4
1620031,139.2,92.7,120.1,3.7,75.5
1620032,51.0,86.0,65.0,11.5,106.1
1620033,109.0,94.5,131.7,4.7,109.3
1620034,118.3,81.1,126.7,25.1,90.9
1620035,79.9,82.1,112.7,18.2,80.9
1620036,89.8,65.6,126.3,12.9,145.3
1620037,116.3,151.4,65.6,13.5,106.4
1620038,84.5,112.4,97.4,15.8,147.2
1620039,91.8,114.2,89.5,55.8,78.5
1620040,102.4,113.4,108.0,7.2,83.4
1620041,147.0,91.0,131.9,9.6,153.1
1620042,110.9,137.1,144.9,9.0,100.4
1620043,50.0,78.8,137.2,18.8,100.7
1620044,101.0,119.1,73.9,9.2,59.3
1620045,76.9,141.7,83.8,1.0,112.7
1620046,61.9,88.9,112.7,,141.2
1620047,75.3,126.6,91.6,,129.6
1620048,88.8,107.8,117.0,5.6,128.2
1620049,140.9,60.4,80.5,1.6,82.3
1620050,66.6,159.6,81.1,2.7,72.4
1620051,108.1,111.5,136.0,2.4,85.2
1620052,97.0,90.7,126.3,22.2,66.1
1620053,133.7,79.6,131.6,85.4,81.3
1620054,104.8,70.7,101.0,4.4,96.5
1620055,64.5,68.5,100.1,3.3,98.6
1620056,152.5,116.4,78.9,6.2,90.4
1620057,73.3,107.1,123.9,11.5,104.4
1620058,139.7,78.7,88.5,1.5,91.4
1620059,101.2,88.2,88.1,7.9,99.7
1620060,105.1,94.2,115.6,16.1,90.9
1620061,68.9,113.0,99.7,13.3,91.6
1620062,70.9,89.6,114.2,5.5,92.5
1620063,113.1,106.9,127.6,4.2,124.9
1620064,99.2,102.2,153.6,24.0,102.0
1620065,133.4,51.7,86.3,5.7,126.0
1620066,101.5,121.6,67.8,2.7,100.5
1620067,43.8,81.8,95.9,65.6,78.9
1620068,102.2,108.1,130.9,7.8,70.5
1620069,92.1,69.3,111.4,19.6,140.0
1620070,110.0,85.0,133.1,3.0,117.5
1620071,116.0,113.0,58.6,16.3,104.0
1620072,143.8,90.2,79.3,12.4,94.2
1620073,129.3,81.6,90.2,24.9,78.5
1620074,114.6,96.5,87.3,16.1,113.2
1620075,92.7,60.3,17.3,6.2,57.4
1620076,99.9,96.7,98.8,5.3,85.2
1620077,132.0,93.0,134.6,17.3,123.2
1620078,68.0,61.1,126.5,2.7,121.0
1620079,93.9,99.4,76.7,20.3,83.5
1620080,115.7,128.8,74.2,4.7,109.2
1620081,79.8,87.3,125.5,1.4,103.0
1620082,83.7,62.1,80.0,53.9,81.7
1620083,155.5,111.7,73.4,5.4,141.3
1620084,50.8,88.0,66.3,5.0,142.0
1620085,88.5,69.5,87.0,,97.7
1620086,106.5,107.7,116.2,8.4,117.3
1620087,109.1,107.0,114.0,9.9,73.3
1620088,129.5,113.2,91.2,9.6,69.6
1620089,107.6,89.5,82.3,11.2,129.7
1620090,82.4,111.4,100.0,28.6,92.6
1620091,87.4,118.8,81.8,13.7,130.9
1620092,130.2,89.4,86.8,2.1,133.9
1620093,83.3,118.3,108.4,5.2,128.8
1620094,105.3,86.9,112.2,6.8,123.0
1620095,61.3,131.6,119.3,1.0,89.6
1620096,76.0,129.9,79.5,26.7,87.0
1620097,98.8,100.3,127.3,37.5,162.3
1620098,127.7,147.4,104.3,3.7,103.9
1620099,85.1,107.3,108.9,2.4,179.9
1620100,118.7,84.7,99.1,10.0,82.7
1620101,113.6,116.1,120.5,13.5,120.9
1620102,130.3,58.1,112.3,15.3,82.6
1620103,114.9,110.1,95.5,14.5,106.5
1620104,101.4,76.0,86.8,12.0,73.0
1620105,106.0,82.2,88.8,1.0,65.1
1620106,91.9,110.5,121.8,18.8,103.1
1620107,113.8,128.5,100.5,10.6,89.0
1620108,111.1,117.4,130.2,23.9,78.2
1620109,122.4,66.8,66.7,9.1,64.8
1620110,83.8,116.9,133.3,2.0,97.9
1620111,120.4,70.4,109.8,10.4,104.4
1620112,69.4,117.6,123.0,12.6,35.8
1620113,107.8,93.8,109.2,27.3,112.4
1620114,99.9,151.2,61.6,31.3,128.8
1620115,92.4,100.9,96.3,8.3,99.8
1620116,94.9,100.8,127.7,4.1,126.8
1620117,104.4,137.2,121.2,9.0,75.9
1620118,128.6,130.3,83.3,6.2,95.5
1620119,90.5,149.5,64.5,21.8,99.5
1620120,93.9,66.2,111.4,8.0,105.0
1620121,68.7,73.8,79.5,6.0,65.1
1620122,133.2,133.0,100.4,22.4,97.3
1620123,101.9,129.1,102.3,25.4,151.1
1620124,83.2,125.7,92.1,8.7,128.9
1620125,78.5,99.1,127.4,16.4,117.1
1620126,79.7,117.3,101.4,31.8,94.6
1620127,104.4,91.8,128.4,1.0,100.2
1620128,117.8,127.3,63.7,15.0,136.0
1620129,92.7,47.4,135.1,36.2,91.4
1620130,68.1,87.3,103.7,3.1,101.8
1620131,111.5,91.4,95.4,22.7,131.6
1620132,70.5,128.9,126.0,13.3,162.9
1620133,123.0,111.2,129.0,1.0,140.4
1620134,153.1,101.1,102.7,10.7,80.4
1620135,104.2,93.2,125.0,7.6,110.1
1620136,109.4,93.5,95.4,1.0,118.6
1620137,96.1,68.7,75.5,16.6,128.0
1620138,111.8,105.8,74.4,1.4,108.0
1620139,94.7,79.2,74.7,1.2,114.3
1620140,40.7,73.3,107.4,4.9,101.0
1620141,109.1,104.3,80.9,14.8,59.9
1620142,52.4,135.9,69.7,7.0,128.2
1620143,115.6,94.4,98.0,9.7,115.9
1620144,96.1,76.4,134.2,12.4,87.0
1620145,94.5,82.0,84.2,22.8,198.5
1620146,104.4,117.2,127.4,4.1,89.7
1620147,67.8,94.4,92.3,3.3,89.7
1620148,100.1,54.0,65.1,8.1,124.7
1620149,104.3,135.0,105.4,29.6,118.1
1620150,130.3,73.1,104.7,,85.6
1620151,108.6,57.4,42.7,82.7,120.9
1620152,141.4,79.0,87.9,27.5,95.1
1620153,92.9,79.2,101.7,5.7,81.8
1620154,80.1,146.4,121.4,22.2,148.1
1620155,86.7,81.7,77.3,14.8,99.7
1620156,54.7,82.4,107.2,7.3,65.9
1620157,137.3,84.9,116.8,19.7,96.7
1620158,74.6,68.6,128.1,10.5,106.9
1620159,108.8,140.4,100.2,1.0,111.0
1620160,88.6,79.2,100.9,3.1,153.5
1620161,72.3,141.7,98.0,6.9,90.2
1620162,86.2,126.2,118.1,31.3,85.1
1620163,77.1,113.3,67.1,23.3,95.4
1620164,122.0,73.5,92.6,14.1,101.5
1620165,113.8,117.6,69.1,1.3,103.7
1620166,64.1,87.6,113.1,1.9,88.4
1620167,127.4,108.7,114.6,1.0,99.2
1620168,71.1,89.9,92.1,1.0,119.4
1620169,87.9,83.3,91.0,3.3,157.2
1620170,117.8,117.8,45.3,1.0,120.5
1620171,140.3,63.0,65.3,7.1,94.7
1620172,63.7,94.9,100.2,14.2,70.9
1620173,120.8,101.2,127.2,26.4,123.7
1620174,111.9,82.9,109.6,11.5,128.2
1620175,126.4,41.8,103.0,7.2,38.0
1620176,108.8,147.2,82.1,24.8,113.6
1620177,115.0,112.4,96.0,49.3,128.2
1620178,78.5,115.0,122.4,1.0,85.0
1620179,68.3,91.7,98.0,3.6,109.5
1620180,88.6,53.2,71.2,15.7,113.2
1620181,120.3,114.6,80.4,15.7,114.4
1620182,119.0,101.4,94.9,14.3,88.5
1620183,125.7,106.0,85.8,45.0,113.9
1620184,64.6,53.7,73.2,5.3,45.3
1620185,122.2,83.4,89.4,2.6,116.2
1620186,93.4,90.1,99.0,18.5,121.2
1620187,139.5,63.8,42.9,6.3,79.4
1620188,114.8,76.7,93.3,6.7,123.4
1620189,132.6,94.0,99.7,67.9,131.9
1620190,57.5,96.0,67.0,37.2,113.9
1620191,78.8,90.3,41.5,6.9,110.3
1620192,130.2,98.4,116.4,1.0,138.8
1620193,100.1,111.3,104.4,15.9,88.7
1620194,106.0,140.9,40.9,1.0,134.8
1620195,126.7,107.0,112.1,2.6,75.5
1620196,94.7,99.7,96.3,36.1,73.1
1620197,96.9,116.1,124.6,27.0,111.8
1620198,142.4,96.3,105.7,9.8,104.8
1620199,95.1,71.7,55.6,2.3,47.5
1620200,56.3,102.1,150.3,2.0,108.9
1620201,133.8,101.0,79.6,33.0,62.8
1620202,107.3,132.2,147.6,17.9,126.1
1620203,111.2,79.8,119.7,17.8,56.1
1620204,139.8,133.4,99.3,26.8,81.2
1620205,80.6,90.6,117.3,1.2,136.8
1620206,103.2,87.2,105.9,10.7,59.3
1620207,80.9,74.9,105.9,14.1,71.2
1620208,103.1,83.9,167.8,24.8,120.1
1620209,128.1,84.1,97.3,7.2,106.5
1620210,126.0,103.0,123.2,34.0,105.0
1620211,102.7,109.0,83.6,12.8,61.1
1620212,118.8,71.9,93.6,3.0,142.3
1620213,129.3,93.8,82.6,22.2,61.3
1620214,116.6,88.5,86.7,12.3,130.0
1620215,85.7,139.0,109.6,1.0,65.7
1620216,152.6,131.7,36.3,28.1,65.5
1620217,80.5,143.7,102.3,26.3,126.3
1620218,76.3,81.1,88.0,16.3,67.6
1620219,150.3,78.7,88.5,40.3,111.5
1620220,95.7,84.8,68.6,32.8,81.0
1620221,98.5,86.4,134.4,17.0,59.1
1620222,69.4,124.6,63.9,,81.0
1620223,102.2,44.3,149.7,2.5,98.3
1620224,110.5,69.0,91.2,13.0,116.1
1620225,92.1,133.6,126.2,20.0,89.6
1620226,144.3,112.5,99.2,16.7,81.7
1620227,97.3,116.6,101.6,12.2,116.2
1620228,81.0,147.6,82.0,22.4,144.1
1620229,93.8,123.0,101.8,1.1,118.5
1620230,109.4,96.6,122.8,5.1,102.8
1620231,93.6,85.9,96.4,5.6,26.9
1620232,48.9,98.2,57.9,16.5,78.1
1620233,78.5,108.4,122.1,35.5,88.8
1620234,114.5,97.2,85.6,9.8,88.6
1620235,127.4,95.1,112.2,2.6,115.3
1620236,83.5,68.5,106.9,2.3,68.0
1620237,106.0,165.4,85.1,42.3,113.8
1620238,96.9,137.2,90.2,2.0,65.0
1620239,89.8,123.2,74.2,9.2,98.7
1620240,117.4,110.0,78.0,10.1,149.1
1620241,158.1,127.6,93.5,1.7,99.8
1620242,98.8,155.5,86.9,18.0,96.0
1620243,66.8,110.8,101.7,6.8,14.2
1620244,121.0,150.3,72.1,9.0,91.4
1620245,59.6,150.0,79.1,35.7,61.2
1620246,147.0,87.5,87.0,9.3,89.9
1620247,105.9,122.3,108.0,7.5,71.1
1620248,144.6,107.2,73.5,36.7,107.1
1620249,73.2,102.3,81.7,2.7,122.8
1620250,126.2,114.1,66.8,22.7,131.4
1620251,91.8,78.5,110.2,,97.6
1620252,116.0,85.1,118.9,10.0,84.9
1620253,99.8,105.4,88.6,1.1,88.7
1620254,90.8,123.6,74.1,7.1,82.8
1620255,112.0,115.8,107.6,14.2,83.1
1620256,87.4,112.1,42.4,30.2,104.3
1620257,106.1,101.7,59.4,27.7,105.8
1620258,84.4,101.6,83.7,6.0,71.2
1620259,102.8,96.1,139.3,1.3,90.5
1620260,81.0,104.2,111.0,10.2,113.7
1620261,101.0,92.3,91.6,5.5,47.6
1620262,111.0,74.0,80.1,113.4,75.8
1620263,111.1,62.2,101.2,11.8,92.0
1620264,64.3,89.1,82.4,13.2,149.0
1620265,114.8,52.8,144.5,2.8,103.7
1620266,111.9,107.1,166.2,19.7,46.1
1620267,71.9,67.4,87.9,20.2,54.7
1620268,118.9,143.1,113.0,1.0,121.3
1620269,84.6,74.9,107.6,1.0,105.6
1620270,46.7,115.6,117.7,21.6,97.7
1620271,106.7,81.4,140.0,60.8,106.8
1620272,58.0,136.6,74.8,2.9,191.9
1620273,89.0,121.4,128.7,2.8,130.8
1620274,97.3,100.8,89.0,41.4,124.4
1620275,76.6,90.4,121.7,1.0,80.4
1620276,117.5,67.9,65.8,10.6,100.8
1620277,142.4,111.8,118.5,58.2,67.1
1620278,128.1,112.2,69.5,16.8,104.7
1620279,82.4,108.1,107.1,1.0,116.0
1620280,61.3,70.7,92.6,58.1,84.6
1620281,69.8,132.1,73.3,5.7,120.0
1620282,121.4,99.5,73.8,1.7,118.4
1620283,107.5,41.6,104.4,15.7,94.8
1620284,74.0,109.9,125.6,7.8,90.0
1620285,90.7,132.8,88.9,8.9,71.9
1620286,99.6,113.8,105.8,27.5,97.0
1620287,84.9,168.2,114.9,35.9,83.4
1620288,95.4,133.2,75.2,7.7,118.0
1620289,64.5,98.6,52.3,21.2,96.4
1620290,110.2,124.5,126.7,17.6,63.8
1620291,109.2,72.0,92.8,53.2,81.5
1620292,96.5,90.6,129.5,11.2,67.6
1620293,110.8,98.9,117.3,44.0,115.0
1620294,86.1,80.0,118.3,2.1,124.9
1620295,133.8,87.7,91.7,66.3,129.0
1620296,74.7,74.2,87.3,3.5,122.5
1620297,110.3,54.3,94.1,21.9,109.5
1620298,116.0,79.3,133.5,13.4,93.5
1620299,131.5,98.8,83.8,17.6,81.3
1620300,119.2,98.8,62.0,6.3,116.2
1620301,86.2,111.8,132.7,10.1,55.6
1620302,83.1,91.3,34.3,2.5,96.5
1620303,110.2,133.4,105.3,23.5,72.4
1620304,133.7,107.3,113.0,4.5,98.1
1620305,139.1,94.4,127.6,9.8,82.9
1620306,100.7,112.8,63.9,19.4,106.3
1620307,129.7,101.9,115.3,36.7,97.8
1620308,84.8,127.0,127.4,7.1,103.7
1620309,71.7,42.0,66.2,1.0,91.4
1620310,55.9,112.3,98.3,22.0,85.0
1620311,91.1,124.6,149.9,3.0,112.1
1620312,140.0,82.2,121.4,4.6,159.5
1620313,118.6,108.6,94.5,16.3,107.6
1620314,82.3,102.3,127.9,9.7,99.3
1620315,96.5,106.0,112.3,7.5,132.1
1620316,119.5,87.8,127.1,1.0,64.9
1620317,111.8,116.6,85.6,2.1,121.9
1620318,104.3,91.5,85.1,45.5,65.5
1620319,73.6,125.7,106.5,7.2,79.7
1620320,87.1,44.7,112.7,38.5,104.6
1620321,62.2,117.6,101.8,14.9,92.0
1620322,116.3,105.0,90.7,51.5,128.3
1620323,102.3,112.4,106.0,3.6,92.8
1620324,97.6,94.8,84.1,9.9,80.6
1620325,104.2,94.3,99.7,5.7,83.4
1620326,119.1,122.3,112.5,2.0,123.3
1620327,97.6,117.7,114.9,1.3,87.7
1620328,77.8,98.8,127.9,1.0,65.0
1620329,99.1,100.3,119.2,42.5,104.6
1620330,92.2,115.5,131.5,12.2,103.0
1620331,117.8,85.8,104.3,41.2,90.3
1620332,81.4,50.0,109.0,49.1,92.3
1620333,119.2,112.0,75.2,26.0,116.1
1620334,109.2,146.5,121.9,40.8,99.4
1620335,94.4,127.5,98.0,44.7,84.1
1620336,106.5,105.5,71.3,35.9,126.9
1620337,179.6,66.9,105.6,15.4,78.2
1620338,86.2,60.6,147.0,16.2,81.6
1620339,102.3,96.9,126.3,43.0,116.4
1620340,105.1,75.9,87.7,17.1,125.7
1620341,117.2,113.0,52.2,4.0,123.4
1620342,125.1,108.1,92.8,7.3,101.9
1620343,86.1,117.4,106.8,8.6,75.2
1620344,88.3,129.7,98.0,4.2,84.0
1620345,81.8,121.1,65.5,5.1,88.9
1620346,111.4,84.5,86.2,20.3,74.1
1620347,109.9,74.2,111.8,10.9,109.6
1620348,72.5,87.0,127.6,3.5,115.9
1620349,79.1,128.3,109.4,2.6,91.6
1620350,95.6,166.1,70.0,1.0,83.3
1620351,90.5,114.1,80.8,9.8,130.1
1620352,121.1,137.8,53.6,2.6,100.5
1620353,121.2,89.6,108.3,9.5,104.6
1620354,29.4,117.3,136.4,3.1,129.4
1620355,121.3,76.8,90.1,20.4,105.4
1620356,121.5,99.2,81.3,10.3,163.9
1620357,115.8,120.9,110.4,19.6,106.3
1620358,111.6,113.0,53.8,58.7,107.5
1620359,131.9,55.7,128.1,12.3,123.7
1620360,85.1,115.8,102.4,1.0,127.2
1620361,83.2,95.2,82.8,16.3,101.3
1620362,138.5,110.7,146.4,13.4,114.2
1620363,100.2,110.7,71.1,7.8,118.2
1620364,102.6,115.7,51.6,49.4,89.6
1620365,115.2,75.9,154.5,22.0,146.1
1620366,140.9,90.8,75.4,17.2,117.2
1620367,117.4,104.1,70.9,1.7,64.0
1620368,100.5,120.2,106.1,5.4,110.3
1620369,108.6,105.1,114.7,5.9,116.2
1620370,114.2,107.7,115.4,15.8,107.8
1620371,92.9,128.9,113.6,9.5,95.4
1620372,147.1,64.0,83.1,11.3,91.1
1620373,133.7,99.7,140.7,61.5,129.4
1620374,107.5,80.9,117.8,4.9,72.9
1620375,103.8,79.9,74.5,9.5,87.2
1620376,137.9,109.0,93.5,12.1,128.7
1620377,77.1,63.2,114.5,16.5,62.7
1620378,71.5,84.4,102.4,6.6,61.9
1620379,88.8,44.3,97.5,44.2,124.3
1620380,45.0,81.6,90.3,4.0,82.9
1620381,117.8,115.9,152.8,6.5,133.8
1620382,51.9,71.7,79.5,1.0,75.6
1620383,96.1,72.5,80.1,24.3,49.6
1620384,58.2,78.2,137.7,13.2,69.1
1620385,81.8,71.7,79.6,11.5,110.9
1620386,75.5,139.6,39.0,5.4,75.5
1620387,110.9,93.5,137.0,6.1,108.1
1620388,66.1,88.8,62.9,15.3,137.4
1620389,120.4,115.1,56.1,53.6,65.8
1620390,86.5,61.4,91.9,,110.7
1620391,83.9,92.6,67.0,4.3,81.9
1620392,57.2,75.5,98.4,25.7,80.4
1620393,152.6,146.6,99.8,17.4,88.3
1620394,175.7,90.3,124.2,1.0,105.7
1620395,100.8,145.2,67.2,,97.9
1620396,68.6,72.2,102.4,3.5,84.2
1620397,29.6,136.4,114.2,1.0,86.3
1620398,110.5,98.2,106.6,1.3,102.3
1620399,95.1,104.4,106.2,16.7,98.4
1620400,171.6,97.2,124.4,17.2,97.6
1620401,95.6,137.2,118.6,7.2,161.1
1620402,128.2,116.3,101.5,30.9,122.2
1620403,124.6,136.3,113.1,8.7,79.7
1620404,137.8,119.2,60.9,10.5,110.4
1620405,89.2,78.2,103.0,4.7,89.6
1620406,102.7,105.4,85.8,12.9,89.1
1620407,127.9,74.4,127.2,15.1,143.3
1620408,102.9,78.2,107.7,24.5,109.9
1620409,123.2,102.0,94.7,7.6,68.1
1620410,70.4,70.5,76.6,45.7,140.7
1620411,129.6,109.3,91.7,13.2,65.9
1620412,100.9,126.8,82.5,8.7,108.2
1620413,88.3,93.8,85.2,3.1,147.1
1620414,111.0,136.1,100.9,10.4,98.8
1620415,98.7,107.3,122.2,62.3,59.1
1620416,132.1,94.5,128.6,17.8,112.2
1620417,102.4,87.2,110.1,6.1,73.0
1620418,126.0,66.5,85.2,13.1,109.4
1620419,81.8,66.9,130.1,14.1,116.9
1620420,80.8,89.0,45.8,31.8,85.0
1620421,86.7,125.0,145.5,28.8,90.8
1620422,105.6,92.2,104.6,11.0,104.4
1620423,85.3,95.6,56.2,20.1,56.9
1620424,45.6,86.4,135.5,9.9,90.7
1620425,120.7,130.4,75.4,25.5,127.6
1620426,119.0,65.7,96.5,49.6,75.6
1620427,94.8,115.5,59.4,7.9,86.6
1620428,76.8,61.2,120.4,2.5,125.2
1620429,91.9,87.7,78.3,6.9,88.8
1620430,105.6,91.4,108.4,15.4,83.8
1620431,136.9,110.7,57.9,8.0,99.0
1620432,108.1,83.2,82.5,12.4,104.2
1620433,132.5,91.2,85.9,37.5,108.4
1620434,126.8,118.9,122.4,27.0,103.4
1620435,139.1,76.9,117.5,10.6,108.3
1620436,141.0,127.7,99.2,5.8,113.3
1620437,108.7,115.2,131.7,2.3,107.0
1620438,109.1,92.7,45.3,30.7,88.0
1620439,120.1,120.3,48.9,20.3,119.1
1620440,108.7,142.4,107.4,61.3,139.4
1620441,100.3,59.5,107.4,5.0,126.3
1620442,124.7,112.3,82.2,2.5,148.0
1620443,121.1,114.8,110.5,29.3,168.7
1620444,110.2,67.1,51.8,1.6,76.3
1620445,111.4,104.5,102.4,11.4,54.5
1620446,72.1,95.7,92.8,55.9,94.3
1620447,105.2,113.0,109.1,6.7,28.9
1620448,102.5,103.3,73.2,18.4,80.8
1620449,98.7,85.9,100.9,1.0,127.7
1620450,72.3,97.3,123.7,30.6,102.5
1620451,121.7,108.7,77.1,18.2,157.6
1620452,112.4,66.7,125.1,4.4,130.7
1620453,82.0,120.8,82.6,1.5,82.4
1620454,111.9,149.6,152.9,11.7,80.9
1620455,95.4,76.3,118.7,4.0,122.4
1620456,81.7,105.8,94.2,12.1,110.1
1620457,86.7,107.6,140.4,31.5,125.4
1620458,95.0,109.0,67.4,1.0,51.4
1620459,110.7,82.5,101.3,5.9,83.2
1620460,79.2,57.6,106.5,14.0,93.9
1620461,97.2,99.9,115.6,11.3,110.7
1620462,72.0,78.0,98.5,25.5,78.0
1620463,117.2,120.9,148.2,33.2,90.8
1620464,78.7,88.8,102.1,12.2,71.6
1620465,63.2,82.7,64.4,3.7,55.7
1620466,96.3,56.2,68.2,19.3,138.5
1620467,70.1,98.2,79.5,7.6,46.5
1620468,96.2,77.2,120.0,16.5,70.6
1620469,58.5,109.3,84.4,45.4,105.7
1620470,117.3,88.8,77.7,4.2,127.4
1620471,80.7,120.4,120.2,32.2,107.9
1620472,136.1,62.7,120.7,5.6,97.2
1620473,133.1,93.5,80.7,9.2,78.1
1620474,105.7,125.3,119.2,21.2,113.9
1620475,112.1,164.7,111.3,14.5,110.9
1620476,101.0,88.1,92.0,5.7,98.1
1620477,99.7,107.1,76.1,5.2,84.9
1620478,77.0,100.2,117.9,37.7,139.3
1620479,109.3,114.0,70.1,11.4,69.0
1620480,107.1,129.7,108.9,10.9,101.3
1620481,99.0,67.2,103.6,19.3,137.1
1620482,114.9,122.6,97.4,8.2,119.4
1620483,61.4,68.7,135.2,27.9,119.6
1620484,88.7,72.1,125.8,19.7,75.1
1620485,96.6,110.0,100.3,7.8,77.9
1620486,113.5,107.6,121.3,26.1,116.6
1620487,94.0,78.2,131.7,5.9,107.1
1620488,116.9,133.7,102.2,31.4,120.8
1620489,92.2,96.7,78.8,7.7,121.1
1620490,112.5,64.8,107.8,14.7,127.3
1620491,106.3,128.6,100.5,16.9,147.3
1620492,112.1,70.5,84.9,2.0,99.1
1620493,89.0,130.1,155.2,20.1,72.6
1620494,122.9,124.0,81.2,4.5,112.2
1620495,142.2,110.8,104.9,14.2,103.2
1620496,114.0,112.6,94.8,5.7,99.0
1620497,129.6,77.7,76.1,4.7,72.1
1620498,91.2,97.7,84.9,21.5,126.3
1620499,80.2,144.5,44.9,5.7,93.8
1620500,73.6,127.5,103.5,18.4,130.3
1620501,120.0,103.0,66.5,2.2,76.4
1620502,89.0,119.6,105.6,15.3,131.8
1620503,128.5,122.5,121.9,3.2,95.0
1620504,76.8,75.6,140.2,13.5,112.1
1620505,98.4,50.1,80.9,6.7,130.9
1620506,116.9,142.7,90.7,2.5,98.1
1620507,98.9,155.4,66.9,15.2,92.5
1620508,107.0,91.8,125.9,8.8,107.6
1620509,61.6,110.8,97.5,39.3,113.0
1620510,154.5,112.2,91.2,8.3,90.8
1620511,121.2,81.3,120.0,153.6,114.2
1620512,85.1,84.3,119.5,18.4,72.2
1620513,88.2,72.8,123.1,24.2,91.6
1620514,89.1,82.7,87.9,71.7,129.4
1620515,123.8,118.5,83.7,19.0,120.4
1620516,84.9,112.6,104.6,21.4,152.9
1620517,110.4,114.9,84.1,7.8,88.8
1620518,93.6,65.5,136.8,24.8,83.2
1620519,108.5,94.1,93.7,26.5,113.7
1620520,74.9,137.2,102.7,10.6,122.6
1620521,112.2,66.4,111.9,1.6,111.3
1620522,66.6,108.8,64.7,1.0,120.2
1620523,69.8,93.2,107.6,18.4,85.6
1620524,80.0,123.8,114.8,46.6,130.6
1620525,99.9,103.2,79.9,8.6,94.9
1620526,102.7,77.5,75.9,2.6,145.6
1620527,99.9,114.8,141.3,10.6,89.9
1620528,97.9,98.9,108.1,14.8,119.9
1620529,105.0,94.0,125.1,4.1,84.3
1620530,115.7,98.0,111.3,1.0,90.5
1620531,48.7,92.9,115.5,16.8,114.0
1620532,134.7,99.9,61.5,11.4,53.1
1620533,100.3,61.0,134.6,5.7,146.0
1620534,118.7,127.8,103.0,1.0,141.0
1620535,94.1,99.4,113.4,11.7,108.0
1620536,115.4,73.3,113.4,3.9,107.9
1620537,104.0,103.7,127.6,5.8,82.8
1620538,102.0,27.3,76.4,7.1,94.5
1620539,89.4,136.5,155.6,1.2,129.4
1620540,91.3,87.7,102.1,8.1,53.1
1620541,93.5,107.2,158.9,29.6,122.7
1620542,83.2,132.0,76.0,39.6,98.3
1620543,101.1,53.1,117.8,7.7,101.5
1620544,85.4,61.6,107.3,7.0,118.4
1620545,86.5,90.7,125.2,24.6,100.1
1620546,82.4,93.1,119.8,20.5,65.8
1620547,61.7,99.0,77.6,5.3,81.2
1620548,69.8,78.1,119.2,4.1,84.4
1620549,127.4,105.6,74.1,9.9,104.5
1620550,142.8,94.6,48.3,2.6,106.5
1620551,125.1,143.7,77.9,5.0,97.8
1620552,107.8,69.6,88.8,34.2,104.0
1620553,57.1,56.5,33.8,25.0,117.1
1620554,75.8,80.0,103.1,35.0,132.4
1620555,99.5,79.6,138.4,22.4,73.7
1620556,125.0,72.8,63.3,11.8,100.6
1620557,96.1,75.9,84.2,1.4,114.8
1620558,143.0,67.4,109.3,2.7,149.2
1620559,127.3,103.9,131.3,94.7,116.4
1620560,114.2,111.2,72.6,9.1,124.5
1620561,81.1,180.6,85.2,12.8,78.9
1620562,113.8,109.5,108.0,62.5,138.0
1620563,117.6,70.1,89.1,1.5,101.8
1620564,91.7,136.2,123.8,20.8,86.5
1620565,126.3,111.9,73.0,1.1,96.8
1620566,118.6,91.1,105.5,30.6,87.1
1620567,117.5,101.9,120.9,23.9,164.1
1620568,114.0,110.9,123.5,24.1,101.1
1620569,86.4,73.1,98.1,1.0,99.8
1620570,94.9,52.9,105.5,14.3,117.6
1620571,126.3,87.5,75.0,2.3,139.3
1620572,111.5,89.2,83.3,14.4,98.3
1620573,30.3,62.6,73.6,8.5,67.1
1620574,75.1,57.5,76.0,20.9,83.9
1620575,144.4,103.1,100.5,8.5,51.9
1620576,101.8,89.4,107.8,1.6,50.8
1620577,121.8,112.2,112.4,36.0,139.9
1620578,61.3,104.1,126.3,37.7,140.5
1620579,46.5,96.0,148.7,6.4,77.8
1620580,88.5,118.0,74.5,4.6,106.9
1620581,115.9,121.3,115.8,2.2,120.3
1620582,132.2,76.5,95.7,1.0,94.8
1620583,88.5,81.2,110.7,1.0,113.3
1620584,58.3,125.9,109.2,16.0,119.8
1620585,98.0,133.9,89.4,3.0,50.0
1620586,133.5,113.3,164.4,2.2,87.4
1620587,109.8,71.7,56.0,3.8,64.1
1620588,110.4,88.9,81.2,15.4,121.4
1620589,124.2,145.1,110.7,13.5,93.4
1620590,104.7,147.2,96.1,15.2,65.5
1620591,122.0,88.7,143.7,2.3,112.5
1620592,93.4,85.0,101.9,1.6,95.9
1620593,115.2,62.6,134.0,3.4,114.6
1620594,87.0,123.8,128.7,18.1,78.7
1620595,76.9,126.7,86.3,1.0,108.3
1620596,100.5,121.1,106.3,3.8,104.2
1620597,100.6,114.6,118.8,5.2,85.2
1620598,148.6,136.9,58.3,1.9,94.7
1620599,81.1,77.2,84.0,42.5,125.6
1620600,91.1,94.6,60.3,19.9,102.3
1620601,95.5,130.6,107.1,18.9,80.7
1620602,103.4,78.1,97.2,11.9,72.9
1620603,131.8,116.7,117.3,1.0,106.4
1620604,100.5,71.9,118.0,23.4,119.0
1620605,129.4,152.8,96.0,15.1,123.0
1620606,124.5,88.8,73.2,19.2,83.6
1620607,167.3,73.0,95.9,16.0,97.9
1620608,101.9,90.3,114.5,12.0,109.2
1620609,98.0,109.5,151.5,6.8,107.4
1620610,111.5,73.0,56.0,28.1,73.7
1620611,129.7,124.7,74.9,19.0,98.6
1620612,104.3,75.4,84.8,29.7,108.7
1620613,113.3,113.5,70.0,38.5,125.1
1620614,91.1,110.3,118.6,3.4,116.2
1620615,119.4,65.5,93.1,1.0,66.0
1620616,104.2,77.6,58.7,16.7,172.3
1620617,78.9,94.5,97.8,6.4,87.0
1620618,89.0,84.0,148.4,2.3,113.2
1620619,61.3,106.3,68.1,4.5,110.1
1620620,68.8,118.3,133.6,45.2,126.3
1620621,103.7,142.3,120.6,7.1,70.2
1620622,85.8,81.9,101.2,,81.8
1620623,112.6,101.4,90.0,1.0,101.7
1620624,91.2,134.4,102.0,4.9,27.1
1620625,83.5,90.2,123.1,60.6,100.2
1620626,100.6,125.6,56.9,7.1,72.6
1620627,68.8,117.0,110.5,1.0,16.5
1620628,52.2,59.2,113.4,34.1,103.5
1620629,137.0,112.9,87.4,25.2,80.5
1620630,92.4,100.7,29.3,1.0,97.4
1620631,117.1,82.8,118.9,27.6,86.7
1620632,121.1,89.2,80.6,26.7,105.2
1620633,128.2,78.6,116.6,9.5,84.0
1620634,134.1,63.3,52.5,20.4,102.0
1620635,107.4,72.0,83.4,3.9,90.8
1620636,84.1,86.4,119.1,1.0,90.3
1620637,99.2,137.9,79.7,34.5,74.0
1620638,81.6,100.4,119.0,14.9,81.9
1620639,116.7,85.3,114.9,38.8,134.0
1620640,96.3,87.5,70.5,1.0,119.4
1620641,93.2,67.5,75.8,4.3,69.5
1620642,138.9,90.9,105.8,7.4,91.3
1620643,114.2,92.8,75.7,2.0,89.7
1620644,117.8,116.9,81.2,19.0,108.9
1620645,76.5,134.6,79.5,19.2,92.1
1620646,105.7,99.1,81.3,29.1,114.0
1620647,137.9,82.5,74.6,12.5,96.2
1620648,106.6,58.0,54.5,2.3,111.8
1620649,98.0,96.6,84.0,7.4,79.3
1620650,128.7,105.5,72.3,23.7,132.9
1620651,99.2,76.6,116.1,2.8,112.4
1620652,77.3,102.2,104.3,12.3,99.4
1620653,82.5,75.6,102.2,21.1,62.8
1620654,111.1,82.9,102.6,3.3,103.8
1620655,82.8,122.4,95.1,6.6,104.0
1620656,81.4,106.3,72.5,16.8,101.7
1620657,57.4,133.9,70.4,19.1,108.3
1620658,139.6,106.2,67.4,38.6,115.4
1620659,17.3,84.4,109.1,4.4,99.5
1620660,84.9,82.4,117.2,32.7,112.1
1620661,73.6,126.8,82.4,1.0,84.3
1620662,116.1,124.5,93.5,3.5,55.5
1620663,83.3,119.1,68.4,1.0,116.2
1620664,95.2,87.3,61.2,13.3,90.6
1620665,89.2,96.3,104.2,26.1,132.9
1620666,50.6,98.6,115.2,4.2,91.7
1620667,113.1,75.6,85.2,14.7,107.8
1620668,103.6,127.4,90.8,15.2,59.4
1620669,86.3,137.0,87.1,22.5,108.5
1620670,123.4,102.6,89.4,35.9,92.9
1620671,158.9,118.1,84.9,12.7,84.3
1620672,39.6,100.9,78.9,1.0,73.3
1620673,72.4,113.6,62.3,33.1,69.4
1620674,103.8,95.4,130.6,17.1,116.1
1620675,112.8,85.5,93.3,13.3,163.5
1620676,105.7,110.2,109.3,1.0,124.7
1620677,99.8,115.5,133.0,1.5,138.4
1620678,143.8,90.5,105.8,1.0,74.2
1620679,83.1,135.4,88.7,8.0,127.5
1620680,122.7,66.3,108.5,30.0,126.8
1620681,63.9,68.4,67.5,3.1,117.1
1620682,117.2,103.2,129.0,9.3,118.3
1620683,76.5,85.6,79.3,49.0,138.3
1620684,73.2,121.8,130.4,18.2,124.1
1620685,110.9,121.9,91.9,9.4,47.9
1620686,98.2,63.3,67.0,33.4,103.4
1620687,101.9,112.8,68.2,10.1,147.0
1620688,77.9,127.3,61.5,3.8,89.0
1620689,137.1,85.0,90.8,31.0,91.3
1620690,123.7,65.0,108.2,4.4,152.9
1620691,67.3,62.9,86.0,13.7,112.0
1620692,134.8,62.9,77.9,18.0,150.1
1620693,94.6,156.1,116.9,10.4,117.6
1620694,122.8,54.1,74.6,11.7,115.9
1620695,119.8,90.0,85.4,7.5,77.1
1620696,100.8,51.9,104.0,1.0,103.1
1620697,121.8,81.7,115.8,10.4,93.1
1620698,108.4,93.6,78.5,4.6,62.7
1620699,100.7,91.9,75.9,1.0,71.3
1620700,131.2,110.9,112.9,31.1,115.1
1620701,95.8,99.7,93.1,22.0,107.3
1620702,137.4,96.7,81.8,18.7,116.1
1620703,123.8,136.1,64.6,19.6,108.8
1620704,112.1,74.1,53.5,1.0,116.1
1620705,85.0,120.2,34.5,4.3,93.5
1620706,89.5,122.6,110.3,17.3,62.9
1620707,64.6,69.4,95.1,6.2,60.7
1620708,111.3,117.1,55.9,5.8,73.0
1620709,70.3,92.6,132.6,9.4,67.8
1620710,86.8,121.5,95.5,7.5,110.0
1620711,62.3,117.8,102.7,14.3,72.9
1620712,101.1,86.6,98.6,10.9,49.8
1620713,86.8,75.5,148.8,9.8,91.6
1620714,103.1,122.8,97.5,5.5,145.1
1620715,138.0,105.3,97.2,16.4,101.8
1620716,107.4,125.8,120.1,,131.2
1620717,106.6,80.9,89.5,25.5,87.2
1620718,84.9,122.5,87.1,1.0,96.0
1620719,81.4,78.4,90.3,6.6,65.3
1620720,136.8,94.9,110.9,14.7,91.0
1620721,171.9,89.3,126.7,3.8,67.8
1620722,76.6,133.1,108.0,20.5,93.6
1620723,128.8,151.7,99.4,18.3,82.3
1620724,91.2,112.0,91.0,9.5,106.0
1620725,66.8,66.7,106.9,12.6,109.6
1620726,114.9,141.5,94.7,32.1,134.8
1620727,52.5,124.8,136.3,23.5,58.1
1620728,61.2,112.6,106.1,32.1,113.7
1620729,88.3,89.5,118.5,23.6,114.8
1620730,63.7,88.8,88.8,4.1,133.2
1620731,95.6,146.1,107.3,1.2,104.2
1620732,105.7,117.6,59.1,3.6,47.4
1620733,104.2,83.9,101.9,13.3,110.2
1620734,124.7,56.1,81.0,3.2,77.4
1620735,88.6,99.7,155.9,74.1,66.4
1620736,127.6,117.4,66.2,6.8,124.7
1620737,118.0,70.0,64.2,12.5,111.5
1620738,158.3,84.3,107.2,21.9,166.8
1620739,122.8,85.3,81.7,7.8,137.6
1620740,74.9,92.2,104.6,21.8,119.4
1620741,93.9,99.4,115.4,3.1,97.3
1620742,99.8,118.1,108.7,2.3,131.1
1620743,136.5,95.8,87.0,53.0,86.7
1620744,93.4,105.1,108.4,5.1,135.2
1620745,143.6,91.7,98.5,14.4,137.6
1620746,119.3,124.6,90.0,49.5,58.9
1620747,97.2,89.7,130.4,11.1,75.6
1620748,105.1,108.0,101.0,47.6,183.3
1620749,110.9,117.2,98.2,21.8,102.3
1620750,126.8,111.0,83.3,12.6,108.5
1620751,76.2,88.6,112.9,1.0,105.0
1620752,100.6,119.9,85.8,7.9,105.2
1620753,116.5,107.4,81.2,10.3,137.1
1620754,131.8,103.9,71.7,7.2,126.9
1620755,77.9,83.4,90.1,32.9,112.1
1620756,105.2,150.1,84.0,4.5,75.2
1620757,106.5,135.5,71.6,24.0,57.4
1620758,104.7,104.2,94.9,2.9,90.7
1620759,105.6,111.2,110.3,4.1,114.1
1620760,57.7,143.9,90.8,11.1,109.3
1620761,52.9,39.8,86.7,5.4,97.9
1620762,116.5,94.4,97.6,2.6,133.0
1620763,85.2,119.1,88.7,6.3,108.6
1620764,53.7,124.5,88.8,7.5,139.8
1620765,90.3,77.9,114.4,1.3,137.1
1620766,128.4,87.1,67.3,8.3,87.5
1620767,86.5,69.7,110.0,19.0,118.1
1620768,100.3,111.1,120.3,2.1,88.1
1620769,111.1,123.8,98.4,1.6,64.7
1620770,44.8,96.0,98.0,34.4,119.3
1620771,97.6,144.1,89.1,1.8,79.2
1620772,98.8,100.6,105.0,15.3,91.5
1620773,109.6,67.9,149.7,9.1,113.8
1620774,85.6,118.8,70.2,1.0,105.4
1620775,114.3,127.2,115.2,9.6,101.7
1620776,109.0,106.2,80.4,24.7,121.4
1620777,85.8,63.7,57.7,28.3,132.0
1620778,119.9,100.0,126.6,6.5,101.8
1620779,87.7,69.0,102.1,7.1,89.8
1620780,73.1,103.1,66.8,13.1,106.0
1620781,99.2,127.8,92.7,3.6,116.2
1620782,101.2,128.3,111.2,6.4,96.1
1620783,85.6,109.0,58.1,1.0,101.0
1620784,141.7,58.6,80.5,22.0,74.4
1620785,100.3,117.0,105.7,15.7,76.0
1620786,123.7,159.4,101.9,3.4,82.9
1620787,154.0,93.2,105.9,62.2,64.9
1620788,107.4,104.0,113.2,6.1,112.5
1620789,108.7,111.7,133.0,2.4,105.7
1620790,97.3,134.7,90.5,1.0,122.5
1620791,109.6,65.1,71.9,12.1,90.1
1620792,133.3,90.6,90.6,15.0,132.2
1620793,103.8,129.2,105.5,56.5,135.7
1620794,88.3,36.8,124.4,24.0,95.1
1620795,73.2,123.7,120.4,34.7,80.7
1620796,54.6,84.2,120.6,3.7,105.7
1620797,83.6,85.4,128.1,,148.9
1620798,94.4,103.5,119.8,15.7,98.0
1620799,105.0,110.6,100.3,11.2,88.2
1620800,136.9,138.5,88.1,2.0,157.1
1620801,106.9,100.4,89.7,4.3,119.3
1620802,84.7,120.0,96.0,7.2,134.3
1620803,109.3,124.6,110.1,2.2,88.8
1620804,132.6,110.2,87.6,16.9,94.5
1620805,91.3,58.9,103.0,6.7,89.4
1620806,130.6,143.7,131.9,18.8,83.6
1620807,88.0,91.2,93.2,3.7,81.2
1620808,81.2,101.5,88.0,5.2,97.2
1620809,64.4,83.8,71.9,15.0,87.4
1620810,60.5,92.6,121.6,3.6,116.7
1620811,136.4,94.3,104.7,7.7,113.3
1620812,97.8,88.8,119.7,7.5,132.0
1620813,95.3,155.7,64.0,15.5,59.2
1620814,98.1,92.3,82.5,20.7,114.0
1620815,89.7,103.7,88.6,4.5,74.2
1620816,105.4,99.2,130.0,11.0,102.0
1620817,86.6,113.8,98.2,8.7,100.9
1620818,102.3,83.5,80.3,6.2,65.5
1620819,132.1,74.4,101.7,17.9,104.7
1620820,73.6,91.2,82.5,1.7,80.6
1620821,80.1,136.2,123.8,17.6,51.5
1620822,129.6,102.7,37.0,14.8,71.2
1620823,105.5,100.9,150.2,16.1,120.9
1620824,50.8,107.4,101.7,6.0,60.6
1620825,135.9,83.8,121.2,27.8,112.1
1620826,95.9,111.1,110.1,8.6,121.8
1620827,132.4,48.6,113.7,5.5,121.8
1620828,89.1,139.1,80.1,27.6,115.0
1620829,85.3,103.1,96.4,8.0,111.5
1620830,92.3,63.1,121.1,1.0,100.5
1620831,99.0,107.8,104.7,5.5,103.8
1620832,86.1,82.8,81.6,9.0,102.1
1620833,113.0,103.3,88.6,1.6,84.8
1620834,65.3,130.7,115.0,1.9,105.8
1620835,108.7,95.8,97.0,23.2,105.1
1620836,92.5,101.4,94.6,4.6,67.1
1620837,101.0,80.8,80.8,17.5,64.3
1620838,68.9,146.7,43.3,24.3,107.9
1620839,153.0,122.1,115.1,38.9,118.2
1620840,103.2,83.0,107.4,6.4,109.0
1620841,93.5,124.2,66.4,1.0,98.5
1620842,93.5,85.7,92.9,9.2,104.5
1620843,73.8,125.6,110.4,1.4,96.3
1620844,75.6,45.2,95.1,8.3,121.6
1620845,134.1,91.5,107.8,24.3,30.3
1620846,79.6,116.7,119.0,38.1,96.0
1620847,101.3,108.3,41.5,7.3,104.6
1620848,106.8,136.3,98.3,5.3,111.0
1620849,155.5,120.1,90.1,32.0,82.9
1620850,121.9,118.7,88.9,6.6,90.7
1620851,120.2,137.3,103.1,52.4,91.8
1620852,108.6,104.3,77.2,5.5,125.7
1620853,64.6,117.2,106.6,13.6,95.2
1620854,103.3,73.9,94.9,49.5,84.6
1620855,119.2,135.1,103.5,12.0,63.1
1620856,55.1,134.9,110.9,14.5,85.7
1620857,74.0,106.4,111.4,8.7,146.7
1620858,73.8,102.1,81.9,13.0,143.5
1620859,103.6,80.2,100.1,15.9,90.5
1620860,100.9,90.8,70.6,6.8,91.9
1620861,80.8,121.2,87.4,1.2,81.9
1620862,99.4,102.4,102.3,47.0,140.3
1620863,91.9,104.0,81.9,40.5,140.8
1620864,141.6,118.2,87.6,8.4,97.9
1620865,94.9,110.4,85.6,24.2,83.7
1620866,62.9,116.1,91.5,12.1,141.7
1620867,53.0,117.0,131.7,29.2,132.5
1620868,111.0,87.6,131.1,17.2,97.6
1620869,95.5,114.6,90.3,13.9,139.7
1620870,114.9,85.7,106.1,1.1,120.7
1620871,83.8,73.2,126.8,23.8,96.1
1620872,75.6,79.2,109.0,10.1,134.0
1620873,113.4,68.7,103.9,14.9,68.2
1620874,107.8,108.5,72.2,11.2,71.1
1620875,113.0,107.3,84.1,7.5,107.9
1620876,76.6,37.7,101.5,7.0,98.4
1620877,130.6,97.2,101.6,36.2,88.9
1620878,134.0,99.9,100.8,8.2,66.7
1620879,87.3,96.6,93.2,32.6,90.7
1620880,115.6,111.5,112.4,35.1,125.5
1620881,113.7,88.8,143.6,24.2,144.2
1620882,117.2,84.0,107.8,16.8,99.0
1620883,163.3,76.9,80.2,9.7,77.5
1620884,97.6,113.8,69.5,1.0,75.6
1620885,103.1,86.7,115.8,10.5,52.2
1620886,118.1,24.6,77.6,5.6,136.7
1620887,84.6,80.4,101.8,5.6,128.4
1620888,73.3,153.1,74.1,5.1,124.7
1620889,123.5,100.7,126.9,21.8,112.2
1620890,78.1,112.6,135.6,17.5,115.2
1620891,100.5,89.3,84.7,10.1,102.3
1620892,65.7,76.9,95.4,6.1,121.9
1620893,123.7,90.9,126.8,49.2,158.9
1620894,95.8,55.3,53.7,,81.6
1620895,77.1,75.1,119.8,2.8,114.4
1620896,86.7,89.4,102.2,5.3,120.0
1620897,89.1,77.9,66.1,3.3,89.8
1620898,51.0,61.0,54.9,29.8,129.6
1620899,92.4,146.2,81.4,40.0,88.0
1620900,93.4,106.3,109.0,54.2,104.8
1620901,142.8,100.2,70.1,21.7,125.1
1620902,145.4,135.9,99.8,10.1,80.8
1620903,84.1,84.1,126.1,27.1,142.9
1620904,62.6,93.9,59.7,12.1,99.6
1620905,98.0,93.0,81.3,34.2,101.9
1620906,65.5,66.0,131.7,12.7,88.8
1620907,106.0,103.1,149.5,28.5,52.9
1620908,100.8,84.1,102.9,15.8,42.9
1620909,101.5,53.3,85.2,24.8,150.1
1620910,125.1,131.1,60.0,8.1,116.1
1620911,48.0,94.2,89.3,3.8,76.7
1620912,115.1,92.0,99.7,8.7,106.7
1620913,107.3,116.7,88.2,19.6,38.6
1620914,88.1,136.8,124.5,60.1,123.6
1620915,70.2,92.6,126.8,4.2,81.4
1620916,86.4,83.2,115.3,26.2,100.5
1620917,123.6,58.0,155.9,10.5,71.1
1620918,106.7,113.8,114.1,21.1,112.6
1620919,79.3,111.3,131.6,11.2,101.4
1620920,73.0,127.3,98.5,18.7,69.3
1620921,97.3,164.0,118.8,5.2,71.2
1620922,113.2,108.0,118.9,21.7,107.3
1620923,74.5,122.0,153.6,36.9,73.0
1620924,65.7,109.0,64.3,4.1,127.9
1620925,123.8,114.8,108.0,8.1,82.7
1620926,91.5,95.6,115.1,24.8,98.7
1620927,91.7,100.6,126.2,3.2,69.5
1620928,96.0,105.9,99.8,5.1,93.0
1620929,80.3,35.4,114.1,11.1,113.2
1620930,117.0,67.8,123.2,8.5,106.4
1620931,101.4,122.6,131.0,24.4,77.1
1620932,146.2,89.1,103.2,20.4,94.1
1620933,136.3,102.1,139.9,17.0,82.2
1620934,116.4,97.8,131.5,1.0,131.1
1620935,97.2,68.4,95.0,5.4,55.6
1620936,97.3,65.7,82.6,3.5,135.8
1620937,127.9,62.3,167.3,15.3,111.8
1620938,95.4,134.8,141.4,28.2,98.8
1620939,145.7,126.4,88.7,12.2,112.9
1620940,143.5,114.6,113.7,4.1,89.1
1620941,100.1,96.9,140.9,51.9,124.5
1620942,61.8,83.4,92.9,28.0,121.9
1620943,102.2,129.8,76.1,11.4,129.8
1620944,109.6,73.6,72.4,19.9,75.6
1620945,121.3,141.3,94.1,13.2,117.2
1620946,69.4,110.3,68.2,1.0,126.5
1620947,99.5,76.0,122.3,3.2,96.5
1620948,130.0,58.8,113.3,4.0,105.6
1620949,83.2,100.8,67.6,32.6,112.3
1620950,56.7,73.1,116.0,18.8,98.0
1620951,106.4,139.1,107.1,22.8,67.0
1620952,114.8,44.9,102.3,7.4,116.4
1620953,82.5,120.3,117.8,12.5,143.4
1620954,72.4,114.1,44.4,3.4,89.2
1620955,66.0,132.8,96.9,7.6,98.6
1620956,55.9,85.4,84.2,6.4,107.5
1620957,106.9,105.4,123.8,1.0,114.0
1620958,106.4,150.5,155.0,13.7,119.9
1620959,77.3,95.9,99.2,4.1,91.8
1620960,95.7,115.4,72.2,2.4,79.3
1620961,77.2,117.7,99.3,16.7,93.8
1620962,76.2,64.9,88.4,3.2,76.7
1620963,141.1,72.2,99.7,6.6,98.9
1620964,76.8,145.9,57.2,16.6,44.4
1620965,66.1,91.6,119.9,19.6,115.8
1620966,130.0,109.3,107.9,31.9,85.3
1620967,81.1,112.1,108.0,31.8,123.5
1620968,79.6,133.9,140.7,9.1,128.8
1620969,71.4,44.7,85.1,1.6,56.1
1620970,147.8,138.4,104.8,47.5,101.7
1620971,97.6,69.8,101.8,36.6,114.9
1620972,138.9,27.5,135.1,13.0,133.1
1620973,78.1,63.4,67.4,33.7,99.8
1620974,80.8,122.3,105.3,15.3,107.3
1620975,64.7,75.2,78.9,19.4,67.8
1620976,65.9,76.1,77.8,10.6,52.3
1620977,81.6,121.0,69.1,23.2,101.6
1620978,72.6,143.0,125.5,,80.3
1620979,75.5,127.9,118.7,2.7,58.8
1620980,76.7,93.3,88.2,10.4,114.4
1620981,127.2,151.8,76.9,4.4,86.5
1620982,72.0,98.7,121.7,22.7,56.2
1620983,128.7,90.6,64.0,9.8,87.7
1620984,101.5,85.4,130.0,1.0,59.1
1620985,36.7,33.8,120.1,13.9,59.1
1620986,90.0,108.5,135.1,2.5,73.7
1620987,108.0,71.2,123.4,28.9,146.0
1620988,102.5,130.0,87.2,51.0,103.7
1620989,65.0,109.5,104.9,5.3,96.4
1620990,140.4,107.4,110.4,17.7,82.1
1620991,84.1,81.5,111.0,47.3,112.3
1620992,121.5,119.6,84.7,3.4,100.4
1620993,84.1,115.6,72.0,13.2,57.2
1620994,92.1,112.6,122.7,14.8,89.4
1620995,98.8,61.4,90.1,1.0,96.7
1620996,126.8,95.2,89.2,16.1,77.1
1620997,106.6,87.4,53.5,12.0,129.1
1620998,71.8,139.3,112.7,17.7,109.9
1620999,85.8,102.6,92.0,16.2,95.3
1621000,91.8,104.2,113.7,7.6,110.5
