WorkerID,SafetyTrainingHours,ComplianceScore,NearMissCount,MachineUsageHours,AccidentOccurred
1490001,40.3,55.6,115.1,62.0,0
1490002,44.2,54.7,93.3,47.0,0
1490003,39.6,51.7,116.1,39.0,1
1490004,38.5,42.2,112.9,27.0,1
1490005,41.4,57.8,118.6,55.0,0
1490006,39.4,30.1,93.4,58.0,1
1490007,23.8,61.7,65.2,44.0,0
1490008,22.6,34.9,103.2,16.0,1
1490009,29.0,55.6,81.5,63.0,1
1490010,7.8,51.0,93.1,35.0,1
1490011,21.7,48.8,103.7,38.0,1
1490012,41.1,62.5,80.7,27.0,0
1490013,9.4,51.4,138.5,61.0,0
1490014,41.5,22.3,115.8,40.0,1
1490015,12.8,65.0,81.8,42.0,1
1490016,11.7,58.5,95.8,39.0,0
1490017,43.1,57.7,74.0,53.0,0
1490018,43.8,39.0,68.5,51.0,0
1490019,35.3,65.3,110.3,39.0,0
1490020,40.6,64.0,62.2,45.0,1
1490021,28.1,38.1,93.6,34.0,0
1490022,39.4,30.6,86.5,47.0,1
1490023,10.0,32.1,71.8,58.0,0
1490024,40.7,47.9,,36.0,1
1490025,28.7,33.6,107.1,42.0,1
1490026,28.9,32.4,90.9,27.0,1
1490027,13.2,51.1,94.1,75.0,1
1490028,15.7,40.9,140.3,56.0,1
1490029,42.5,68.4,102.5,58.0,1
1490030,33.6,27.7,59.5,44.0,1
1490031,33.6,11.0,101.1,48.0,0
1490032,17.3,34.7,81.3,43.0,0
1490033,8.5,39.9,63.6,57.0,0
1490034,27.6,32.4,115.9,48.0,1
1490035,33.1,43.2,101.7,33.0,1
1490036,17.0,37.8,128.6,40.0,1
1490037,34.1,33.0,108.8,49.0,1
1490038,23.4,36.5,119.1,41.0,0
1490039,6.4,72.0,76.8,44.0,1
1490040,39.2,43.5,102.5,52.0,1
1490041,14.6,45.4,108.6,37.0,0
1490042,30.2,50.2,97.9,32.0,0
1490043,25.1,62.3,72.3,29.0,0
1490044,8.1,46.4,87.7,48.0,1
1490045,31.7,45.3,107.0,64.0,1
1490046,9.9,53.7,88.7,45.0,1
1490047,39.4,41.2,115.3,54.0,0
1490048,44.9,30.4,95.8,37.0,0
1490049,7.7,43.8,96.6,38.0,0
1490050,13.5,20.9,113.3,44.0,0
1490051,8.6,41.8,91.1,61.0,1
1490052,10.7,50.1,119.1,47.0,1
1490053,33.7,51.4,134.7,78.0,0
1490054,30.5,68.5,86.7,39.0,1
1490055,13.3,14.0,113.5,58.0,1
1490056,29.7,40.4,123.6,56.0,1
1490057,44.8,37.8,86.6,24.0,0
1490058,30.4,45.1,102.2,18.0,1
1490059,36.7,43.0,130.6,19.0,0
1490060,24.0,43.6,96.8,51.0,0
1490061,11.9,40.9,95.6,39.0,1
1490062,20.4,23.6,78.7,47.0,0
1490063,11.7,29.1,74.8,40.0,0
1490064,5.0,25.4,100.9,57.0,1
1490065,7.2,41.5,87.4,75.0,0
1490066,29.0,41.8,86.8,54.0,0
1490067,17.3,38.9,72.8,40.0,0
1490068,31.8,49.1,121.8,42.0,0
1490069,14.7,47.4,168.2,35.0,0
1490070,30.6,31.2,64.4,40.0,1
1490071,13.5,51.3,130.4,57.0,1
1490072,20.5,38.1,99.5,27.0,1
1490073,44.8,34.8,73.5,78.0,0
1490074,34.9,62.4,107.1,30.0,0
1490075,35.0,41.6,90.7,48.0,0
1490076,37.2,47.0,87.7,22.0,1
1490077,44.7,51.8,89.9,40.0,0
1490078,34.8,19.9,92.5,43.0,0
1490079,29.2,63.3,100.7,56.0,0
1490080,6.6,44.5,77.6,56.0,0
1490081,13.2,37.7,100.5,51.0,1
1490082,18.9,20.0,115.1,46.0,1
1490083,24.6,43.1,62.8,26.0,0
1490084,7.7,34.2,111.6,44.0,0
1490085,42.2,39.0,99.4,62.0,0
1490086,37.4,41.5,81.5,49.0,0
1490087,24.8,70.2,121.4,21.0,1
1490088,10.0,37.9,102.7,25.0,1
1490089,19.6,36.7,46.1,33.0,0
1490090,19.3,30.3,98.6,57.0,1
1490091,40.7,67.6,75.9,51.0,0
1490092,27.2,83.5,98.5,38.0,1
1490093,38.5,45.1,93.8,40.0,0
1490094,11.5,63.7,116.9,17.0,0
1490095,14.6,26.2,74.9,44.0,1
1490096,41.6,45.3,93.6,54.0,0
1490097,43.7,58.0,69.1,56.0,1
1490098,15.9,41.0,133.3,40.0,1
1490099,39.2,43.1,112.3,47.0,1
1490100,10.8,39.7,110.9,51.0,0
1490101,15.1,36.4,132.0,42.0,0
1490102,19.4,48.9,53.0,51.0,0
1490103,28.0,43.7,121.3,39.0,0
1490104,10.0,27.6,109.8,36.0,0
1490105,39.9,41.9,93.6,33.0,1
1490106,43.7,55.7,72.2,23.0,0
1490107,35.2,12.7,113.8,36.0,0
1490108,43.8,18.3,94.5,35.0,1
1490109,17.8,44.8,90.7,65.0,1
1490110,11.2,66.5,145.0,17.0,0
1490111,7.1,19.3,87.2,35.0,0
1490112,5.1,28.8,100.9,59.0,0
1490113,41.4,34.3,119.5,33.0,0
1490114,30.8,50.0,83.0,51.0,0
1490115,31.6,25.8,108.8,44.0,0
1490116,17.9,38.5,131.3,9.0,0
1490117,6.1,45.6,118.1,40.0,1
1490118,33.5,42.9,52.5,46.0,0
1490119,20.9,40.0,99.5,57.0,0
1490120,31.5,24.7,143.1,32.0,1
1490121,10.5,28.6,87.3,40.0,0
1490122,6.0,32.3,67.6,33.0,0
1490123,11.8,50.3,95.5,39.0,0
1490124,26.7,39.4,106.4,42.0,1
1490125,35.1,48.7,53.7,67.0,0
1490126,38.3,41.8,142.3,32.0,0
1490127,19.5,58.5,109.4,24.0,1
1490128,41.3,56.0,120.5,23.0,0
1490129,11.8,43.6,125.0,32.0,1
1490130,26.7,32.7,151.9,45.0,1
1490131,33.6,28.4,68.6,57.0,1
1490132,34.8,79.5,134.6,50.0,0
1490133,7.1,57.2,87.6,35.0,1
1490134,31.3,2.2,114.0,47.0,1
1490135,9.3,48.8,114.2,66.0,0
1490136,23.2,15.7,114.1,46.0,0
1490137,17.0,57.5,112.6,57.0,0
1490138,19.4,65.7,135.4,46.0,1
1490139,11.5,32.3,44.6,43.0,1
1490140,18.7,33.8,50.7,29.0,0
1490141,28.2,41.0,139.7,49.0,0
1490142,23.0,48.7,114.5,52.0,1
1490143,30.7,44.2,108.6,13.0,0
1490144,16.8,59.4,119.6,60.0,1
1490145,21.4,77.1,76.2,37.0,1
1490146,30.0,65.9,101.4,53.0,1
1490147,42.1,38.3,105.4,53.0,1
1490148,40.8,27.7,93.9,28.0,0
1490149,16.0,31.9,133.8,58.0,0
1490150,7.4,42.8,114.0,44.0,0
1490151,13.1,31.3,131.1,25.0,1
1490152,6.4,59.6,71.1,51.0,1
1490153,18.7,55.2,67.2,15.0,0
1490154,22.6,50.4,73.8,35.0,1
1490155,15.4,32.3,87.0,42.0,0
1490156,14.5,24.5,107.7,50.0,0
1490157,45.0,24.2,127.5,33.0,1
1490158,18.5,58.0,118.5,31.0,1
1490159,9.4,18.9,124.9,45.0,1
1490160,28.4,51.1,101.5,15.0,0
1490161,30.8,66.1,131.8,43.0,0
1490162,30.8,26.4,103.7,50.0,1
1490163,43.1,31.7,72.5,53.0,0
1490164,35.2,50.7,109.8,54.0,1
1490165,13.7,39.5,79.6,51.0,0
1490166,43.5,51.7,110.3,42.0,0
1490167,37.1,34.1,136.7,50.0,1
1490168,13.7,33.7,67.5,68.0,1
1490169,22.9,49.7,101.8,45.0,1
1490170,13.9,50.3,97.5,56.0,1
1490171,26.4,20.6,130.0,29.0,1
1490172,31.8,48.4,143.1,52.0,1
1490173,8.0,43.4,112.9,56.0,1
1490174,29.2,35.2,64.1,50.0,0
1490175,24.1,55.3,120.8,50.0,1
1490176,27.2,63.1,84.3,58.0,0
1490177,16.5,55.3,146.3,59.0,0
1490178,13.9,37.0,93.8,46.0,1
1490179,6.7,46.9,132.3,51.0,0
1490180,44.8,48.5,84.0,33.0,1
1490181,21.8,63.4,,49.0,0
1490182,19.0,33.0,53.5,69.0,0
1490183,24.6,29.1,122.7,33.0,0
1490184,6.1,20.6,93.6,40.0,0
1490185,20.5,47.0,141.2,53.0,1
1490186,18.7,53.3,126.0,43.0,1
1490187,15.3,43.5,121.8,31.0,1
1490188,18.1,39.3,108.8,23.0,1
1490189,9.5,71.2,140.6,58.0,1
1490190,42.6,40.6,71.1,70.0,1
1490191,33.4,77.7,117.9,57.0,0
1490192,35.6,55.1,142.2,29.0,0
1490193,9.5,38.9,126.6,43.0,0
1490194,41.7,51.8,105.3,37.0,0
1490195,33.0,58.8,103.1,78.0,1
1490196,31.2,53.6,116.7,34.0,0
1490197,18.0,50.1,74.4,56.0,1
1490198,27.3,68.5,102.0,33.0,0
1490199,33.7,27.8,83.9,51.0,1
1490200,14.7,28.5,99.4,12.0,1
1490201,42.2,42.4,100.7,42.0,0
1490202,25.1,39.0,126.9,30.0,1
1490203,7.8,58.9,134.4,25.0,1
1490204,12.6,56.6,73.9,40.0,0
1490205,41.2,41.9,88.4,30.0,1
1490206,24.5,32.7,102.3,15.0,1
1490207,24.6,33.9,121.8,38.0,1
1490208,35.6,56.8,130.9,79.0,0
1490209,13.0,73.3,90.3,39.0,1
1490210,30.5,33.2,127.2,26.0,0
1490211,14.9,31.1,67.6,48.0,0
1490212,36.5,55.1,103.0,38.0,1
1490213,14.7,41.3,60.2,59.0,0
1490214,35.7,27.2,124.7,48.0,0
1490215,21.7,57.5,94.3,41.0,0
1490216,17.9,52.9,88.3,35.0,1
1490217,7.8,64.0,71.5,50.0,1
1490218,16.2,37.3,73.7,32.0,0
1490219,35.9,32.5,111.6,46.0,0
1490220,5.5,52.8,116.3,35.0,0
1490221,37.7,33.7,68.5,55.0,0
1490222,37.5,61.7,109.6,31.0,0
1490223,38.6,43.6,88.8,25.0,1
1490224,10.4,40.4,109.4,49.0,1
1490225,6.5,50.7,134.3,47.0,1
1490226,17.4,46.9,115.3,28.0,1
1490227,5.1,30.8,99.8,37.0,0
1490228,31.5,56.7,149.8,34.0,1
1490229,25.9,48.7,85.4,28.0,1
1490230,24.8,47.9,97.6,43.0,0
1490231,44.2,63.2,107.1,48.0,1
1490232,27.3,39.0,90.9,41.0,1
1490233,37.0,48.8,99.1,38.0,1
1490234,23.7,55.8,118.5,50.0,1
1490235,14.2,63.2,121.5,34.0,0
1490236,16.8,35.1,93.9,33.0,1
1490237,25.4,52.5,114.0,34.0,0
1490238,32.5,30.3,64.2,32.0,1
1490239,23.9,35.3,95.5,34.0,1
1490240,17.7,70.0,116.5,43.0,1
1490241,24.6,74.8,88.8,32.0,0
1490242,43.3,54.4,108.2,27.0,1
1490243,37.8,36.0,147.1,72.0,0
1490244,31.8,60.9,70.0,57.0,1
1490245,45.0,37.3,105.2,38.0,1
1490246,8.3,48.2,55.2,35.0,0
1490247,14.8,47.9,75.4,64.0,1
1490248,41.8,61.0,70.5,40.0,1
1490249,13.8,28.3,79.0,26.0,0
1490250,14.2,65.2,139.2,28.0,0
1490251,40.8,54.7,63.0,63.0,0
1490252,31.8,53.0,145.1,66.0,0
1490253,39.9,24.8,65.5,52.0,1
1490254,12.1,57.9,57.9,49.0,1
1490255,31.5,51.2,50.7,44.0,0
1490256,34.5,38.5,126.6,17.0,0
1490257,28.3,38.5,129.7,38.0,0
1490258,28.4,46.0,142.0,38.0,0
1490259,42.3,14.3,89.1,69.0,1
1490260,25.7,31.2,109.8,41.0,0
1490261,7.8,59.6,128.2,38.0,1
1490262,9.5,10.8,67.3,34.0,0
1490263,26.2,60.2,80.4,39.0,1
1490264,25.7,38.4,55.2,27.0,0
1490265,29.5,20.1,85.7,40.0,0
1490266,12.9,49.5,68.9,48.0,1
1490267,6.6,52.9,114.6,42.0,1
1490268,7.3,22.9,99.9,34.0,1
1490269,24.6,60.4,75.1,52.0,1
1490270,38.2,45.3,108.9,58.0,1
1490271,5.6,24.5,43.2,61.0,0
1490272,35.7,58.3,49.9,28.0,0
1490273,6.8,53.0,99.7,57.0,0
1490274,5.3,39.9,137.6,50.0,0
1490275,26.2,45.5,145.5,30.0,0
1490276,23.2,43.1,124.9,66.0,0
1490277,23.6,41.7,87.3,54.0,0
1490278,44.1,52.8,143.0,70.0,1
1490279,41.6,22.0,96.2,30.0,0
1490280,30.6,60.9,108.8,68.0,1
1490281,43.2,52.8,72.3,35.0,0
1490282,39.4,44.8,77.1,44.0,1
1490283,19.3,54.1,111.0,14.0,1
1490284,40.6,50.3,148.3,42.0,1
1490285,37.6,58.0,77.2,1.0,0
1490286,14.9,45.2,98.8,30.0,0
1490287,12.4,46.0,89.5,30.0,1
1490288,33.1,42.5,139.6,64.0,1
1490289,28.0,37.2,98.6,62.0,0
1490290,38.7,31.6,102.0,52.0,1
1490291,43.5,54.8,86.4,45.0,0
1490292,14.0,45.5,119.3,8.0,1
1490293,19.7,38.5,74.8,16.0,1
1490294,37.6,76.7,110.1,57.0,0
1490295,22.5,59.6,110.0,50.0,1
1490296,24.4,20.0,114.5,33.0,0
1490297,33.9,28.2,99.8,25.0,0
1490298,38.6,57.3,99.9,44.0,1
1490299,15.4,39.9,90.4,34.0,1
1490300,6.5,24.5,99.8,53.0,0
1490301,43.1,37.3,99.9,44.0,0
1490302,24.7,40.6,127.5,32.0,0
1490303,34.3,71.6,93.7,70.0,0
1490304,6.5,62.8,101.1,44.0,0
1490305,29.5,43.0,78.9,64.0,1
1490306,25.2,21.2,108.0,37.0,0
1490307,15.8,26.0,84.2,42.0,1
1490308,31.9,44.2,76.5,47.0,1
1490309,18.0,52.7,81.7,39.0,1
1490310,37.9,48.2,62.8,44.0,1
1490311,30.5,34.5,81.2,9.0,1
1490312,39.2,63.7,148.6,69.0,0
1490313,42.2,73.8,78.1,47.0,1
1490314,41.7,36.6,57.5,22.0,1
1490315,17.0,40.0,136.7,28.0,1
1490316,42.2,50.9,88.2,46.0,1
1490317,6.8,36.5,110.9,33.0,0
1490318,42.8,37.7,87.3,46.0,0
1490319,12.4,46.2,102.6,35.0,0
1490320,12.7,24.3,93.0,22.0,0
1490321,32.9,65.8,77.0,30.0,0
1490322,39.1,68.1,82.3,45.0,1
1490323,44.1,58.2,45.8,44.0,0
1490324,17.1,58.2,114.9,28.0,0
1490325,5.6,52.8,148.8,52.0,0
1490326,13.8,37.9,45.7,54.0,0
1490327,15.3,56.1,78.1,51.0,0
1490328,13.1,23.7,103.7,26.0,0
1490329,27.5,67.7,108.1,36.0,0
1490330,29.3,26.0,122.5,38.0,1
1490331,30.3,35.5,92.7,74.0,0
1490332,6.3,31.5,107.6,17.0,0
1490333,15.6,53.5,97.1,30.0,1
1490334,21.6,55.5,133.4,27.0,0
1490335,29.1,23.5,129.9,18.0,0
1490336,13.4,38.6,95.2,44.0,0
1490337,21.1,44.5,90.2,35.0,1
1490338,40.7,59.6,87.8,40.0,0
1490339,44.8,50.4,114.0,37.0,1
1490340,27.2,37.6,72.2,58.0,1
1490341,28.8,38.6,84.0,29.0,0
1490342,26.7,32.9,113.5,13.0,0
1490343,11.8,53.8,96.6,53.0,1
1490344,33.9,71.0,100.5,11.0,0
1490345,20.9,49.2,83.3,46.0,1
1490346,19.5,68.5,101.8,28.0,0
1490347,29.9,28.5,96.9,49.0,1
1490348,30.1,69.0,,48.0,1
1490349,6.9,60.3,76.1,64.0,0
1490350,25.6,38.7,83.9,41.0,1
1490351,14.3,42.9,88.6,34.0,1
1490352,37.0,36.3,111.5,27.0,0
1490353,35.4,36.0,114.5,58.0,0
1490354,38.4,43.2,59.4,28.0,0
1490355,15.9,40.6,45.9,37.0,0
1490356,21.4,56.8,92.8,30.0,0
1490357,21.1,20.0,106.4,51.0,0
1490358,36.0,32.8,111.7,59.0,0
1490359,33.0,67.8,92.4,49.0,0
1490360,32.8,56.0,109.6,22.0,0
1490361,26.9,52.3,11.1,58.0,1
1490362,16.5,45.7,121.2,64.0,1
1490363,6.7,44.9,115.3,20.0,1
1490364,21.3,32.4,26.8,38.0,1
1490365,20.8,49.3,85.1,67.0,1
1490366,25.0,56.1,89.4,32.0,1
1490367,27.2,32.6,,36.0,0
1490368,39.5,40.5,94.9,51.0,1
1490369,28.9,65.3,100.8,36.0,0
1490370,12.0,39.5,84.5,50.0,1
1490371,6.6,33.8,100.9,38.0,0
1490372,22.7,42.9,89.6,32.0,0
1490373,39.2,44.7,119.9,39.0,0
1490374,29.7,52.2,95.7,45.0,0
1490375,31.6,34.3,90.1,43.0,0
1490376,44.2,63.1,89.3,17.0,0
1490377,43.2,38.1,85.5,38.0,1
1490378,36.4,35.9,102.3,36.0,0
1490379,39.5,29.8,174.2,48.0,0
1490380,33.7,55.0,90.6,31.0,0
1490381,44.5,28.9,97.3,49.0,0
1490382,42.1,79.7,86.6,61.0,1
1490383,24.2,40.7,79.8,51.0,0
1490384,14.7,76.0,95.6,46.0,0
1490385,44.7,39.3,97.0,30.0,1
1490386,9.1,22.2,153.4,44.0,1
1490387,10.9,45.3,61.6,23.0,1
1490388,30.5,38.7,130.2,38.0,0
1490389,14.3,46.7,76.6,58.0,1
1490390,13.1,46.5,116.4,64.0,0
1490391,11.5,3.5,102.3,50.0,1
1490392,26.6,45.4,96.2,61.0,0
1490393,32.2,59.5,111.8,48.0,0
1490394,42.3,43.4,102.3,25.0,0
1490395,23.6,31.9,96.9,63.0,0
1490396,10.1,64.4,114.1,48.0,0
1490397,17.9,92.7,106.2,37.0,0
1490398,9.2,60.2,73.1,41.0,0
1490399,12.2,43.1,110.0,64.0,1
1490400,42.8,47.1,137.8,45.0,0
1490401,11.8,49.6,92.6,50.0,1
1490402,36.9,42.0,122.0,36.0,1
1490403,11.3,30.7,112.0,41.0,1
1490404,23.7,33.9,57.5,44.0,1
1490405,38.5,57.6,74.4,51.0,1
1490406,22.3,34.4,116.5,56.0,0
1490407,30.0,36.6,106.5,56.0,0
1490408,16.0,41.2,101.3,38.0,1
1490409,33.6,68.9,103.6,22.0,1
1490410,26.9,72.9,115.2,71.0,1
1490411,13.3,63.0,91.5,22.0,1
1490412,5.6,51.6,63.2,5.0,0
1490413,10.6,44.0,129.5,53.0,0
1490414,23.6,2.5,116.4,38.0,0
1490415,20.4,68.3,130.8,51.0,0
1490416,7.4,37.4,82.7,41.0,1
1490417,38.9,49.1,78.7,56.0,1
1490418,7.4,48.3,117.7,48.0,0
1490419,29.0,45.0,113.7,27.0,0
1490420,39.3,55.7,120.6,58.0,1
1490421,12.4,37.1,106.9,48.0,0
1490422,35.1,67.7,96.3,54.0,1
1490423,24.2,32.3,91.8,41.0,1
1490424,17.9,35.3,64.3,27.0,0
1490425,41.5,43.8,119.2,51.0,1
1490426,15.9,33.0,83.6,44.0,1
1490427,37.3,41.3,104.7,52.0,0
1490428,30.9,36.8,78.0,50.0,0
1490429,37.6,36.5,52.1,27.0,1
1490430,29.7,69.1,91.8,3.0,0
1490431,7.8,46.0,79.7,54.0,0
1490432,43.2,46.6,142.3,38.0,0
1490433,10.7,31.6,81.8,38.0,1
1490434,20.7,26.5,72.3,54.0,0
1490435,21.2,78.3,99.9,34.0,1
1490436,32.7,36.1,91.3,51.0,1
1490437,12.7,81.1,57.4,39.0,1
1490438,21.3,70.3,81.4,20.0,1
1490439,23.3,37.2,75.6,43.0,0
1490440,30.8,33.3,98.7,55.0,1
1490441,7.2,49.4,134.4,36.0,0
1490442,43.8,22.7,115.7,55.0,0
1490443,19.4,35.2,96.7,44.0,0
1490444,23.3,64.5,112.0,35.0,0
1490445,42.2,30.0,83.4,10.0,1
1490446,35.8,46.1,81.2,35.0,0
1490447,33.5,61.6,47.5,68.0,1
1490448,44.2,43.4,97.1,62.0,1
1490449,17.3,46.5,,38.0,1
1490450,33.7,27.8,73.4,38.0,1
1490451,39.4,61.7,145.6,42.0,0
1490452,26.9,37.7,99.9,48.0,1
1490453,36.6,75.7,100.5,30.0,0
1490454,14.2,53.3,137.5,70.0,0
1490455,43.8,43.1,75.8,64.0,0
1490456,23.7,44.3,99.9,15.0,1
1490457,16.2,24.3,126.5,58.0,1
1490458,35.6,76.9,146.9,49.0,0
1490459,26.1,20.0,,36.0,1
1490460,19.3,42.9,88.4,43.0,0
1490461,42.1,53.3,106.5,40.0,0
1490462,18.5,49.3,101.8,63.0,0
1490463,40.7,49.5,107.5,13.0,1
1490464,8.5,75.2,123.8,53.0,0
1490465,6.1,69.4,104.2,24.0,0
1490466,27.4,45.6,119.7,32.0,0
1490467,26.6,37.8,76.9,72.0,1
1490468,41.2,16.4,137.6,68.0,1
1490469,18.6,47.0,87.0,44.0,0
1490470,12.6,18.8,86.5,70.0,0
1490471,19.7,27.5,94.3,10.0,1
1490472,30.0,35.9,93.4,36.0,1
1490473,28.3,59.5,153.0,16.0,1
1490474,34.1,33.7,64.9,30.0,0
1490475,41.3,40.8,92.0,31.0,1
1490476,20.6,11.2,126.1,68.0,1
1490477,31.5,30.8,145.2,56.0,1
1490478,18.7,41.1,103.7,26.0,1
1490479,32.9,58.9,79.7,54.0,0
1490480,43.0,43.9,80.2,51.0,1
1490481,21.9,53.9,108.8,30.0,0
1490482,10.2,50.5,92.0,49.0,0
1490483,30.1,38.6,83.2,20.0,0
1490484,42.6,36.8,87.1,46.0,0
1490485,31.6,44.5,133.1,56.0,1
1490486,26.6,30.0,123.2,37.0,0
1490487,39.0,50.7,114.7,52.0,0
1490488,27.8,44.1,112.5,60.0,0
1490489,28.8,27.1,148.2,59.0,0
1490490,44.4,45.9,89.8,45.0,1
1490491,5.9,38.1,124.8,21.0,1
1490492,44.8,55.8,81.8,36.0,1
1490493,11.7,46.6,115.3,16.0,0
1490494,30.6,48.2,85.4,46.0,0
1490495,27.1,31.4,119.5,61.0,0
1490496,34.6,73.5,104.9,43.0,1
1490497,13.1,53.6,118.1,45.0,1
1490498,34.7,11.4,68.7,34.0,1
1490499,21.9,33.3,102.0,42.0,1
1490500,32.4,28.9,109.0,22.0,1
1490501,19.7,34.5,88.5,35.0,0
1490502,29.1,57.1,138.7,20.0,0
1490503,42.8,78.4,135.4,35.0,0
1490504,23.9,40.6,124.8,16.0,1
1490505,34.6,43.6,80.9,51.0,1
1490506,10.9,35.4,90.9,50.0,0
1490507,37.6,31.5,101.3,66.0,0
1490508,35.6,31.0,63.3,18.0,1
1490509,34.7,31.0,101.2,56.0,0
1490510,26.1,68.9,93.2,31.0,0
1490511,26.9,39.7,58.7,46.0,1
1490512,29.9,61.9,93.8,34.0,1
1490513,37.7,79.9,74.9,44.0,0
1490514,20.3,39.6,70.7,52.0,1
1490515,28.5,48.9,119.6,56.0,1
1490516,38.9,56.1,93.5,19.0,0
1490517,35.0,59.2,105.9,33.0,1
1490518,38.1,41.3,97.8,35.0,1
1490519,35.8,68.8,76.7,45.0,1
1490520,16.9,66.0,110.1,60.0,1
1490521,24.9,43.2,106.2,47.0,0
1490522,44.3,25.4,79.7,49.0,1
1490523,42.8,65.8,85.9,28.0,0
1490524,26.6,33.4,113.5,56.0,1
1490525,44.3,26.2,151.0,42.0,0
1490526,43.3,75.2,75.7,49.0,1
1490527,24.1,54.5,81.1,30.0,1
1490528,16.4,12.7,96.9,76.0,0
1490529,21.5,59.1,59.4,65.0,0
1490530,41.8,49.7,,51.0,1
1490531,11.7,33.8,99.1,62.0,0
1490532,24.5,37.1,119.3,48.0,1
1490533,15.1,56.1,132.2,21.0,1
1490534,15.2,37.4,94.1,50.0,0
1490535,43.2,55.8,79.6,44.0,0
1490536,17.1,57.8,87.1,36.0,1
1490537,40.7,37.3,131.1,30.0,0
1490538,40.5,39.9,132.9,64.0,0
1490539,23.0,20.0,54.8,48.0,0
1490540,22.9,39.3,80.7,52.0,0
1490541,8.0,27.6,78.5,52.0,1
1490542,42.8,33.2,108.3,36.0,0
1490543,23.5,51.2,71.3,24.0,0
1490544,9.4,56.5,,40.0,1
1490545,18.7,50.5,126.8,53.0,1
1490546,33.5,40.9,144.2,43.0,0
1490547,31.3,27.5,91.3,48.0,0
1490548,14.5,34.7,140.9,46.0,1
1490549,27.0,60.4,91.6,49.0,0
1490550,37.0,28.6,122.7,33.0,1
1490551,26.2,56.2,114.4,55.0,1
1490552,13.0,32.6,126.1,10.0,0
1490553,13.0,30.9,137.1,46.0,1
1490554,43.8,56.7,70.0,23.0,0
1490555,24.3,48.3,71.0,28.0,1
1490556,10.4,37.3,156.3,26.0,0
1490557,41.1,19.5,127.6,36.0,1
1490558,44.5,49.4,114.1,80.0,0
1490559,30.9,17.9,66.0,38.0,0
1490560,6.1,60.0,119.9,51.0,1
1490561,39.7,18.0,139.5,49.0,1
1490562,34.9,36.4,69.3,29.0,1
1490563,43.3,32.8,106.2,44.0,1
1490564,6.5,29.6,74.8,56.0,0
1490565,7.1,61.1,116.0,60.0,1
1490566,44.6,50.8,101.1,21.0,1
1490567,42.8,40.8,99.9,11.0,1
1490568,14.4,84.4,,1.0,1
1490569,17.2,16.2,67.7,19.0,0
1490570,18.0,45.3,135.2,46.0,1
1490571,6.1,33.7,90.0,25.0,0
1490572,34.5,37.5,83.1,39.0,0
1490573,22.8,43.1,124.0,35.0,1
1490574,23.1,75.9,61.7,13.0,1
1490575,24.3,49.7,96.1,51.0,1
1490576,24.5,66.6,73.7,58.0,0
1490577,7.5,35.6,101.8,39.0,0
1490578,26.7,50.8,99.0,18.0,1
1490579,25.3,14.1,51.1,44.0,1
1490580,43.1,39.4,86.2,58.0,1
1490581,30.7,74.3,123.5,40.0,0
1490582,40.2,34.7,107.4,40.0,1
1490583,35.8,76.6,106.5,47.0,1
1490584,42.8,57.0,47.1,74.0,0
1490585,10.2,49.4,125.4,33.0,1
1490586,32.6,65.7,91.2,42.0,0
1490587,40.3,20.9,112.6,29.0,0
1490588,20.0,52.5,81.4,42.0,1
1490589,27.5,45.2,85.1,32.0,1
1490590,6.5,28.7,134.7,56.0,1
1490591,15.2,19.2,75.4,59.0,0
1490592,10.6,44.5,125.5,42.0,0
1490593,14.8,42.1,81.8,59.0,1
1490594,34.4,35.9,144.0,44.0,1
1490595,23.9,50.4,116.5,39.0,0
1490596,8.4,39.0,116.3,38.0,1
1490597,32.8,32.3,89.5,45.0,0
1490598,28.6,55.7,81.8,57.0,1
1490599,20.6,61.1,110.9,46.0,0
1490600,14.7,43.9,159.4,63.0,0
1490601,26.1,44.6,95.4,11.0,1
1490602,25.6,35.7,79.7,56.0,1
1490603,14.4,32.2,119.5,62.0,0
1490604,31.9,66.3,87.8,75.0,1
1490605,8.6,46.1,113.3,41.0,0
1490606,21.6,62.1,118.7,49.0,0
1490607,31.7,51.1,111.6,26.0,0
1490608,26.9,76.9,87.7,59.0,1
1490609,27.7,19.2,129.8,59.0,0
1490610,30.9,44.9,148.5,25.0,1
1490611,25.6,62.9,,28.0,0
1490612,44.6,41.0,114.7,23.0,1
1490613,31.4,30.8,86.6,43.0,0
1490614,29.1,34.4,80.4,22.0,0
1490615,13.8,40.9,123.4,41.0,0
1490616,41.7,27.4,111.4,70.0,0
1490617,25.3,70.0,67.3,28.0,1
1490618,15.8,52.8,114.4,47.0,1
1490619,12.5,51.6,155.0,43.0,1
1490620,23.7,8.3,49.4,42.0,1
1490621,11.5,37.2,,39.0,1
1490622,37.0,38.7,107.8,50.0,0
1490623,19.2,62.6,109.7,32.0,1
1490624,43.0,51.3,149.0,29.0,0
1490625,18.6,62.8,96.8,78.0,1
1490626,23.0,49.4,95.7,51.0,1
1490627,10.7,20.8,90.4,29.0,1
1490628,34.6,45.6,121.4,37.0,1
1490629,17.8,65.5,100.2,53.0,1
1490630,19.0,48.3,110.4,66.0,1
1490631,6.0,36.2,81.0,66.0,0
1490632,10.6,66.1,108.8,67.0,1
1490633,18.5,43.8,93.9,44.0,0
1490634,29.4,48.5,92.7,46.0,1
1490635,29.1,51.9,121.5,28.0,1
1490636,21.9,48.6,82.1,31.0,1
1490637,19.6,44.5,66.4,77.0,0
1490638,15.1,45.9,65.5,25.0,0
1490639,30.9,59.9,78.0,46.0,0
1490640,8.2,35.2,124.3,46.0,1
1490641,22.3,38.3,78.0,50.0,1
1490642,43.9,39.4,54.0,21.0,1
1490643,17.1,71.2,141.7,24.0,1
1490644,11.6,62.7,92.1,59.0,1
1490645,13.7,67.3,101.4,37.0,1
1490646,18.4,54.1,105.6,32.0,1
1490647,42.4,23.1,148.5,49.0,0
1490648,27.4,41.6,96.6,46.0,1
1490649,17.1,47.1,151.2,52.0,0
1490650,31.2,29.8,107.6,52.0,0
1490651,12.0,43.1,99.6,41.0,0
1490652,9.5,30.4,96.6,40.0,1
1490653,12.1,58.3,35.0,59.0,1
1490654,30.6,45.0,93.7,14.0,0
1490655,21.6,35.3,135.3,46.0,1
1490656,9.1,34.5,75.4,40.0,1
1490657,9.5,37.9,120.3,49.0,1
1490658,38.8,23.0,108.2,43.0,1
1490659,36.6,25.3,97.3,20.0,0
1490660,23.3,32.3,65.7,44.0,1
1490661,39.4,9.4,84.8,41.0,0
1490662,8.8,53.7,89.4,28.0,0
1490663,28.9,28.9,124.3,7.0,1
1490664,32.6,35.8,59.0,39.0,1
1490665,17.3,29.3,68.8,51.0,1
1490666,31.7,75.8,72.2,15.0,1
1490667,10.8,52.7,137.6,28.0,1
1490668,22.7,47.1,116.6,25.0,1
1490669,43.8,37.9,89.6,45.0,0
1490670,34.0,55.8,148.2,51.0,1
1490671,37.3,70.0,,66.0,0
1490672,27.8,51.0,126.7,56.0,0
1490673,39.6,49.8,95.5,56.0,1
1490674,25.8,34.3,110.5,43.0,0
1490675,28.6,70.4,59.0,64.0,0
1490676,6.8,71.8,103.9,43.0,0
1490677,13.5,40.3,82.0,29.0,0
1490678,19.8,42.2,71.5,10.0,0
1490679,16.8,49.9,74.6,47.0,1
1490680,32.2,29.1,111.4,30.0,0
1490681,19.7,58.5,88.0,39.0,1
1490682,14.0,52.5,109.5,52.0,1
1490683,29.2,47.3,130.8,45.0,1
1490684,13.1,54.9,120.0,38.0,0
1490685,44.3,41.8,106.2,39.0,1
1490686,35.1,35.2,94.5,54.0,1
1490687,5.4,40.6,86.1,14.0,1
1490688,20.4,69.7,85.0,43.0,0
1490689,8.8,55.1,81.3,40.0,0
1490690,15.4,46.9,119.2,39.0,1
1490691,8.0,30.6,,55.0,0
1490692,42.3,39.7,102.9,44.0,0
1490693,43.0,53.7,67.8,44.0,0
1490694,6.3,36.9,68.8,24.0,1
1490695,16.2,69.5,64.5,67.0,0
1490696,10.6,47.6,65.1,41.0,0
1490697,12.4,40.4,106.1,58.0,1
1490698,8.8,50.0,107.7,48.0,0
1490699,37.4,35.1,117.5,37.0,0
1490700,20.7,58.2,134.0,19.0,1
1490701,23.5,20.6,112.9,60.0,0
1490702,37.8,38.4,61.5,32.0,1
1490703,5.1,36.9,76.0,59.0,0
1490704,19.2,37.5,118.9,9.0,1
1490705,21.4,22.1,110.7,48.0,1
1490706,27.0,35.9,42.5,52.0,1
1490707,18.8,28.7,118.4,59.0,1
1490708,31.8,56.9,135.9,41.0,1
1490709,28.4,42.5,123.2,83.0,0
1490710,24.3,23.3,112.5,50.0,0
1490711,8.6,20.6,90.7,23.0,0
1490712,19.3,42.6,152.2,48.0,0
1490713,34.0,35.0,112.1,56.0,0
1490714,39.1,25.4,97.1,32.0,0
1490715,43.6,34.3,93.4,53.0,1
1490716,20.9,56.1,71.6,52.0,1
1490717,10.2,48.2,80.1,58.0,0
1490718,25.8,33.1,111.1,40.0,1
1490719,6.1,71.8,63.1,29.0,0
1490720,10.8,54.6,64.9,63.0,1
1490721,24.7,57.5,137.3,41.0,0
1490722,27.9,26.5,98.8,29.0,0
1490723,38.8,14.7,93.4,22.0,1
1490724,21.9,10.6,78.9,27.0,1
1490725,15.8,38.3,107.5,19.0,0
1490726,12.2,23.6,110.4,26.0,1
1490727,41.6,33.8,124.2,42.0,1
1490728,36.0,29.1,103.4,32.0,0
1490729,19.1,49.1,92.4,58.0,1
1490730,39.8,53.3,88.2,61.0,0
1490731,35.0,38.8,87.2,61.0,0
1490732,19.3,30.6,100.6,33.0,0
1490733,30.0,45.5,124.3,53.0,0
1490734,12.4,50.7,116.7,33.0,0
1490735,34.2,38.0,78.3,66.0,1
1490736,14.2,51.3,57.5,6.0,1
1490737,28.2,27.8,141.9,26.0,1
1490738,44.1,41.4,68.4,38.0,0
1490739,37.0,36.6,113.6,25.0,0
1490740,36.4,58.1,123.8,50.0,0
1490741,41.9,23.6,124.5,58.0,1
1490742,26.6,42.5,81.9,42.0,0
1490743,37.9,53.6,60.5,67.0,1
1490744,35.7,51.6,111.1,26.0,0
1490745,24.9,34.5,89.4,31.0,0
1490746,40.2,57.0,101.0,34.0,1
1490747,34.0,59.9,106.9,37.0,0
1490748,8.4,51.3,111.3,51.0,0
1490749,12.0,50.8,107.2,31.0,0
1490750,44.4,44.7,69.9,30.0,1
1490751,18.3,45.5,147.5,42.0,0
1490752,19.8,38.4,71.4,57.0,0
1490753,32.9,67.7,117.9,4.0,0
1490754,35.2,58.9,64.8,66.0,0
1490755,29.4,69.2,82.4,31.0,0
1490756,35.8,46.6,126.1,32.0,1
1490757,8.5,47.0,121.5,62.0,0
1490758,44.2,81.1,97.8,47.0,1
1490759,44.8,21.1,112.3,38.0,0
1490760,22.1,7.5,101.2,59.0,1
1490761,19.8,71.1,94.9,43.0,1
1490762,17.9,27.3,89.3,42.0,1
1490763,10.9,37.4,129.5,33.0,0
1490764,25.3,23.3,111.2,56.0,1
1490765,32.1,37.5,114.8,17.0,0
1490766,22.5,36.8,116.8,38.0,1
1490767,40.5,28.2,70.8,35.0,0
1490768,32.6,51.2,101.4,49.0,0
1490769,10.4,38.8,96.8,37.0,1
1490770,26.9,81.8,58.3,54.0,0
1490771,35.3,85.5,126.3,63.0,1
1490772,16.4,41.6,84.4,66.0,0
1490773,33.5,49.2,94.8,41.0,0
1490774,7.9,41.3,62.0,16.0,0
1490775,20.0,30.5,125.5,45.0,0
1490776,10.9,35.8,63.3,47.0,0
1490777,26.4,18.6,73.2,66.0,1
1490778,41.9,39.9,135.7,24.0,1
1490779,39.7,38.7,73.8,29.0,1
1490780,36.9,43.4,151.0,64.0,1
1490781,25.6,56.3,88.7,78.0,0
1490782,37.2,83.3,53.4,45.0,1
1490783,29.9,34.0,51.9,53.0,1
1490784,17.9,25.3,107.9,31.0,0
1490785,34.5,44.6,102.0,50.0,1
1490786,19.7,42.6,117.6,56.0,0
1490787,30.9,41.7,106.4,55.0,1
1490788,13.2,42.6,125.0,69.0,1
1490789,14.6,17.7,127.2,42.0,0
1490790,24.9,57.6,89.2,36.0,1
1490791,24.5,59.5,99.1,10.0,0
1490792,11.6,36.2,133.6,32.0,1
1490793,34.4,40.9,116.0,23.0,0
1490794,27.8,56.6,79.3,50.0,1
1490795,27.6,24.4,130.4,35.0,0
1490796,7.8,44.7,115.7,53.0,1
1490797,10.9,20.3,156.8,80.0,1
1490798,33.5,43.9,59.2,45.0,0
1490799,36.6,55.8,115.3,56.0,0
1490800,34.4,44.0,102.1,58.0,1
1490801,25.9,65.7,128.4,34.0,1
1490802,43.5,48.1,120.2,26.0,0
1490803,18.9,73.6,63.5,36.0,1
1490804,26.5,33.1,80.1,68.0,1
1490805,7.0,30.4,115.4,54.0,1
1490806,18.7,47.6,94.5,37.0,1
1490807,29.4,28.4,122.7,48.0,0
1490808,23.3,37.3,103.2,43.0,0
1490809,5.6,53.2,97.3,40.0,1
1490810,39.3,53.7,68.8,56.0,0
1490811,37.1,32.0,99.4,48.0,0
1490812,36.0,58.0,66.7,46.0,0
1490813,24.2,39.6,91.8,61.0,1
1490814,16.1,55.3,131.3,70.0,1
1490815,35.2,49.3,109.0,38.0,0
1490816,39.7,42.9,112.0,57.0,1
1490817,14.5,61.1,113.8,13.0,0
1490818,39.0,46.2,149.1,12.0,0
1490819,18.8,62.2,129.9,32.0,1
1490820,21.4,45.5,63.3,28.0,1
1490821,37.5,54.4,103.5,61.0,1
1490822,9.7,35.2,126.2,36.0,1
1490823,14.8,40.7,114.7,19.0,0
1490824,7.9,57.6,97.8,49.0,1
1490825,10.3,35.0,100.1,36.0,1
1490826,22.6,27.3,63.1,52.0,1
1490827,20.1,52.0,139.5,61.0,1
1490828,6.5,37.4,94.3,22.0,0
1490829,10.3,62.5,96.2,22.0,1
1490830,20.3,68.8,113.0,31.0,1
1490831,37.2,25.8,116.3,51.0,0
1490832,39.5,35.6,84.9,72.0,0
1490833,8.2,49.9,119.2,66.0,0
1490834,35.1,63.4,89.5,52.0,0
1490835,34.7,44.7,118.1,50.0,1
1490836,36.6,50.5,123.0,40.0,1
1490837,28.9,40.4,150.9,50.0,1
1490838,40.8,58.3,61.0,36.0,1
1490839,42.2,48.3,120.5,46.0,0
1490840,14.1,38.4,93.5,38.0,0
1490841,13.3,52.9,52.0,66.0,0
1490842,7.2,43.7,99.1,23.0,1
1490843,41.0,36.9,25.6,37.0,0
1490844,23.4,52.1,107.1,17.0,1
1490845,10.6,62.0,87.8,54.0,0
1490846,30.4,25.1,73.7,69.0,0
1490847,22.8,39.9,170.1,42.0,0
1490848,8.5,52.5,114.7,45.0,1
1490849,30.5,12.4,52.3,18.0,1
1490850,31.6,43.6,88.0,30.0,1
1490851,7.0,55.3,124.2,49.0,1
1490852,13.6,49.6,75.4,38.0,0
1490853,25.0,70.7,102.1,23.0,1
1490854,35.4,36.6,92.3,2.0,0
1490855,29.3,49.9,126.5,29.0,1
1490856,6.0,35.0,101.5,63.0,0
1490857,14.5,35.5,145.9,32.0,1
1490858,25.6,39.0,119.3,39.0,1
1490859,44.3,24.2,72.6,64.0,1
1490860,19.7,51.7,105.9,39.0,1
1490861,13.1,38.9,108.5,55.0,0
1490862,42.1,32.8,135.5,49.0,0
1490863,25.0,34.0,,45.0,1
1490864,26.4,50.7,78.0,25.0,0
1490865,6.2,49.4,,47.0,1
1490866,10.3,26.6,114.1,45.0,0
1490867,10.3,43.5,130.1,39.0,1
1490868,5.9,43.0,43.2,20.0,1
1490869,35.1,39.3,123.1,28.0,1
1490870,11.2,51.9,115.8,47.0,0
1490871,41.3,60.4,117.0,56.0,0
1490872,28.1,24.5,125.9,39.0,1
1490873,32.9,35.9,76.2,53.0,0
1490874,5.4,37.1,117.2,47.0,1
1490875,14.2,33.0,119.8,60.0,0
1490876,24.3,34.0,82.7,40.0,1
1490877,35.6,69.3,120.9,49.0,0
1490878,16.1,30.3,95.8,45.0,0
1490879,18.4,36.5,108.3,40.0,0
1490880,40.9,35.6,114.2,35.0,0
1490881,23.1,29.1,117.9,37.0,1
1490882,30.5,27.2,86.7,1.0,0
1490883,17.4,39.4,122.6,40.0,1
1490884,17.0,56.2,103.9,41.0,1
1490885,22.2,34.1,58.2,45.0,1
1490886,43.8,31.7,140.3,36.0,1
1490887,14.5,62.5,142.5,48.0,0
1490888,44.2,35.0,114.9,45.0,1
1490889,9.1,49.7,91.6,26.0,0
1490890,33.3,34.3,85.5,50.0,0
1490891,14.0,50.2,76.5,38.0,1
1490892,8.1,69.3,85.6,23.0,1
1490893,33.3,80.6,101.5,36.0,0
1490894,26.8,52.6,100.9,49.0,1
1490895,29.6,63.0,88.5,66.0,1
1490896,43.8,34.4,137.2,56.0,1
1490897,43.4,57.4,111.5,61.0,0
1490898,9.4,23.2,103.7,35.0,0
1490899,16.9,49.7,120.6,58.0,1
1490900,31.8,31.8,109.4,56.0,1
1490901,20.9,58.6,64.2,31.0,0
1490902,19.2,37.4,124.7,51.0,0
1490903,25.1,24.6,121.0,37.0,1
1490904,36.1,37.6,82.7,23.0,0
1490905,15.7,44.1,56.2,56.0,1
1490906,28.1,39.0,106.5,55.0,1
1490907,42.2,26.7,41.9,33.0,0
1490908,43.4,59.2,104.3,53.0,1
1490909,40.9,37.4,108.1,42.0,0
1490910,34.8,79.4,84.6,47.0,0
1490911,15.2,31.1,49.6,23.0,1
1490912,7.4,41.0,135.6,20.0,0
1490913,31.3,13.1,133.1,47.0,0
1490914,43.2,43.1,108.4,52.0,1
1490915,16.1,15.9,97.5,37.0,0
1490916,31.9,30.0,108.5,58.0,1
1490917,19.7,43.2,98.7,30.0,1
1490918,24.2,20.3,92.3,37.0,1
1490919,12.3,32.7,84.0,46.0,0
1490920,36.2,63.6,84.5,37.0,0
1490921,30.2,37.9,97.1,48.0,0
1490922,25.9,40.6,80.6,30.0,1
1490923,9.4,42.4,123.7,35.0,1
1490924,42.8,46.5,108.9,24.0,0
1490925,16.3,36.4,118.0,40.0,0
1490926,23.7,61.4,106.9,48.0,1
1490927,7.3,26.2,125.5,35.0,1
1490928,23.5,30.8,82.4,40.0,1
1490929,19.2,37.7,118.8,58.0,1
1490930,5.8,77.2,58.2,53.0,1
1490931,40.5,39.9,87.3,48.0,1
1490932,30.1,68.6,93.1,46.0,1
1490933,39.0,70.0,111.3,51.0,0
1490934,31.4,41.8,100.7,51.0,0
1490935,7.0,42.8,67.9,63.0,0
1490936,19.5,55.3,124.7,55.0,1
1490937,34.4,55.2,77.2,23.0,0
1490938,15.3,40.1,81.6,64.0,0
1490939,25.4,39.6,90.0,60.0,1
1490940,31.4,43.3,73.6,36.0,1
1490941,28.6,53.7,47.0,44.0,1
1490942,11.6,37.5,127.1,45.0,0
1490943,8.1,30.7,123.0,47.0,1
1490944,5.6,55.4,76.3,41.0,0
1490945,6.5,47.7,128.4,5.0,0
1490946,28.1,43.2,68.1,42.0,0
1490947,34.1,7.1,84.5,41.0,1
1490948,31.7,22.5,103.8,57.0,0
1490949,17.4,57.5,135.1,57.0,0
1490950,39.3,30.9,126.9,75.0,0
1490951,29.2,23.0,85.5,15.0,0
1490952,34.4,49.8,132.3,54.0,1
1490953,36.9,30.7,133.4,8.0,0
1490954,10.0,61.4,144.6,43.0,1
1490955,5.8,41.3,104.5,31.0,1
1490956,30.2,45.2,140.9,73.0,0
1490957,21.6,30.4,93.6,26.0,1
1490958,38.8,59.3,83.0,46.0,1
1490959,19.9,40.1,106.1,61.0,1
1490960,8.1,37.9,121.6,36.0,1
1490961,8.0,53.9,94.3,39.0,0
1490962,25.6,36.3,97.7,24.0,0
1490963,21.1,52.7,81.1,38.0,0
1490964,41.1,65.1,120.2,25.0,0
1490965,29.1,51.8,109.9,51.0,0
1490966,14.5,71.6,75.3,51.0,1
1490967,19.0,53.4,100.2,48.0,1
1490968,31.0,35.1,113.2,34.0,0
1490969,10.8,40.2,66.7,1.0,0
1490970,36.4,53.6,89.9,32.0,1
1490971,41.0,54.6,123.1,30.0,0
1490972,27.8,37.7,130.5,55.0,0
1490973,8.1,38.2,106.4,41.0,1
1490974,11.2,9.4,59.9,41.0,0
1490975,41.0,37.3,121.6,57.0,1
1490976,22.8,32.7,58.3,72.0,1
1490977,38.8,82.5,96.6,64.0,0
1490978,13.4,68.9,80.2,40.0,0
1490979,6.9,31.0,111.9,35.0,0
1490980,18.1,31.1,85.1,51.0,0
1490981,22.5,66.8,110.5,52.0,0
1490982,42.5,44.3,59.4,52.0,0
1490983,23.6,38.1,73.9,52.0,0
1490984,15.7,31.8,120.0,28.0,1
1490985,19.8,25.1,107.7,23.0,0
1490986,15.6,26.2,141.0,42.0,1
1490987,19.2,31.6,113.9,14.0,0
1490988,41.2,64.7,90.9,44.0,0
1490989,10.1,57.3,75.0,53.0,1
1490990,40.2,34.3,85.8,35.0,0
1490991,18.6,42.0,69.5,30.0,0
1490992,6.8,56.3,98.7,31.0,1
1490993,20.4,58.2,112.9,32.0,0
1490994,10.9,39.9,79.7,53.0,0
1490995,19.4,34.2,60.4,38.0,1
1490996,22.9,21.7,64.1,28.0,0
1490997,20.8,25.1,103.9,52.0,1
1490998,6.7,30.4,115.4,63.0,0
1490999,43.1,50.1,103.4,44.0,1
1491000,7.2,30.8,89.1,16.0,0
