UserID,HRV_ms,AveragePulse,ActivitySteps,StressScore,SleepQualityScore
1230001,28.7,32.0,55.6,6.5,6.5
1230002,60.0,50.0,70.0,8.1,8.8
1230003,49.2,52.0,127.4,9.0,6.6
1230004,22.4,28.0,121.5,8.5,6.7
1230005,36.3,49.0,62.0,10.0,6.2
1230006,69.8,16.0,88.8,7.4,7.4
1230007,10.0,39.0,111.6,9.1,7.2
1230008,38.6,26.0,109.8,5.5,7.4
1230009,64.0,31.0,59.3,8.5,7.4
1230010,32.0,24.0,106.5,6.9,4.9
1230011,34.8,50.0,84.8,7.0,8.2
1230012,43.6,50.0,130.0,9.3,5.1
1230013,67.4,32.0,95.0,8.7,6.7
1230014,35.4,47.0,109.0,6.9,9.1
1230015,38.3,46.0,97.3,10.0,8.1
1230016,38.5,40.0,116.7,9.1,9.5
1230017,78.1,72.0,80.8,6.5,6.5
1230018,77.8,30.0,116.7,3.6,6.4
1230019,60.1,42.0,130.2,7.6,9.0
1230020,50.8,37.0,145.9,6.6,7.4
1230021,56.1,37.0,139.6,6.3,10.0
1230022,67.4,44.0,86.6,6.5,5.8
1230023,31.0,38.0,114.4,7.4,8.3
1230024,62.6,30.0,120.2,9.2,8.2
1230025,26.2,44.0,114.8,5.7,9.0
1230026,35.4,59.0,118.8,7.1,8.1
1230027,58.6,55.0,110.6,6.9,8.3
1230028,23.6,45.0,86.4,6.0,7.5
1230029,42.9,32.0,105.2,7.6,8.7
1230030,32.1,45.0,121.2,9.9,6.5
1230031,41.2,57.0,111.5,8.1,8.6
1230032,10.0,59.0,72.6,7.3,10.0
1230033,18.4,47.0,78.1,6.5,6.2
1230034,34.5,37.0,89.8,7.3,8.3
1230035,58.9,39.0,94.9,4.6,7.9
1230036,42.4,53.0,103.9,7.1,5.8
1230037,45.0,52.0,75.6,6.9,7.4
1230038,55.3,17.0,119.9,7.9,8.6
1230039,31.8,51.0,53.6,8.6,8.4
1230040,49.3,52.0,113.2,8.3,5.9
1230041,32.9,30.0,112.7,7.0,7.6
1230042,19.1,31.0,116.1,6.4,7.9
1230043,39.1,31.0,23.3,6.3,8.6
1230044,53.6,32.0,66.3,6.0,7.3
1230045,50.1,22.0,91.2,6.3,6.4
1230046,44.8,46.0,104.2,7.0,8.9
1230047,80.9,31.0,98.0,5.4,5.6
1230048,51.2,41.0,79.7,7.9,6.2
1230049,59.7,35.0,132.1,7.0,8.4
1230050,78.6,46.0,108.1,5.9,7.7
1230051,25.6,28.0,90.1,6.2,7.4
1230052,29.4,45.0,75.3,8.5,6.0
1230053,71.2,47.0,101.7,8.6,8.6
1230054,33.0,54.0,131.5,10.0,8.1
1230055,45.4,70.0,100.9,8.1,10.0
1230056,61.0,13.0,99.2,6.2,8.3
1230057,58.4,46.0,101.7,6.1,5.1
1230058,71.3,32.0,103.0,7.8,7.4
1230059,67.4,15.0,94.2,8.4,7.1
1230060,61.0,54.0,75.7,9.3,7.0
1230061,33.4,61.0,138.2,5.9,6.9
1230062,56.9,37.0,115.9,7.4,7.4
1230063,49.7,45.0,152.9,5.5,6.1
1230064,25.1,41.0,112.4,7.8,4.8
1230065,66.3,48.0,94.2,5.7,7.8
1230066,57.1,54.0,76.4,9.4,8.8
1230067,45.7,47.0,91.8,6.0,7.9
1230068,41.5,47.0,71.2,8.1,7.6
1230069,27.0,60.0,152.4,7.4,6.0
1230070,48.0,40.0,99.6,7.3,8.5
1230071,52.0,55.0,119.7,4.5,4.2
1230072,32.5,30.0,124.0,7.1,10.0
1230073,62.4,64.0,127.0,5.7,6.4
1230074,28.5,52.0,163.7,6.3,8.3
1230075,13.2,36.0,97.6,7.9,6.5
1230076,60.6,12.0,95.5,10.0,7.4
1230077,38.9,42.0,104.1,10.0,6.7
1230078,43.1,25.0,118.7,8.0,4.2
1230079,32.4,46.0,104.5,7.8,8.1
1230080,,62.0,93.3,6.7,5.6
1230081,63.8,44.0,82.1,5.7,5.5
1230082,34.7,40.0,80.6,7.9,6.5
1230083,69.9,47.0,106.7,6.5,6.8
1230084,57.1,46.0,75.0,9.8,7.7
1230085,40.3,9.0,54.6,10.0,6.4
1230086,28.7,45.0,102.9,10.0,10.0
1230087,34.0,51.0,129.1,6.2,4.9
1230088,26.8,38.0,116.5,6.4,6.7
1230089,76.3,56.0,99.6,5.4,7.9
1230090,47.5,40.0,110.1,8.2,8.8
1230091,62.3,53.0,58.8,5.9,8.1
1230092,26.0,74.0,82.8,6.3,8.5
1230093,47.7,41.0,142.0,5.9,6.2
1230094,62.7,15.0,129.6,6.4,8.1
1230095,40.0,37.0,82.2,9.7,9.2
1230096,60.5,18.0,143.9,3.5,7.9
1230097,28.7,51.0,82.1,8.0,10.0
1230098,24.5,60.0,79.4,6.0,7.1
1230099,50.7,52.0,138.4,10.0,6.7
1230100,39.3,46.0,132.7,8.4,4.6
1230101,54.6,33.0,85.3,5.7,6.5
1230102,15.3,64.0,98.8,6.3,8.0
1230103,55.7,53.0,91.5,6.3,8.5
1230104,84.0,46.0,112.6,8.9,9.3
1230105,44.6,45.0,139.2,9.7,7.5
1230106,45.5,44.0,113.3,7.4,6.3
1230107,47.7,48.0,97.2,7.0,5.2
1230108,17.1,33.0,66.3,8.8,6.9
1230109,51.4,63.0,119.4,7.2,5.7
1230110,20.9,44.0,69.4,7.9,6.9
1230111,38.6,50.0,95.3,7.5,5.1
1230112,63.6,36.0,124.0,6.0,6.7
1230113,34.0,47.0,120.3,9.2,6.3
1230114,52.5,10.0,121.0,6.3,8.7
1230115,60.2,26.0,117.5,10.0,5.4
1230116,49.2,42.0,103.6,9.0,4.7
1230117,24.4,23.0,107.6,7.5,8.4
1230118,40.0,76.0,102.3,5.3,9.5
1230119,74.4,19.0,112.1,9.7,8.4
1230120,14.6,47.0,113.4,7.7,7.0
1230121,,65.0,103.3,8.5,5.9
1230122,36.7,49.0,112.8,9.4,6.9
1230123,46.8,38.0,82.9,5.5,6.6
1230124,56.2,34.0,92.3,7.7,5.4
1230125,69.1,51.0,105.8,6.6,7.2
1230126,40.9,31.0,148.1,7.7,9.1
1230127,57.2,40.0,113.2,7.9,8.5
1230128,52.5,52.0,96.6,4.7,7.7
1230129,52.1,38.0,94.5,6.9,7.1
1230130,36.5,43.0,118.6,7.3,5.7
1230131,30.0,38.0,97.6,5.3,8.8
1230132,28.5,28.0,115.9,6.1,5.0
1230133,33.7,59.0,112.8,7.4,4.0
1230134,49.8,62.0,68.8,8.2,7.1
1230135,56.4,38.0,111.8,7.0,6.6
1230136,49.9,38.0,111.6,6.2,6.7
1230137,36.8,40.0,119.9,5.7,8.3
1230138,72.1,50.0,79.1,6.7,8.0
1230139,67.8,29.0,127.4,6.0,8.2
1230140,39.7,41.0,95.8,8.1,8.8
1230141,32.6,46.0,149.7,7.6,5.3
1230142,47.0,51.0,143.8,6.2,9.8
1230143,64.0,3.0,84.8,7.5,5.9
1230144,50.0,48.0,65.8,10.0,7.7
1230145,53.3,47.0,117.4,8.3,10.0
1230146,41.8,56.0,79.5,7.6,9.6
1230147,51.8,35.0,128.7,8.3,9.3
1230148,68.2,35.0,113.2,9.1,7.2
1230149,41.4,59.0,63.7,4.9,5.0
1230150,47.1,20.0,119.6,6.6,5.6
1230151,48.8,65.0,103.4,6.3,6.7
1230152,49.3,78.0,110.3,6.2,6.2
1230153,23.8,49.0,138.1,10.0,6.1
1230154,16.8,53.0,96.8,8.0,6.8
1230155,29.7,21.0,119.0,8.9,6.2
1230156,47.5,32.0,85.0,7.6,6.4
1230157,53.3,57.0,85.7,10.0,7.3
1230158,37.0,47.0,94.5,4.2,5.7
1230159,65.7,39.0,84.5,6.5,8.3
1230160,42.9,45.0,114.2,6.5,8.6
1230161,45.3,49.0,66.9,6.7,6.5
1230162,42.1,38.0,120.7,8.6,7.2
1230163,47.0,42.0,81.0,7.3,9.5
1230164,55.6,41.0,109.4,8.2,8.4
1230165,55.0,27.0,70.3,8.8,9.6
1230166,31.5,47.0,111.9,7.5,8.4
1230167,67.9,67.0,127.1,8.3,8.7
1230168,28.6,66.0,100.2,6.5,6.4
1230169,46.2,21.0,138.7,6.2,7.2
1230170,40.9,50.0,96.5,5.9,6.1
1230171,29.3,51.0,110.3,7.3,7.3
1230172,43.9,36.0,76.9,5.8,8.0
1230173,33.9,29.0,111.0,5.6,7.6
1230174,46.1,24.0,85.8,8.2,5.0
1230175,51.0,36.0,82.0,5.8,6.0
1230176,67.1,47.0,139.5,8.1,5.4
1230177,49.6,40.0,68.2,6.7,7.7
1230178,35.8,33.0,97.1,6.3,6.6
1230179,39.1,25.0,117.8,8.6,7.6
1230180,47.1,47.0,105.9,8.7,4.1
1230181,46.4,57.0,53.8,7.5,7.3
1230182,66.9,29.0,115.1,9.3,5.7
1230183,65.9,48.0,65.5,4.7,8.3
1230184,39.6,16.0,88.9,8.8,8.4
1230185,36.8,33.0,93.9,6.0,8.0
1230186,10.0,52.0,27.0,6.9,8.6
1230187,36.8,26.0,97.4,7.7,8.4
1230188,30.3,34.0,116.6,6.2,6.4
1230189,39.7,62.0,95.7,7.1,5.0
1230190,50.9,32.0,104.6,6.6,8.3
1230191,47.7,30.0,156.5,6.9,7.7
1230192,44.6,50.0,128.1,10.0,3.8
1230193,48.0,69.0,101.5,4.4,4.6
1230194,,39.0,164.7,6.9,5.3
1230195,48.0,53.0,84.1,7.8,7.1
1230196,,61.0,113.0,5.5,5.1
1230197,41.0,47.0,60.6,6.9,8.2
1230198,43.3,38.0,110.0,7.7,6.4
1230199,39.9,30.0,97.2,7.7,9.5
1230200,41.7,22.0,101.5,8.4,7.8
1230201,55.5,58.0,109.3,8.8,7.0
1230202,36.0,45.0,107.0,6.7,7.8
1230203,78.0,61.0,73.2,7.3,5.8
1230204,55.3,56.0,90.4,5.1,9.4
1230205,44.9,33.0,100.2,7.1,8.8
1230206,41.9,25.0,64.3,5.0,7.6
1230207,43.7,48.0,120.1,7.2,10.0
1230208,31.3,33.0,147.1,8.4,5.0
1230209,43.6,47.0,107.6,7.8,8.4
1230210,49.2,32.0,86.8,7.3,9.0
1230211,53.7,30.0,42.5,8.4,7.9
1230212,53.7,40.0,62.0,8.8,7.0
1230213,40.9,55.0,108.5,6.0,4.1
1230214,23.8,46.0,131.6,9.0,8.8
1230215,35.0,58.0,94.5,6.1,6.6
1230216,69.2,25.0,62.8,6.5,7.1
1230217,58.4,27.0,78.2,8.3,8.7
1230218,50.5,41.0,85.7,7.5,8.7
1230219,33.6,72.0,51.7,7.2,5.5
1230220,45.1,51.0,92.2,7.5,5.7
1230221,26.2,27.0,122.3,9.2,6.1
1230222,36.7,41.0,58.0,7.3,8.2
1230223,41.3,45.0,86.0,8.3,8.8
1230224,39.6,34.0,49.4,8.3,8.0
1230225,59.3,51.0,79.5,10.0,6.5
1230226,23.7,40.0,96.3,9.3,7.0
1230227,32.0,38.0,125.5,8.3,9.3
1230228,24.4,60.0,111.4,8.3,5.5
1230229,26.4,18.0,70.4,7.5,8.4
1230230,46.9,29.0,102.3,7.0,7.0
1230231,21.0,31.0,91.7,7.2,7.9
1230232,56.3,30.0,99.7,7.2,7.2
1230233,41.3,32.0,95.0,6.5,8.7
1230234,46.0,49.0,107.8,6.6,8.0
1230235,49.8,57.0,104.5,7.1,7.3
1230236,38.5,55.0,121.7,6.7,10.0
1230237,60.5,28.0,102.9,6.9,9.1
1230238,42.1,40.0,142.2,6.9,7.6
1230239,53.9,48.0,113.0,8.6,8.4
1230240,42.0,45.0,137.0,8.4,7.4
1230241,49.4,60.0,118.0,8.7,6.2
1230242,49.2,33.0,83.2,9.1,4.6
1230243,48.7,44.0,131.1,6.1,10.0
1230244,30.4,36.0,129.6,7.2,6.5
1230245,51.5,46.0,28.2,7.7,8.1
1230246,40.2,27.0,86.3,7.9,9.1
1230247,54.5,29.0,136.1,8.0,6.5
1230248,12.7,32.0,126.4,9.3,6.8
1230249,23.0,34.0,63.5,6.4,8.0
1230250,50.5,64.0,121.5,7.5,8.0
1230251,72.9,58.0,143.2,5.4,7.2
1230252,57.5,39.0,115.2,7.8,5.6
1230253,34.8,44.0,63.1,4.8,9.1
1230254,19.6,20.0,80.4,7.7,8.3
1230255,56.1,39.0,110.0,9.1,7.5
1230256,43.8,44.0,94.6,8.1,8.4
1230257,53.9,58.0,131.9,5.6,2.3
1230258,46.7,47.0,118.3,6.0,7.3
1230259,45.4,48.0,149.1,8.1,6.6
1230260,89.4,46.0,125.5,7.0,4.3
1230261,44.9,46.0,113.8,3.9,8.0
1230262,42.6,22.0,92.1,9.3,5.7
1230263,43.2,36.0,135.1,7.5,9.3
1230264,36.2,62.0,100.1,5.1,7.0
1230265,59.9,54.0,74.4,7.6,8.2
1230266,39.7,49.0,101.2,10.0,6.3
1230267,54.5,43.0,97.7,7.0,8.4
1230268,49.3,51.0,75.2,7.0,9.3
1230269,63.3,29.0,120.7,6.2,4.8
1230270,51.3,20.0,96.5,8.2,8.1
1230271,26.8,37.0,109.9,7.6,4.7
1230272,25.1,50.0,80.5,8.4,7.0
1230273,66.1,44.0,95.9,6.1,7.6
1230274,35.9,56.0,119.4,8.3,5.6
1230275,25.2,47.0,93.8,5.4,6.7
1230276,35.0,43.0,90.9,7.9,9.4
1230277,64.0,61.0,154.6,6.0,8.5
1230278,23.7,58.0,107.9,7.3,8.8
1230279,32.0,41.0,118.3,4.9,9.6
1230280,35.0,27.0,118.7,7.3,6.7
1230281,26.2,29.0,102.4,7.2,8.7
1230282,27.2,40.0,113.2,4.9,6.3
1230283,22.2,37.0,75.7,9.8,9.1
1230284,38.1,65.0,136.2,8.1,5.5
1230285,39.7,18.0,131.2,5.6,6.0
1230286,34.8,41.0,104.8,5.7,9.8
1230287,20.2,27.0,100.2,6.8,8.1
1230288,63.8,44.0,69.0,6.3,7.7
1230289,25.1,47.0,125.7,7.1,6.9
1230290,49.2,36.0,93.6,3.9,6.6
1230291,28.9,49.0,115.2,9.7,7.1
1230292,55.0,39.0,64.0,6.1,7.1
1230293,59.3,39.0,115.8,9.0,8.2
1230294,31.8,36.0,95.6,6.9,9.8
1230295,16.1,51.0,100.3,10.0,5.9
1230296,55.4,44.0,64.6,8.5,7.5
1230297,73.1,64.0,117.0,8.8,8.4
1230298,51.2,60.0,84.7,9.0,6.8
1230299,47.4,50.0,98.8,7.3,8.4
1230300,57.3,12.0,120.1,7.4,5.1
1230301,56.5,21.0,97.9,7.0,10.0
1230302,32.6,56.0,149.7,7.7,7.7
1230303,35.1,35.0,77.5,7.3,7.1
1230304,54.2,45.0,106.0,7.7,6.1
1230305,42.8,33.0,110.3,6.0,6.8
1230306,64.7,49.0,74.5,6.6,8.3
1230307,34.4,55.0,102.2,8.0,10.0
1230308,56.3,25.0,95.1,7.2,5.3
1230309,50.1,31.0,105.6,7.9,7.1
1230310,43.1,19.0,111.3,8.2,5.5
1230311,62.6,45.0,135.0,8.5,5.4
1230312,55.2,19.0,107.2,7.9,7.3
1230313,29.9,37.0,113.7,6.9,6.4
1230314,54.6,49.0,137.5,5.9,7.7
1230315,65.6,71.0,60.4,8.9,8.2
1230316,43.0,47.0,93.5,6.2,5.3
1230317,41.3,60.0,101.0,7.2,6.4
1230318,35.0,46.0,61.1,9.6,6.8
1230319,44.8,46.0,101.9,6.0,3.9
1230320,55.3,39.0,41.1,6.8,6.8
1230321,32.7,37.0,117.6,7.4,5.3
1230322,24.8,58.0,63.0,4.5,6.9
1230323,39.4,47.0,68.7,5.6,7.1
1230324,24.3,47.0,113.1,9.1,4.4
1230325,52.8,33.0,58.3,7.9,5.5
1230326,38.6,37.0,151.3,8.4,7.8
1230327,18.7,71.0,102.9,7.6,8.5
1230328,39.8,41.0,97.6,4.3,10.0
1230329,42.1,61.0,130.1,5.7,7.7
1230330,51.7,35.0,98.0,3.9,6.2
1230331,42.8,53.0,106.0,8.2,5.8
1230332,73.0,46.0,96.1,10.0,5.3
1230333,37.2,36.0,87.5,4.8,8.7
1230334,44.1,51.0,109.3,8.8,5.2
1230335,43.5,20.0,113.1,8.8,6.0
1230336,40.8,50.0,68.2,7.5,7.0
1230337,47.1,53.0,78.0,5.1,9.1
1230338,53.1,46.0,83.5,5.9,8.1
1230339,65.1,60.0,99.3,4.2,7.0
1230340,21.5,41.0,108.6,7.0,8.1
1230341,37.3,40.0,153.9,7.5,10.0
1230342,38.3,47.0,106.9,8.4,6.7
1230343,59.1,54.0,95.6,6.9,8.9
1230344,39.7,50.0,82.1,5.9,8.1
1230345,16.6,39.0,124.6,6.2,9.1
1230346,46.3,28.0,99.7,7.0,7.4
1230347,,51.0,108.5,7.7,6.2
1230348,47.7,31.0,100.0,9.3,5.6
1230349,29.4,31.0,113.8,10.0,6.9
1230350,70.8,33.0,112.0,7.2,5.7
1230351,40.1,43.0,109.3,5.6,5.1
1230352,42.2,31.0,100.1,9.0,10.0
1230353,31.5,26.0,102.3,10.0,5.8
1230354,31.0,33.0,109.6,6.1,6.5
1230355,26.7,39.0,51.9,6.5,7.4
1230356,39.1,48.0,99.1,7.0,9.9
1230357,30.6,43.0,124.5,7.2,8.2
1230358,75.8,27.0,88.0,6.2,9.3
1230359,16.7,45.0,47.7,5.1,7.5
1230360,28.1,47.0,65.4,8.1,7.2
1230361,39.0,36.0,101.9,7.0,7.5
1230362,55.1,31.0,82.0,8.9,9.0
1230363,38.8,31.0,103.3,8.0,5.9
1230364,55.1,35.0,99.5,8.7,6.3
1230365,30.2,73.0,88.3,7.3,8.6
1230366,45.9,30.0,77.1,8.3,9.3
1230367,71.2,46.0,104.9,6.1,5.0
1230368,30.5,32.0,101.7,8.0,6.5
1230369,51.3,35.0,96.9,8.7,7.9
1230370,48.1,32.0,121.8,9.2,8.1
1230371,11.2,53.0,105.0,6.8,9.0
1230372,36.2,47.0,85.1,8.1,9.4
1230373,62.0,40.0,91.0,9.2,6.6
1230374,,49.0,98.5,4.9,8.9
1230375,26.8,52.0,103.1,6.7,5.9
1230376,55.4,30.0,133.4,8.1,8.8
1230377,37.8,50.0,142.2,6.8,6.9
1230378,50.4,32.0,88.3,6.2,7.9
1230379,50.7,54.0,74.5,7.9,8.4
1230380,28.2,52.0,86.4,6.5,8.5
1230381,56.8,48.0,110.5,7.3,7.8
1230382,29.9,39.0,120.8,4.9,7.7
1230383,25.4,35.0,89.8,6.5,5.3
1230384,31.8,38.0,77.1,7.6,7.9
1230385,39.8,53.0,109.6,7.1,6.2
1230386,46.6,32.0,115.6,7.1,6.5
1230387,33.4,43.0,125.9,7.7,7.8
1230388,56.2,18.0,84.1,8.9,9.6
1230389,48.8,46.0,108.2,6.9,8.7
1230390,34.6,28.0,59.2,7.2,7.1
1230391,58.3,24.0,97.4,7.3,6.9
1230392,62.4,49.0,118.0,6.5,6.1
1230393,43.5,45.0,137.1,6.0,7.3
1230394,41.8,36.0,107.6,8.5,3.7
1230395,18.4,38.0,94.0,5.5,7.0
1230396,38.9,74.0,64.9,8.1,6.2
1230397,40.6,39.0,105.7,6.9,6.9
1230398,48.7,39.0,115.8,6.7,4.9
1230399,42.5,51.0,125.3,7.7,6.6
1230400,48.7,43.0,106.1,7.9,9.4
1230401,,56.0,76.1,5.7,7.5
1230402,37.1,46.0,113.8,7.2,5.5
1230403,37.6,53.0,142.2,6.6,6.5
1230404,25.4,48.0,93.4,6.1,7.4
1230405,44.9,51.0,79.9,4.1,3.8
1230406,59.7,41.0,91.8,8.5,10.0
1230407,18.7,45.0,99.7,8.5,7.6
1230408,,38.0,86.9,5.5,7.6
1230409,45.5,50.0,117.7,7.1,8.4
1230410,57.8,23.0,110.8,5.4,8.0
1230411,50.7,52.0,91.6,6.7,9.4
1230412,49.9,56.0,99.5,6.3,9.8
1230413,41.6,52.0,61.5,9.2,6.0
1230414,52.2,41.0,108.0,5.2,4.3
1230415,60.2,49.0,65.2,4.5,4.7
1230416,19.4,31.0,93.1,6.7,10.0
1230417,55.9,54.0,88.5,6.8,5.6
1230418,43.5,27.0,111.7,10.0,9.5
1230419,37.1,50.0,88.9,6.1,5.6
1230420,10.0,49.0,98.8,9.4,9.1
1230421,24.3,48.0,137.4,8.0,9.1
1230422,70.5,36.0,60.8,9.7,7.6
1230423,34.7,53.0,102.8,7.6,6.2
1230424,28.7,16.0,121.6,4.8,8.9
1230425,38.2,53.0,84.3,5.8,6.4
1230426,33.8,45.0,100.5,8.0,9.5
1230427,46.9,57.0,66.0,5.9,6.3
1230428,67.8,45.0,59.8,10.0,9.3
1230429,36.2,68.0,118.1,4.5,6.2
1230430,47.3,29.0,91.8,6.3,6.1
1230431,27.8,51.0,67.2,7.9,8.3
1230432,67.8,30.0,88.2,7.2,7.2
1230433,47.8,40.0,115.1,6.5,8.2
1230434,28.8,52.0,113.8,9.4,10.0
1230435,58.6,51.0,126.2,7.3,5.8
1230436,63.0,71.0,87.4,8.8,6.7
1230437,47.4,37.0,84.3,6.6,7.4
1230438,20.4,60.0,108.3,8.8,5.6
1230439,71.8,38.0,125.0,7.6,4.7
1230440,49.7,32.0,90.6,4.8,5.8
1230441,62.6,19.0,124.0,5.4,8.3
1230442,36.7,44.0,91.7,8.9,6.1
1230443,39.0,35.0,150.9,7.2,6.1
1230444,46.7,54.0,57.0,8.9,7.9
1230445,61.7,35.0,138.4,8.3,5.7
1230446,47.1,35.0,62.6,5.5,8.6
1230447,26.1,47.0,130.6,5.4,10.0
1230448,48.9,66.0,102.1,7.0,7.6
1230449,69.4,27.0,88.7,7.5,7.9
1230450,46.0,56.0,77.3,6.2,6.1
1230451,46.9,54.0,76.8,8.0,7.6
1230452,26.1,39.0,117.0,6.9,7.9
1230453,24.0,51.0,111.5,6.1,5.3
1230454,35.4,38.0,95.3,7.6,5.8
1230455,40.1,75.0,99.3,6.2,6.0
1230456,46.6,40.0,78.2,5.0,7.5
1230457,47.5,43.0,96.7,9.6,6.4
1230458,69.0,37.0,122.1,4.2,7.5
1230459,45.9,18.0,77.3,4.7,6.5
1230460,61.0,38.0,113.0,8.4,8.8
1230461,44.4,45.0,88.5,7.6,6.9
1230462,66.7,63.0,61.8,6.3,5.7
1230463,16.9,49.0,126.5,10.0,9.6
1230464,36.0,39.0,65.7,6.6,10.0
1230465,59.7,43.0,88.4,7.0,8.4
1230466,42.4,47.0,126.7,7.2,7.9
1230467,59.0,37.0,80.3,8.1,7.2
1230468,50.8,52.0,123.6,8.2,7.9
1230469,59.2,65.0,88.8,9.2,5.6
1230470,54.2,37.0,97.7,6.5,5.5
1230471,55.1,59.0,147.1,7.1,8.1
1230472,67.4,54.0,128.4,6.8,5.4
1230473,59.8,50.0,102.2,5.2,9.9
1230474,59.9,44.0,83.7,6.7,6.0
1230475,45.3,47.0,100.7,7.7,8.0
1230476,36.3,39.0,141.2,7.4,5.3
1230477,35.1,68.0,154.3,9.3,7.2
1230478,56.3,32.0,84.5,7.5,7.8
1230479,10.0,58.0,136.1,5.7,6.6
1230480,25.4,64.0,60.6,6.4,6.3
1230481,30.6,37.0,114.7,6.0,6.8
1230482,41.3,58.0,109.4,6.3,9.2
1230483,10.0,44.0,126.0,7.1,8.7
1230484,63.9,43.0,79.2,8.3,8.9
1230485,54.0,41.0,103.7,8.5,8.8
1230486,74.8,19.0,53.5,5.8,9.5
1230487,60.9,50.0,84.2,7.8,8.4
1230488,60.5,62.0,99.6,7.1,3.8
1230489,78.8,32.0,104.9,6.7,8.2
1230490,36.4,54.0,169.8,6.2,7.9
1230491,22.4,41.0,87.3,6.1,6.9
1230492,41.5,27.0,100.5,6.4,5.0
1230493,32.6,56.0,71.2,8.8,6.2
1230494,41.1,66.0,52.8,8.6,6.7
1230495,29.2,31.0,122.5,8.4,8.5
1230496,53.5,45.0,122.6,3.8,8.3
1230497,52.7,22.0,65.6,9.1,5.5
1230498,44.6,41.0,57.8,7.7,8.1
1230499,49.7,49.0,84.1,8.5,4.3
1230500,42.9,67.0,141.7,6.9,6.6
1230501,56.3,64.0,62.8,7.5,7.2
1230502,46.0,65.0,117.0,9.2,8.3
1230503,41.0,35.0,103.3,8.7,6.8
1230504,58.9,39.0,92.5,5.8,8.0
1230505,63.9,19.0,84.9,6.0,7.6
1230506,65.1,32.0,106.1,7.9,7.9
1230507,30.1,22.0,92.2,7.5,8.2
1230508,37.0,47.0,90.0,5.9,6.8
1230509,19.5,32.0,94.8,7.1,8.5
1230510,41.4,27.0,127.8,6.2,9.5
1230511,51.2,37.0,105.3,8.1,7.0
1230512,43.0,25.0,101.7,10.0,3.8
1230513,74.0,46.0,134.6,5.8,8.2
1230514,38.9,46.0,93.3,7.9,7.2
1230515,28.7,38.0,135.8,7.8,7.9
1230516,53.5,32.0,83.1,6.9,6.0
1230517,47.2,23.0,113.3,6.6,6.5
1230518,53.2,50.0,91.9,6.7,7.3
1230519,49.6,45.0,98.3,5.0,6.9
1230520,48.7,49.0,83.9,4.2,7.1
1230521,13.2,38.0,92.6,5.9,6.5
1230522,34.1,39.0,82.5,6.3,7.0
1230523,36.1,62.0,110.1,8.3,8.2
1230524,39.8,34.0,79.4,5.5,8.0
1230525,38.3,38.0,113.4,6.4,5.3
1230526,51.2,52.0,158.7,8.8,7.5
1230527,54.0,46.0,61.1,8.4,6.1
1230528,28.0,13.0,40.7,7.9,7.8
1230529,55.3,18.0,75.3,8.9,9.0
1230530,53.8,33.0,118.6,10.0,8.4
1230531,52.0,55.0,82.2,7.0,6.2
1230532,23.7,51.0,114.4,8.1,7.3
1230533,51.6,49.0,123.7,7.0,7.8
1230534,46.2,51.0,93.7,6.9,7.9
1230535,59.4,28.0,122.1,5.9,5.9
1230536,71.8,50.0,43.3,9.7,8.0
1230537,68.8,29.0,120.9,7.5,7.7
1230538,46.7,55.0,120.0,9.5,5.8
1230539,45.0,35.0,97.5,7.8,7.7
1230540,54.5,46.0,125.1,5.9,6.5
1230541,28.3,16.0,136.0,7.2,5.9
1230542,23.2,23.0,148.3,8.2,6.6
1230543,37.9,57.0,148.5,7.5,5.8
1230544,63.3,52.0,101.4,4.5,6.1
1230545,40.0,25.0,96.5,7.2,9.4
1230546,67.5,60.0,98.0,6.6,5.3
1230547,10.0,27.0,33.1,6.6,8.4
1230548,21.2,42.0,117.5,5.1,7.9
1230549,43.1,35.0,158.7,10.0,9.5
1230550,58.3,29.0,114.1,8.7,10.0
1230551,44.0,58.0,64.5,6.0,7.0
1230552,43.6,66.0,75.1,6.9,7.7
1230553,43.2,44.0,76.5,9.1,7.3
1230554,18.6,63.0,141.4,4.8,5.5
1230555,62.4,38.0,112.6,9.6,6.5
1230556,34.8,44.0,116.0,7.7,10.0
1230557,61.3,44.0,108.8,7.9,7.8
1230558,43.9,26.0,72.2,7.0,4.9
1230559,61.0,49.0,76.4,7.9,8.1
1230560,50.1,52.0,117.0,10.0,8.8
1230561,43.4,40.0,102.2,7.4,8.3
1230562,48.4,18.0,53.5,6.2,5.0
1230563,22.9,47.0,119.7,6.4,7.6
1230564,45.1,21.0,135.4,8.8,4.8
1230565,70.7,31.0,100.2,7.6,6.8
1230566,64.6,44.0,92.1,7.6,3.0
1230567,30.2,31.0,134.1,6.4,4.4
1230568,52.6,46.0,95.1,9.3,7.7
1230569,48.7,39.0,84.7,7.4,8.9
1230570,57.3,19.0,61.5,6.0,7.0
1230571,46.4,44.0,87.7,4.6,8.2
1230572,41.5,50.0,146.7,5.4,10.0
1230573,65.0,56.0,129.1,7.8,5.7
1230574,48.2,37.0,103.0,5.9,8.1
1230575,63.8,41.0,99.9,4.2,9.1
1230576,59.6,21.0,124.7,5.9,7.5
1230577,40.1,70.0,102.6,7.0,7.8
1230578,42.5,63.0,68.4,8.1,7.9
1230579,73.9,42.0,103.6,3.4,6.5
1230580,47.9,40.0,104.4,7.1,9.1
1230581,33.6,1.0,100.3,8.6,5.3
1230582,27.0,56.0,106.4,5.9,6.6
1230583,59.6,50.0,82.7,6.3,7.4
1230584,47.4,53.0,103.9,7.5,8.6
1230585,33.1,36.0,59.9,5.7,5.5
1230586,55.1,35.0,77.0,5.8,8.6
1230587,47.4,25.0,93.9,7.0,7.0
1230588,20.1,53.0,115.1,7.5,8.7
1230589,53.8,60.0,92.6,8.1,10.0
1230590,65.0,58.0,111.0,7.2,8.6
1230591,83.4,45.0,125.6,7.2,7.7
1230592,45.5,37.0,160.5,7.6,7.7
1230593,48.5,27.0,92.7,5.9,8.2
1230594,69.1,32.0,83.9,4.1,8.1
1230595,47.5,49.0,101.0,5.8,5.9
1230596,49.1,38.0,105.0,6.5,7.6
1230597,35.5,65.0,113.7,6.0,8.0
1230598,24.1,58.0,120.3,5.5,5.8
1230599,58.7,34.0,92.9,8.8,7.0
1230600,25.9,25.0,118.2,6.0,5.1
1230601,62.1,34.0,102.0,6.6,3.2
1230602,33.2,57.0,130.7,8.1,6.9
1230603,49.0,35.0,93.0,7.9,6.7
1230604,39.4,50.0,103.5,6.1,9.5
1230605,62.6,34.0,106.8,5.9,5.1
1230606,49.5,47.0,128.3,7.1,8.1
1230607,74.4,49.0,99.9,6.2,7.5
1230608,28.7,56.0,74.1,7.0,8.8
1230609,51.2,62.0,57.6,5.9,6.6
1230610,45.7,60.0,125.9,7.8,8.1
1230611,49.2,35.0,116.0,5.1,5.7
1230612,68.9,40.0,141.5,6.9,7.9
1230613,53.8,26.0,102.3,7.6,7.4
1230614,27.8,39.0,102.2,7.6,6.5
1230615,53.0,42.0,104.5,10.0,8.9
1230616,38.8,36.0,86.6,6.9,7.4
1230617,37.9,35.0,82.4,7.4,8.3
1230618,60.7,56.0,111.0,7.1,9.5
1230619,36.0,55.0,129.5,10.0,9.2
1230620,39.3,48.0,115.1,8.7,8.8
1230621,45.5,24.0,88.0,10.0,6.9
1230622,59.2,45.0,110.6,6.3,7.7
1230623,53.7,37.0,104.4,7.4,8.0
1230624,41.5,60.0,85.9,7.3,8.5
1230625,40.9,17.0,69.4,5.5,8.1
1230626,27.6,34.0,79.2,7.7,6.4
1230627,33.6,34.0,129.9,5.7,6.8
1230628,35.2,35.0,106.3,8.8,6.9
1230629,42.8,55.0,84.8,6.9,6.6
1230630,74.8,9.0,101.9,4.9,8.4
1230631,34.9,39.0,115.3,6.4,4.5
1230632,40.6,54.0,86.5,7.3,6.3
1230633,14.2,56.0,80.9,9.8,6.7
1230634,54.0,34.0,55.6,8.5,9.1
1230635,21.3,32.0,127.2,7.3,5.7
1230636,31.4,47.0,114.7,8.5,8.0
1230637,60.6,44.0,116.7,7.5,7.4
1230638,13.4,43.0,114.0,5.9,6.2
1230639,46.4,1.0,49.3,7.8,10.0
1230640,57.0,26.0,102.7,8.5,8.3
1230641,67.9,30.0,111.2,10.0,6.5
1230642,31.2,51.0,101.8,7.6,9.0
1230643,35.6,22.0,41.2,6.5,7.3
1230644,72.1,27.0,96.9,8.6,5.4
1230645,44.6,40.0,93.6,8.2,2.8
1230646,34.0,24.0,125.9,9.6,8.2
1230647,34.2,51.0,97.4,8.3,7.8
1230648,30.4,37.0,87.0,4.6,5.9
1230649,38.4,68.0,87.0,7.1,5.0
1230650,61.3,33.0,118.1,9.1,6.1
1230651,58.3,34.0,116.8,9.8,6.4
1230652,27.4,53.0,94.7,6.0,7.9
1230653,48.2,33.0,90.0,6.9,7.6
1230654,39.0,63.0,42.5,8.2,6.6
1230655,56.7,49.0,49.0,6.6,4.6
1230656,42.7,38.0,79.1,6.8,5.4
1230657,50.6,40.0,96.4,8.6,9.6
1230658,42.6,82.0,80.2,8.7,6.5
1230659,12.2,49.0,62.1,8.9,9.1
1230660,45.7,44.0,99.1,8.0,8.6
1230661,25.9,40.0,99.5,5.7,4.7
1230662,56.2,57.0,132.7,7.0,8.4
1230663,34.8,21.0,91.0,5.7,5.6
1230664,35.9,39.0,94.1,6.4,5.8
1230665,44.9,2.0,82.1,8.1,8.4
1230666,53.7,35.0,165.1,7.4,6.4
1230667,42.5,54.0,116.1,10.0,4.9
1230668,69.6,61.0,79.3,7.6,5.5
1230669,69.7,50.0,50.8,7.8,6.6
1230670,70.7,51.0,67.8,7.2,8.2
1230671,41.5,18.0,77.0,8.4,5.0
1230672,22.8,33.0,66.0,9.7,7.3
1230673,63.3,63.0,97.0,7.5,9.7
1230674,38.8,35.0,74.6,9.5,5.2
1230675,45.6,40.0,59.9,7.1,6.4
1230676,54.4,31.0,115.9,8.8,6.5
1230677,20.9,29.0,61.5,7.1,5.8
1230678,69.4,35.0,36.2,7.0,8.4
1230679,58.1,33.0,123.4,4.2,7.0
1230680,50.3,55.0,144.8,4.5,7.1
1230681,58.4,45.0,101.0,7.0,9.4
1230682,53.4,56.0,117.2,8.3,7.6
1230683,46.8,23.0,116.8,7.1,7.1
1230684,40.4,59.0,158.9,5.9,7.1
1230685,33.9,42.0,75.2,5.8,6.0
1230686,49.3,68.0,88.6,8.3,9.0
1230687,50.4,41.0,89.0,5.7,6.5
1230688,61.2,21.0,101.4,8.5,7.2
1230689,48.0,60.0,94.8,8.2,4.1
1230690,32.2,40.0,97.9,9.4,8.2
1230691,21.4,12.0,103.6,10.0,9.3
1230692,43.1,44.0,149.5,6.8,9.1
1230693,44.6,45.0,106.9,7.0,5.6
1230694,43.5,57.0,120.7,9.4,8.1
1230695,22.0,1.0,116.7,7.1,7.3
1230696,61.1,58.0,108.9,4.9,6.3
1230697,61.1,35.0,93.3,6.0,8.0
1230698,32.7,69.0,120.1,7.8,8.2
1230699,57.1,18.0,56.2,5.4,7.9
1230700,,50.0,138.5,10.0,7.9
1230701,45.6,48.0,116.7,9.2,7.1
1230702,30.8,36.0,102.5,5.8,9.7
1230703,69.2,31.0,99.7,5.9,5.9
1230704,50.7,37.0,105.5,7.4,7.8
1230705,41.2,37.0,120.3,6.6,5.2
1230706,56.6,24.0,111.6,7.0,7.0
1230707,69.3,56.0,134.1,8.2,7.6
1230708,37.5,27.0,142.9,6.9,7.5
1230709,55.4,56.0,127.3,9.3,8.2
1230710,74.1,17.0,62.7,8.5,6.0
1230711,28.3,40.0,87.0,8.7,6.0
1230712,36.8,40.0,124.4,5.5,5.3
1230713,36.0,42.0,153.3,5.1,6.0
1230714,42.6,55.0,85.3,7.2,6.2
1230715,41.9,39.0,115.0,9.9,5.9
1230716,49.5,36.0,130.7,9.0,5.1
1230717,32.7,39.0,102.6,8.3,7.7
1230718,35.7,56.0,69.5,9.1,6.8
1230719,49.5,25.0,148.9,5.5,7.4
1230720,47.3,28.0,78.3,5.0,6.6
1230721,58.1,15.0,81.5,9.2,10.0
1230722,51.1,70.0,106.7,6.3,4.2
1230723,56.6,26.0,101.4,6.0,6.3
1230724,27.9,16.0,77.1,8.1,4.9
1230725,,31.0,141.9,6.8,8.3
1230726,72.7,33.0,113.0,7.0,6.2
1230727,50.9,63.0,122.6,7.7,7.6
1230728,56.2,35.0,98.9,7.5,5.3
1230729,,46.0,99.8,4.8,7.2
1230730,51.4,17.0,133.1,6.5,7.0
1230731,41.5,45.0,87.0,8.3,6.4
1230732,98.6,19.0,91.1,6.2,10.0
1230733,39.1,38.0,111.7,6.7,7.6
1230734,44.4,31.0,122.6,6.8,4.4
1230735,10.0,43.0,122.7,3.4,10.0
1230736,61.6,51.0,76.4,7.4,6.9
1230737,36.7,23.0,72.9,6.3,5.5
1230738,44.1,26.0,78.8,8.1,6.1
1230739,37.1,45.0,122.1,7.6,8.6
1230740,42.9,52.0,122.1,6.0,8.8
1230741,40.7,62.0,108.0,7.9,7.9
1230742,44.4,35.0,107.4,6.5,6.1
1230743,44.2,21.0,58.7,6.2,8.2
1230744,42.7,45.0,108.0,5.0,7.6
1230745,42.5,31.0,60.7,7.9,7.5
1230746,64.6,29.0,120.6,7.0,7.3
1230747,58.2,62.0,92.1,6.4,6.8
1230748,,51.0,106.1,4.9,7.4
1230749,34.0,32.0,94.7,8.8,6.4
1230750,63.9,42.0,98.0,6.8,8.2
1230751,62.0,41.0,72.2,7.7,7.6
1230752,36.7,44.0,95.8,7.7,10.0
1230753,67.9,36.0,98.4,5.1,5.4
1230754,34.8,15.0,105.2,8.2,9.1
1230755,17.4,28.0,113.6,6.8,5.8
1230756,61.5,35.0,112.0,6.9,6.3
1230757,43.2,42.0,106.7,4.3,7.0
1230758,59.7,27.0,83.7,9.0,9.5
1230759,33.7,45.0,67.5,7.4,5.9
1230760,26.1,37.0,74.9,6.9,8.8
1230761,63.5,31.0,79.6,6.2,8.7
1230762,23.9,24.0,121.2,7.1,9.0
1230763,21.6,48.0,126.9,8.2,6.3
1230764,16.1,48.0,80.1,7.1,8.5
1230765,10.0,53.0,71.0,7.9,7.2
1230766,29.4,50.0,59.4,5.6,7.9
1230767,12.5,51.0,84.4,4.5,6.6
1230768,44.5,47.0,110.4,6.0,4.3
1230769,11.5,17.0,72.8,6.7,7.5
1230770,28.6,38.0,129.7,5.6,8.4
1230771,80.0,22.0,109.2,7.1,8.6
1230772,50.2,61.0,126.7,6.8,7.8
1230773,45.8,42.0,80.1,4.4,6.7
1230774,20.7,60.0,117.8,8.3,6.1
1230775,41.3,28.0,72.3,6.9,8.4
1230776,45.7,41.0,117.3,5.5,8.6
1230777,20.9,46.0,136.0,4.9,7.1
1230778,46.9,37.0,135.7,10.0,7.6
1230779,62.9,45.0,86.7,6.5,7.5
1230780,39.8,63.0,77.9,4.0,6.5
1230781,42.0,28.0,95.9,5.0,8.5
1230782,14.4,5.0,139.3,7.3,9.4
1230783,24.0,64.0,65.9,6.1,4.7
1230784,60.9,31.0,62.2,6.8,8.0
1230785,35.1,58.0,48.9,7.1,7.8
1230786,31.1,51.0,102.4,7.1,7.0
1230787,34.6,39.0,57.5,7.1,5.7
1230788,44.1,47.0,129.8,6.9,9.8
1230789,27.6,26.0,141.0,9.6,6.9
1230790,46.9,43.0,96.6,6.7,9.8
1230791,24.6,50.0,159.8,8.9,8.5
1230792,56.6,31.0,105.8,7.5,7.3
1230793,29.1,37.0,87.4,8.6,6.9
1230794,64.8,46.0,87.0,8.0,7.5
1230795,44.8,61.0,135.8,8.9,8.0
1230796,32.3,42.0,119.8,10.0,7.5
1230797,58.7,36.0,49.2,7.1,6.6
1230798,24.4,40.0,53.0,7.9,8.8
1230799,,58.0,63.3,10.0,9.7
1230800,45.0,33.0,85.2,7.6,7.2
1230801,43.2,38.0,67.5,3.2,7.4
1230802,14.9,33.0,80.9,6.5,8.3
1230803,31.2,39.0,79.4,6.7,6.7
1230804,47.5,45.0,72.0,7.4,4.1
1230805,25.2,56.0,153.0,6.2,7.4
1230806,64.0,12.0,135.5,10.0,8.8
1230807,52.4,50.0,144.5,10.0,5.3
1230808,37.3,30.0,142.0,4.8,4.0
1230809,41.7,50.0,98.2,5.8,8.1
1230810,72.9,59.0,102.8,8.8,5.7
1230811,59.0,56.0,76.8,6.0,5.1
1230812,50.7,44.0,103.7,6.6,5.4
1230813,23.8,54.0,75.0,6.0,7.7
1230814,69.4,29.0,59.9,9.3,9.2
1230815,60.8,41.0,80.8,7.1,5.1
1230816,42.8,63.0,121.8,9.1,7.5
1230817,36.8,31.0,102.4,6.3,7.6
1230818,42.2,45.0,115.1,8.4,7.5
1230819,27.0,37.0,100.4,6.8,8.1
1230820,37.9,39.0,77.0,7.5,7.2
1230821,56.4,48.0,113.0,6.6,5.1
1230822,17.9,38.0,102.4,6.8,7.6
1230823,40.3,42.0,132.9,7.1,8.8
1230824,46.7,35.0,133.9,7.6,6.8
1230825,46.6,16.0,92.6,8.4,6.0
1230826,27.3,45.0,103.0,5.8,8.4
1230827,27.3,48.0,77.6,5.2,6.4
1230828,61.3,61.0,78.5,9.1,6.8
1230829,26.6,40.0,85.6,10.0,8.5
1230830,60.1,22.0,112.3,8.6,8.1
1230831,37.8,31.0,87.0,9.2,10.0
1230832,61.2,50.0,138.6,6.6,6.6
1230833,38.7,41.0,111.8,8.1,8.9
1230834,,46.0,93.3,7.9,5.9
1230835,,37.0,125.4,7.5,10.0
1230836,44.7,68.0,81.6,5.9,9.4
1230837,66.7,66.0,83.9,4.8,8.4
1230838,58.4,29.0,133.7,9.1,5.2
1230839,41.6,55.0,67.3,8.4,8.0
1230840,38.3,46.0,96.3,6.2,6.2
1230841,45.4,42.0,90.5,7.7,8.3
1230842,47.9,30.0,81.7,6.5,7.5
1230843,31.8,65.0,124.6,8.6,6.9
1230844,57.6,58.0,121.6,8.0,10.0
1230845,39.0,22.0,116.9,9.5,6.0
1230846,38.7,61.0,100.6,7.4,6.4
1230847,36.9,41.0,116.0,7.1,8.3
1230848,48.5,34.0,49.9,7.3,6.3
1230849,34.6,28.0,89.9,10.0,6.4
1230850,47.0,55.0,100.9,8.2,8.6
1230851,86.5,48.0,85.3,7.4,8.6
1230852,44.2,30.0,104.6,8.6,10.0
1230853,38.5,31.0,159.6,6.8,8.1
1230854,20.0,37.0,102.8,7.7,8.8
1230855,45.8,35.0,110.3,8.7,7.3
1230856,28.4,49.0,105.1,3.3,6.9
1230857,39.4,47.0,70.0,5.2,7.5
1230858,47.3,33.0,62.8,5.3,6.4
1230859,19.0,19.0,59.5,6.7,8.9
1230860,47.4,23.0,107.0,6.7,6.0
1230861,49.6,54.0,49.0,7.9,8.4
1230862,25.5,28.0,116.1,8.2,10.0
1230863,39.1,44.0,94.9,9.4,7.1
1230864,17.5,17.0,111.3,6.7,9.1
1230865,68.6,48.0,66.8,6.6,7.8
1230866,50.0,69.0,138.8,6.5,7.4
1230867,42.3,23.0,98.5,5.9,8.5
1230868,42.5,50.0,52.7,7.5,8.2
1230869,62.0,46.0,130.8,5.4,8.0
1230870,43.6,55.0,68.2,8.9,7.3
1230871,50.0,40.0,69.5,7.6,6.2
1230872,67.8,46.0,70.1,8.4,9.7
1230873,39.8,45.0,92.2,9.6,7.7
1230874,28.6,50.0,114.7,3.8,8.5
1230875,32.6,30.0,114.0,7.0,10.0
1230876,66.4,45.0,163.0,6.3,8.7
1230877,46.4,53.0,83.4,7.9,5.7
1230878,37.5,58.0,88.6,8.5,5.6
1230879,59.6,49.0,65.9,7.8,10.0
1230880,60.0,26.0,72.6,7.4,4.7
1230881,37.9,20.0,128.0,6.9,6.1
1230882,30.4,48.0,87.4,8.6,8.2
1230883,21.4,28.0,111.3,7.2,7.7
1230884,18.1,54.0,100.8,9.7,5.0
1230885,41.0,38.0,73.7,6.4,7.4
1230886,31.6,56.0,79.4,9.9,10.0
1230887,72.9,72.0,53.1,5.4,5.9
1230888,45.9,41.0,94.9,7.6,4.9
1230889,15.9,40.0,102.0,7.3,6.2
1230890,66.3,56.0,92.4,6.1,7.4
1230891,47.4,57.0,124.8,5.2,6.6
1230892,55.6,66.0,66.9,8.6,8.7
1230893,55.2,45.0,101.2,7.2,9.0
1230894,49.4,33.0,74.9,8.6,9.3
1230895,52.9,42.0,109.5,9.9,8.6
1230896,48.6,33.0,77.6,8.2,6.9
1230897,28.4,45.0,120.3,8.6,6.4
1230898,50.5,30.0,115.9,6.6,7.3
1230899,60.4,55.0,108.3,9.3,8.8
1230900,41.8,52.0,106.5,9.5,5.9
1230901,53.3,44.0,107.1,8.1,7.7
1230902,51.3,42.0,108.3,6.9,8.8
1230903,72.2,39.0,113.3,7.3,8.9
1230904,41.2,60.0,91.1,7.4,8.2
1230905,40.6,59.0,72.0,7.9,5.6
1230906,43.2,44.0,98.9,7.2,6.9
1230907,43.5,30.0,112.8,6.8,7.1
1230908,10.9,26.0,112.8,7.0,4.4
1230909,35.4,46.0,143.3,7.2,5.9
1230910,49.5,33.0,87.5,9.0,9.3
1230911,44.9,49.0,64.7,5.8,6.5
1230912,33.0,37.0,86.4,4.3,5.0
1230913,35.0,53.0,89.4,4.9,7.9
1230914,39.7,45.0,79.9,7.5,9.0
1230915,33.0,56.0,74.0,7.6,4.6
1230916,37.3,11.0,96.6,9.0,6.9
1230917,36.9,39.0,98.3,10.0,5.9
1230918,58.4,73.0,74.0,7.0,6.0
1230919,60.2,7.0,71.4,8.8,5.7
1230920,59.0,54.0,109.2,6.3,7.6
1230921,51.4,48.0,111.8,8.9,7.1
1230922,34.4,60.0,79.5,7.6,9.3
1230923,59.4,40.0,95.7,5.4,5.6
1230924,40.3,59.0,112.4,7.7,9.5
1230925,45.3,59.0,103.3,8.0,7.2
1230926,65.1,45.0,139.1,7.8,7.4
1230927,46.3,26.0,66.4,6.8,6.0
1230928,48.7,55.0,61.1,9.4,7.8
1230929,23.8,28.0,118.1,8.9,9.3
1230930,52.3,40.0,108.8,8.2,5.9
1230931,30.3,55.0,86.3,6.2,8.9
1230932,60.2,57.0,127.2,6.6,6.2
1230933,42.2,37.0,83.9,8.4,6.5
1230934,11.5,51.0,112.8,9.8,7.6
1230935,39.6,20.0,95.5,8.8,7.1
1230936,41.6,35.0,80.6,6.9,7.0
1230937,52.3,63.0,89.4,7.4,7.2
1230938,55.1,61.0,129.3,9.1,10.0
1230939,40.1,51.0,90.3,5.3,7.4
1230940,60.2,40.0,137.7,5.1,5.6
1230941,10.0,54.0,103.9,8.8,5.4
1230942,34.3,42.0,93.7,7.4,6.8
1230943,28.3,44.0,74.9,5.8,10.0
1230944,26.2,43.0,116.9,6.9,10.0
1230945,59.4,31.0,105.2,6.7,8.6
1230946,57.4,52.0,98.0,8.0,5.4
1230947,33.4,27.0,102.5,7.0,5.8
1230948,62.7,53.0,97.0,7.9,5.4
1230949,46.5,29.0,70.1,9.6,5.8
1230950,38.7,32.0,116.4,7.5,3.6
1230951,34.6,2.0,146.4,7.1,8.1
1230952,33.3,40.0,142.5,6.4,6.3
1230953,52.1,45.0,102.6,6.5,10.0
1230954,54.8,54.0,93.7,7.0,7.8
1230955,48.6,60.0,102.1,8.7,8.3
1230956,14.2,21.0,84.5,8.4,4.5
1230957,49.4,56.0,107.0,5.0,6.4
1230958,53.5,36.0,109.4,10.0,5.4
1230959,35.0,41.0,69.9,6.4,4.7
1230960,45.6,41.0,91.8,6.4,8.1
1230961,17.0,36.0,121.9,7.0,7.3
1230962,26.6,30.0,122.5,10.0,4.9
1230963,40.1,46.0,68.5,8.2,9.2
1230964,40.4,53.0,127.4,7.6,8.1
1230965,50.3,24.0,92.9,6.3,6.2
1230966,27.2,42.0,99.3,7.5,8.0
1230967,39.9,33.0,95.9,10.0,7.4
1230968,37.7,57.0,47.2,8.5,6.3
1230969,52.9,49.0,110.5,6.5,6.1
1230970,66.3,63.0,59.8,6.7,8.3
1230971,70.8,20.0,120.8,8.1,7.7
1230972,21.5,56.0,67.4,8.6,4.9
1230973,44.3,44.0,126.5,5.5,8.3
1230974,28.3,32.0,105.8,7.8,5.3
1230975,44.0,49.0,115.2,8.3,6.4
1230976,51.3,64.0,82.1,9.1,8.5
1230977,46.2,64.0,54.8,5.4,7.0
1230978,44.3,54.0,75.5,10.0,8.5
1230979,67.2,28.0,108.0,6.6,10.0
1230980,55.8,46.0,111.4,6.5,6.1
1230981,40.9,47.0,78.5,6.5,8.1
1230982,45.4,59.0,133.1,8.1,8.5
1230983,58.1,40.0,99.5,5.8,9.1
1230984,54.1,42.0,59.0,9.8,7.4
1230985,38.6,33.0,106.7,6.5,5.9
1230986,18.4,51.0,80.7,7.4,4.9
1230987,27.2,39.0,120.6,5.5,8.3
1230988,47.2,45.0,105.6,6.4,8.7
1230989,18.2,35.0,103.8,4.2,8.7
1230990,42.7,43.0,92.8,7.2,8.2
1230991,38.2,27.0,128.1,7.0,5.6
1230992,60.0,44.0,77.3,4.6,8.6
1230993,25.2,34.0,108.4,6.9,4.3
1230994,16.0,52.0,101.0,8.0,8.4
1230995,38.7,68.0,74.2,9.2,5.6
1230996,54.5,54.0,98.1,5.8,5.5
1230997,61.0,26.0,76.3,4.5,5.1
1230998,31.4,37.0,151.0,7.0,4.4
1230999,52.1,19.0,125.4,9.9,8.6
1231000,28.3,42.0,59.2,6.7,5.2
