StudentID,ScholarshipAmount_K,PriorGPA,PostGPA,StudyHoursWeekly,GPASignificantlyImproved
1730001,80.5,57.4,115.7,27.7,1
1730002,64.4,74.9,83.2,18.9,1
1730003,126.3,51.7,101.4,38.3,1
1730004,88.8,72.1,102.5,24.8,1
1730005,102.7,127.2,55.9,39.8,1
1730006,86.1,98.3,86.1,16.1,1
1730007,110.3,59.3,139.7,8.8,1
1730008,58.0,102.1,86.2,43.0,0
1730009,74.6,114.2,104.8,11.8,0
1730010,58.5,133.3,125.8,40.7,1
1730011,50.7,101.2,104.0,14.7,0
1730012,69.8,120.4,132.4,31.7,1
1730013,101.8,110.5,39.5,31.1,1
1730014,67.3,81.2,88.8,33.3,1
1730015,98.3,76.6,119.1,20.6,1
1730016,99.4,125.7,108.1,26.5,0
1730017,93.3,90.4,115.7,15.6,0
1730018,80.2,119.4,143.2,24.8,0
1730019,48.6,86.5,78.2,32.8,0
1730020,100.1,94.5,119.8,34.1,0
1730021,76.3,134.2,90.7,19.7,1
1730022,110.5,38.3,93.4,18.9,1
1730023,98.0,132.2,72.2,32.8,1
1730024,76.2,76.4,119.3,16.1,0
1730025,75.4,100.0,120.0,21.3,0
1730026,82.4,96.4,101.8,35.0,1
1730027,85.4,127.6,119.6,43.8,0
1730028,68.9,140.8,96.5,21.4,0
1730029,79.8,119.8,91.3,35.3,0
1730030,74.4,54.2,99.8,5.5,1
1730031,69.5,71.6,98.7,13.7,0
1730032,57.6,129.6,94.6,7.2,0
1730033,90.0,110.3,44.8,44.7,1
1730034,20.0,131.6,66.2,31.4,0
1730035,66.2,106.6,74.3,12.5,1
1730036,104.6,121.7,134.2,29.2,0
1730037,91.2,113.8,80.6,14.0,1
1730038,62.1,103.8,104.4,21.8,0
1730039,43.7,108.3,90.0,22.3,1
1730040,101.6,102.5,49.8,25.6,1
1730041,93.4,105.0,115.8,7.0,0
1730042,56.5,83.7,129.1,30.8,0
1730043,72.3,94.7,127.4,34.5,0
1730044,71.4,99.2,125.4,33.3,0
1730045,110.4,76.8,93.2,44.6,1
1730046,56.6,62.9,108.8,29.5,1
1730047,85.2,98.8,118.6,39.0,0
1730048,86.9,82.2,49.2,10.9,1
1730049,90.7,135.2,95.3,32.8,0
1730050,96.1,87.9,72.1,13.6,1
1730051,98.1,73.3,108.2,6.0,1
1730052,48.4,118.9,119.9,43.5,0
1730053,85.7,92.4,138.0,33.3,0
1730054,68.0,75.7,77.3,21.7,1
1730055,86.2,121.2,87.1,29.6,0
1730056,43.0,127.1,124.9,8.2,0
1730057,64.3,96.1,91.8,11.1,1
1730058,92.9,81.3,76.7,31.2,1
1730059,56.4,95.3,110.6,16.4,0
1730060,63.1,49.4,45.7,9.0,1
1730061,68.9,125.3,84.5,7.9,0
1730062,69.1,97.4,70.5,31.8,1
1730063,76.0,133.7,91.2,14.3,0
1730064,97.2,95.9,49.9,10.2,1
1730065,82.6,89.3,125.0,5.9,0
1730066,78.9,146.0,127.1,19.9,0
1730067,66.9,87.8,99.5,28.2,1
1730068,55.3,88.1,111.7,15.7,1
1730069,95.6,99.9,91.4,5.8,1
1730070,83.2,85.4,107.2,12.4,1
1730071,67.2,97.7,111.1,32.6,0
1730072,67.3,160.4,72.5,38.6,0
1730073,82.9,102.9,91.6,14.0,1
1730074,52.9,82.6,118.4,9.6,0
1730075,76.1,110.7,109.4,8.5,0
1730076,95.3,98.1,113.0,44.1,0
1730077,73.4,113.9,104.9,12.8,0
1730078,115.2,118.2,126.9,40.1,1
1730079,64.8,111.0,68.5,32.5,1
1730080,52.0,107.5,118.4,33.7,0
1730081,83.0,63.6,105.2,20.4,0
1730082,94.2,54.3,148.0,14.7,0
1730083,112.1,93.4,41.3,27.4,1
1730084,57.0,97.8,122.2,5.0,1
1730085,78.6,70.7,99.5,25.7,1
1730086,26.5,73.1,106.5,34.2,1
1730087,34.9,132.0,78.9,37.9,0
1730088,56.0,120.8,116.4,32.4,0
1730089,71.5,84.5,97.7,24.9,1
1730090,111.6,130.7,98.4,33.7,0
1730091,58.5,73.1,119.8,5.0,1
1730092,85.1,86.8,74.3,20.0,1
1730093,80.6,63.7,121.4,39.5,1
1730094,112.5,90.2,52.6,11.6,1
1730095,76.8,77.5,115.6,43.0,1
1730096,35.6,81.4,74.7,15.8,1
1730097,58.8,133.1,63.0,24.8,1
1730098,71.5,120.8,91.6,23.1,1
1730099,72.4,65.0,145.6,41.7,0
1730100,81.2,87.5,143.7,16.9,0
1730101,59.3,149.6,127.2,22.4,0
1730102,74.5,92.9,71.5,35.5,0
1730103,74.2,117.8,81.5,26.9,0
1730104,128.0,113.5,107.5,24.8,0
1730105,61.7,106.6,73.8,16.9,1
1730106,118.7,105.0,85.6,13.8,0
1730107,81.1,79.7,39.2,32.8,1
1730108,84.4,113.3,82.6,36.8,1
1730109,104.7,75.8,124.5,12.3,1
1730110,86.6,134.0,107.6,10.4,0
1730111,122.3,69.0,69.3,30.9,1
1730112,52.4,145.1,98.5,24.8,0
1730113,89.0,102.3,117.0,13.5,0
1730114,62.9,106.5,102.8,42.0,0
1730115,64.3,110.2,85.2,36.4,1
1730116,60.2,66.1,83.9,13.1,1
1730117,87.6,76.5,58.1,30.0,1
1730118,75.2,93.3,94.7,35.9,1
1730119,66.3,83.2,91.3,25.3,1
1730120,43.9,110.1,106.5,14.6,0
1730121,86.5,121.8,121.2,27.6,0
1730122,60.1,94.7,113.3,43.2,0
1730123,52.2,110.6,96.7,15.5,1
1730124,74.0,97.1,52.1,43.6,1
1730125,84.8,93.7,94.6,41.0,1
1730126,70.5,64.4,65.9,14.9,1
1730127,119.9,86.7,88.5,26.3,1
1730128,55.7,89.5,70.4,10.2,1
1730129,91.7,74.1,77.1,24.3,1
1730130,74.6,83.0,131.0,19.2,0
1730131,58.5,44.3,102.7,43.3,1
1730132,104.1,72.9,72.2,44.6,1
1730133,70.7,117.7,95.0,30.3,0
1730134,98.6,106.2,71.1,35.6,1
1730135,86.0,121.6,54.8,44.9,0
1730136,103.6,101.4,100.7,43.7,1
1730137,42.4,138.9,82.2,37.1,0
1730138,67.0,65.9,78.5,31.4,1
1730139,77.9,122.1,101.4,15.7,0
1730140,60.4,86.9,130.1,30.8,0
1730141,91.6,115.8,96.8,18.5,0
1730142,64.2,162.9,86.4,30.8,0
1730143,90.7,110.3,131.1,6.3,1
1730144,54.0,112.5,138.1,,0
1730145,77.3,129.0,101.4,38.9,0
1730146,52.8,68.7,96.8,9.9,1
1730147,62.6,131.0,100.8,34.3,0
1730148,47.8,90.8,117.0,19.5,0
1730149,85.0,132.0,124.4,27.8,0
1730150,61.3,97.9,113.8,43.1,0
1730151,68.5,122.3,112.1,29.4,0
1730152,56.5,95.6,127.9,20.6,0
1730153,64.6,50.0,80.8,37.6,0
1730154,56.6,109.6,74.9,12.8,0
1730155,60.9,130.0,120.3,12.4,0
1730156,89.1,112.2,101.3,18.3,0
1730157,63.8,83.8,86.0,34.1,1
1730158,84.1,89.0,95.7,31.4,0
1730159,53.2,133.6,108.8,24.2,1
1730160,49.9,61.2,124.0,37.7,1
1730161,68.1,83.5,134.3,16.3,0
1730162,82.2,78.1,95.0,35.4,0
1730163,82.0,124.6,78.5,25.2,0
1730164,63.6,77.7,87.8,43.9,1
1730165,54.6,89.8,84.5,23.1,1
1730166,104.3,124.0,98.1,38.4,0
1730167,51.2,107.6,100.9,39.5,0
1730168,90.0,105.9,63.1,37.9,1
1730169,80.2,93.2,119.6,30.6,0
1730170,50.0,101.1,82.6,27.3,1
1730171,82.9,105.6,118.3,36.1,0
1730172,67.2,101.2,56.0,28.3,1
1730173,61.5,107.7,124.8,8.7,0
1730174,70.3,98.4,102.9,35.7,1
1730175,62.5,72.7,85.9,35.2,1
1730176,69.8,145.0,99.7,34.3,0
1730177,91.2,71.3,104.9,13.7,1
1730178,79.9,147.4,120.3,14.1,0
1730179,75.0,105.1,97.6,23.5,0
1730180,51.1,110.0,86.2,8.2,0
1730181,83.4,140.2,85.6,24.5,0
1730182,76.5,108.0,117.3,13.2,0
1730183,40.5,125.3,88.1,6.5,0
1730184,94.9,158.3,103.4,12.7,0
1730185,77.9,137.1,78.3,17.1,0
1730186,107.0,101.9,92.7,39.4,0
1730187,44.8,122.6,140.6,35.2,0
1730188,102.7,48.7,74.9,44.1,1
1730189,59.1,104.6,128.7,23.0,0
1730190,87.8,64.5,136.2,43.8,1
1730191,100.7,108.5,98.6,22.1,1
1730192,77.9,135.3,71.9,32.4,1
1730193,87.4,102.5,123.0,5.9,0
1730194,78.1,109.6,62.0,32.2,0
1730195,57.9,98.0,99.7,19.3,0
1730196,84.0,100.5,94.5,9.9,0
1730197,91.4,124.6,18.4,9.8,1
1730198,105.8,60.0,127.8,6.9,1
1730199,64.8,124.8,118.1,35.6,0
1730200,115.0,107.1,120.5,34.2,0
1730201,107.1,54.9,119.2,38.5,0
1730202,89.8,112.9,107.8,14.3,0
1730203,66.5,84.2,103.6,32.1,1
1730204,76.1,114.6,96.2,39.2,1
1730205,77.2,58.0,143.2,5.9,0
1730206,48.7,113.3,115.9,30.5,0
1730207,59.6,130.1,97.2,15.8,0
1730208,81.8,83.7,98.0,8.8,1
1730209,101.8,63.8,109.6,20.6,1
1730210,86.6,87.4,159.9,23.4,0
1730211,31.8,81.5,73.5,35.0,1
1730212,72.5,101.1,125.7,27.2,0
1730213,60.5,112.1,111.3,21.9,0
1730214,80.3,69.0,84.9,34.0,0
1730215,72.4,103.8,103.4,7.8,0
1730216,57.4,92.0,140.8,12.6,0
1730217,63.3,112.5,76.7,40.0,1
1730218,32.9,122.3,89.0,26.6,0
1730219,102.2,71.1,97.2,40.6,0
1730220,64.1,98.1,70.5,28.7,1
1730221,29.2,107.8,104.2,21.2,1
1730222,88.7,95.9,115.0,10.8,0
1730223,70.2,110.7,121.2,24.4,0
1730224,87.8,119.5,113.4,44.1,1
1730225,61.2,111.9,94.9,39.5,0
1730226,83.3,152.8,90.3,10.6,0
1730227,84.5,53.7,100.7,19.7,1
1730228,105.1,88.7,117.2,33.2,1
1730229,96.7,85.2,137.6,10.4,0
1730230,92.6,71.5,89.9,27.9,1
1730231,46.4,103.8,85.3,42.4,1
1730232,69.0,71.5,95.0,38.5,1
1730233,71.7,119.6,98.8,32.1,1
1730234,80.1,100.2,66.0,33.1,1
1730235,72.6,118.9,110.3,15.3,1
1730236,80.4,95.8,123.1,43.0,0
1730237,63.0,155.4,48.4,20.1,0
1730238,61.0,86.2,100.5,16.5,1
1730239,69.3,111.0,112.4,19.7,0
1730240,53.2,97.1,83.4,42.6,1
1730241,79.6,94.9,67.8,14.6,1
1730242,60.9,128.0,134.2,9.0,0
1730243,78.9,125.7,60.0,33.2,1
1730244,61.9,115.4,129.1,34.3,0
1730245,88.8,127.7,84.2,27.0,1
1730246,73.0,118.4,89.2,39.4,0
1730247,70.1,114.6,86.8,27.5,0
1730248,97.2,100.8,99.7,39.0,1
1730249,76.5,104.1,119.1,9.5,0
1730250,83.7,115.8,82.3,18.9,1
1730251,74.7,117.3,49.5,31.4,1
1730252,98.2,70.3,106.1,11.3,0
1730253,48.3,78.8,99.5,43.6,1
1730254,73.3,108.2,51.3,43.0,0
1730255,95.3,64.4,107.7,36.5,1
1730256,77.7,114.2,94.7,43.2,0
1730257,93.1,65.0,120.4,7.3,1
1730258,70.9,90.0,107.5,43.5,1
1730259,105.8,107.2,70.4,38.4,1
1730260,71.2,111.6,79.5,26.6,1
1730261,96.8,120.1,48.5,38.3,1
1730262,69.9,111.5,101.6,14.6,0
1730263,75.6,90.2,82.7,23.6,1
1730264,91.8,105.9,62.2,12.8,1
1730265,93.0,154.5,109.0,5.6,0
1730266,77.3,70.0,117.7,10.4,1
1730267,53.7,110.1,67.3,41.4,1
1730268,75.6,118.6,148.7,44.9,0
1730269,83.1,100.6,110.8,20.0,0
1730270,78.6,82.6,40.7,11.4,0
1730271,93.6,82.9,76.5,21.5,1
1730272,69.2,147.0,100.0,34.3,1
1730273,85.5,118.2,90.8,42.6,0
1730274,73.3,87.9,70.3,28.0,1
1730275,56.4,51.7,130.9,28.2,1
1730276,77.9,112.4,82.6,44.8,0
1730277,95.1,112.9,112.3,16.4,1
1730278,77.4,77.3,87.8,35.3,1
1730279,78.0,102.1,77.1,42.8,1
1730280,30.1,109.6,84.0,8.8,1
1730281,73.5,106.2,106.0,40.9,0
1730282,77.2,99.7,104.1,12.1,0
1730283,67.8,112.3,75.1,13.7,1
1730284,70.3,88.0,122.4,29.4,1
1730285,81.7,106.5,103.5,37.8,1
1730286,47.0,67.7,79.4,40.1,1
1730287,73.4,122.9,75.0,13.7,1
1730288,89.1,101.7,103.7,8.8,0
1730289,98.3,104.4,104.0,12.2,1
1730290,66.4,84.0,105.5,25.3,1
1730291,64.9,95.0,110.9,36.9,0
1730292,49.3,122.7,72.8,11.3,0
1730293,107.2,100.4,92.8,22.3,1
1730294,86.8,53.1,111.2,29.1,1
1730295,54.8,122.8,113.2,5.4,0
1730296,78.7,82.5,139.0,38.0,0
1730297,93.8,105.7,93.7,30.3,0
1730298,30.6,92.0,77.2,28.6,1
1730299,104.2,140.3,70.0,13.4,1
1730300,77.6,99.5,124.0,28.2,1
1730301,31.8,81.6,102.1,28.1,1
1730302,71.2,118.1,93.0,28.6,0
1730303,63.8,106.6,84.5,14.4,0
1730304,79.1,69.3,78.2,25.8,1
1730305,109.7,111.5,107.3,40.7,1
1730306,95.9,78.3,107.8,21.7,0
1730307,66.4,119.2,118.0,7.6,0
1730308,89.5,71.1,96.8,5.7,0
1730309,66.8,88.2,106.8,7.6,1
1730310,25.5,114.4,97.6,32.3,1
1730311,80.1,113.9,121.5,18.6,0
1730312,79.0,107.5,81.0,32.6,0
1730313,55.3,82.9,97.1,40.4,1
1730314,86.3,87.1,61.4,36.0,1
1730315,83.2,102.2,69.8,29.1,0
1730316,65.3,117.3,96.5,39.5,0
1730317,92.8,51.6,99.5,13.7,1
1730318,92.5,84.0,78.5,34.6,1
1730319,44.9,130.5,110.5,30.4,0
1730320,36.3,43.1,103.3,24.0,1
1730321,85.7,81.2,86.4,13.7,1
1730322,104.9,78.9,102.2,17.3,0
1730323,70.8,80.9,54.9,9.3,1
1730324,81.4,113.7,140.4,15.5,1
1730325,109.3,82.5,129.3,9.6,0
1730326,71.8,126.0,63.6,26.3,1
1730327,62.2,73.7,59.0,37.8,0
1730328,99.1,75.5,153.8,43.8,0
1730329,106.2,72.8,97.1,11.7,1
1730330,60.2,130.4,23.2,43.1,0
1730331,60.2,73.0,80.4,8.2,1
1730332,78.1,106.0,68.9,32.0,0
1730333,64.1,98.4,128.0,39.1,0
1730334,105.0,105.2,54.4,18.4,1
1730335,91.3,111.3,116.5,6.6,0
1730336,56.0,107.7,96.3,6.1,0
1730337,98.6,79.4,87.1,17.5,1
1730338,109.5,111.0,110.4,23.1,1
1730339,54.8,69.9,126.4,22.2,1
1730340,76.7,103.8,54.4,26.6,0
1730341,95.9,106.6,93.8,5.5,1
1730342,60.3,82.9,94.7,32.7,1
1730343,54.8,96.4,87.2,15.0,1
1730344,100.2,82.7,117.1,5.1,1
1730345,74.7,67.7,115.8,23.3,1
1730346,70.5,66.3,112.6,24.6,1
1730347,99.0,76.0,88.8,43.4,0
1730348,48.4,93.3,80.0,37.8,1
1730349,40.4,142.6,101.0,29.7,0
1730350,87.6,110.9,121.8,41.8,1
1730351,80.1,110.2,95.7,30.2,0
1730352,50.6,92.9,69.5,25.9,1
1730353,61.7,158.1,51.9,23.2,0
1730354,70.5,65.7,110.4,,1
1730355,94.0,130.3,98.1,14.5,0
1730356,84.4,89.5,107.6,31.0,0
1730357,78.8,95.6,112.4,7.5,0
1730358,56.8,135.4,106.4,42.6,1
1730359,65.4,115.9,102.8,29.4,0
1730360,85.1,91.0,135.8,43.3,0
1730361,118.4,121.4,71.1,30.6,0
1730362,112.4,96.1,56.6,39.0,1
1730363,110.7,143.1,108.2,15.2,0
1730364,61.9,98.1,72.6,39.4,1
1730365,51.5,92.3,102.3,11.7,0
1730366,104.6,76.4,31.4,28.9,1
1730367,55.7,65.6,99.4,,1
1730368,79.7,81.9,110.5,34.2,0
1730369,83.5,115.7,114.5,23.8,0
1730370,91.3,60.7,71.5,,1
1730371,45.1,140.7,140.6,37.6,0
1730372,61.7,128.8,62.0,44.2,0
1730373,74.5,85.2,104.2,14.8,1
1730374,72.7,93.0,127.1,26.4,1
1730375,58.4,93.8,87.7,42.1,1
1730376,92.6,109.4,130.7,15.3,0
1730377,57.7,112.7,91.3,24.6,0
1730378,75.2,115.8,81.1,32.5,1
1730379,86.4,86.4,68.2,39.5,1
1730380,102.9,75.1,65.1,24.7,1
1730381,69.0,148.1,99.4,32.2,0
1730382,63.7,111.5,91.9,18.9,0
1730383,85.6,103.3,113.3,17.4,1
1730384,64.1,99.9,83.8,19.2,0
1730385,81.5,90.3,125.4,14.7,0
1730386,78.7,91.2,109.1,13.0,1
1730387,66.4,144.4,105.0,27.3,1
1730388,87.0,102.2,109.0,12.1,1
1730389,90.8,125.3,126.4,11.6,0
1730390,65.3,123.2,80.5,9.0,0
1730391,60.7,108.1,142.7,30.7,0
1730392,91.6,123.3,77.9,5.6,0
1730393,90.0,86.1,80.2,13.2,1
1730394,76.1,101.3,105.9,43.3,0
1730395,60.3,45.3,122.7,21.0,0
1730396,77.7,69.4,50.1,41.6,0
1730397,61.1,105.3,115.6,22.3,0
1730398,76.6,154.6,98.1,12.4,0
1730399,74.9,121.3,123.0,16.1,0
1730400,42.6,89.3,96.3,10.9,0
1730401,90.1,88.9,128.8,20.3,1
1730402,70.4,116.4,98.5,40.1,0
1730403,107.5,82.3,91.9,31.9,1
1730404,59.0,89.6,92.5,30.6,1
1730405,68.6,102.0,86.2,24.3,0
1730406,51.6,101.9,90.7,28.5,1
1730407,110.1,120.5,95.6,9.1,0
1730408,86.1,71.3,120.8,33.4,0
1730409,83.5,88.5,88.0,33.7,0
1730410,83.2,132.1,103.0,20.4,0
1730411,63.4,89.0,101.3,16.3,1
1730412,51.5,70.6,83.7,28.9,1
1730413,38.0,67.9,137.2,25.6,0
1730414,87.7,100.0,82.2,9.2,1
1730415,39.4,58.4,78.7,28.2,1
1730416,92.4,102.0,71.0,20.3,1
1730417,111.9,100.8,143.8,32.1,0
1730418,42.2,146.3,173.9,27.0,1
1730419,51.4,135.7,98.4,33.7,0
1730420,68.3,123.3,104.2,22.2,0
1730421,93.3,123.6,117.2,7.8,0
1730422,80.3,151.9,97.8,36.0,0
1730423,55.2,78.4,124.5,31.4,1
1730424,76.7,131.6,84.9,29.5,0
1730425,95.9,122.0,86.4,20.0,0
1730426,81.3,51.9,64.3,15.5,1
1730427,96.7,140.5,124.8,,0
1730428,69.7,109.9,110.0,15.8,0
1730429,82.1,69.9,137.6,31.9,0
1730430,35.7,142.4,89.1,7.2,0
1730431,53.2,133.2,83.3,19.5,0
1730432,80.8,103.4,99.5,33.0,1
1730433,68.9,107.1,80.7,42.6,1
1730434,66.7,80.8,92.6,19.3,1
1730435,78.7,128.5,77.6,,1
1730436,34.5,97.4,140.7,21.5,0
1730437,80.0,110.4,164.6,18.5,0
1730438,55.2,118.2,126.9,24.5,0
1730439,49.0,107.1,74.9,44.7,1
1730440,77.9,112.0,63.0,31.3,1
1730441,78.3,105.3,102.8,11.9,0
1730442,42.2,102.7,167.0,38.4,0
1730443,109.8,69.1,128.2,11.8,0
1730444,107.3,61.4,81.4,21.3,1
1730445,79.0,116.6,95.0,33.4,0
1730446,69.2,96.4,122.0,26.3,0
1730447,81.1,74.3,123.5,25.5,1
1730448,81.9,104.1,111.4,7.6,1
1730449,65.5,97.6,93.4,17.5,0
1730450,38.1,107.6,66.1,13.8,1
1730451,75.0,142.4,110.0,28.6,0
1730452,57.3,100.6,93.5,41.2,0
1730453,63.6,131.6,57.6,35.7,1
1730454,68.2,107.8,100.0,34.7,1
1730455,83.5,77.7,125.6,6.1,0
1730456,23.7,151.3,138.1,27.1,0
1730457,70.6,62.5,37.1,33.1,0
1730458,91.1,113.6,104.6,17.3,0
1730459,64.8,111.3,69.6,41.9,1
1730460,82.1,101.1,38.1,20.8,0
1730461,77.0,116.1,83.5,18.0,1
1730462,74.1,128.0,89.2,41.9,0
1730463,69.3,66.9,77.8,31.4,1
1730464,108.3,126.0,93.9,27.6,0
1730465,67.3,47.7,142.5,42.3,1
1730466,60.7,99.0,88.3,27.0,1
1730467,71.5,114.9,137.2,42.4,0
1730468,53.5,103.4,109.8,21.9,0
1730469,84.9,89.9,71.9,27.7,1
1730470,89.3,126.0,69.7,17.8,1
1730471,106.5,104.2,94.9,19.2,1
1730472,100.3,109.7,159.2,10.8,0
1730473,88.6,151.7,109.2,28.5,0
1730474,101.7,82.7,79.1,27.8,1
1730475,95.4,101.4,72.1,15.2,1
1730476,57.7,89.1,117.5,43.0,1
1730477,61.2,102.7,112.4,33.9,1
1730478,65.8,115.7,108.0,37.7,0
1730479,86.0,113.3,116.7,6.8,0
1730480,82.6,121.1,122.2,12.5,0
1730481,90.6,133.7,76.7,36.6,0
1730482,75.6,66.0,132.8,28.7,1
1730483,64.0,113.6,133.9,32.5,0
1730484,89.8,71.2,120.0,14.6,0
1730485,69.7,110.2,117.8,26.8,0
1730486,87.6,120.4,80.0,26.1,0
1730487,83.8,80.3,116.5,40.8,1
1730488,44.1,92.5,135.8,42.9,0
1730489,55.6,107.6,122.0,31.8,0
1730490,61.2,126.9,57.1,15.3,1
1730491,124.0,117.3,84.2,29.5,0
1730492,97.2,100.9,107.3,10.9,0
1730493,42.8,91.3,97.6,5.5,1
1730494,83.5,65.3,102.2,43.7,1
1730495,96.1,48.4,90.7,14.1,1
1730496,76.9,101.4,123.9,8.7,0
1730497,61.4,96.0,99.9,21.5,1
1730498,48.1,139.3,56.0,20.7,0
1730499,98.3,59.1,80.6,6.7,1
1730500,71.4,100.0,115.8,26.8,1
1730501,98.1,110.5,99.1,33.5,0
1730502,83.3,104.6,104.2,41.5,1
1730503,94.4,112.9,102.0,40.0,1
1730504,102.8,108.9,93.9,37.7,1
1730505,35.4,125.4,92.3,10.4,0
1730506,72.4,144.9,101.3,42.6,0
1730507,86.9,68.5,115.2,36.3,0
1730508,53.3,126.8,122.3,23.5,1
1730509,74.7,108.6,112.0,19.0,0
1730510,81.4,113.0,127.3,39.1,0
1730511,86.4,62.1,104.4,14.0,0
1730512,100.8,109.2,97.1,12.1,1
1730513,138.4,94.9,88.1,44.8,0
1730514,71.2,118.0,84.7,12.0,1
1730515,83.3,101.3,105.4,10.1,1
1730516,76.9,127.7,96.2,37.5,0
1730517,90.4,54.6,30.1,29.9,1
1730518,89.1,118.9,99.2,17.5,0
1730519,86.4,84.0,96.1,16.5,1
1730520,92.9,50.9,90.9,23.7,1
1730521,65.6,108.1,71.5,8.8,1
1730522,91.5,87.5,109.3,28.4,1
1730523,86.3,66.9,100.4,9.7,1
1730524,90.0,112.4,109.6,14.0,0
1730525,47.0,132.1,140.6,25.3,1
1730526,66.9,73.7,77.2,12.2,1
1730527,76.6,99.0,101.2,40.5,1
1730528,87.8,123.4,60.1,25.1,1
1730529,90.7,140.1,147.5,19.6,0
1730530,44.1,119.6,68.3,12.7,0
1730531,68.1,100.2,130.3,34.3,1
1730532,66.1,95.2,100.9,44.7,1
1730533,74.3,58.9,92.1,19.0,1
1730534,79.6,104.3,88.7,27.7,0
1730535,82.2,116.6,116.1,33.6,0
1730536,69.5,75.3,96.0,10.8,1
1730537,65.2,86.8,71.4,21.4,1
1730538,92.2,95.1,80.4,5.2,1
1730539,62.1,106.3,125.6,41.0,1
1730540,89.9,109.6,108.7,32.8,0
1730541,40.2,94.4,56.4,30.6,1
1730542,54.7,65.5,86.7,16.0,1
1730543,78.2,105.1,86.2,7.4,1
1730544,80.8,139.4,105.6,8.7,0
1730545,83.1,107.0,57.2,40.3,1
1730546,105.9,92.6,117.6,21.6,1
1730547,117.3,80.3,122.3,24.0,1
1730548,71.0,115.5,109.7,35.1,0
1730549,72.8,69.9,115.5,14.8,1
1730550,58.1,74.6,66.5,40.0,1
1730551,95.2,87.1,97.5,29.7,1
1730552,55.9,122.0,96.0,19.4,0
1730553,103.0,115.3,97.0,43.7,0
1730554,92.1,121.9,114.4,12.5,0
1730555,84.6,86.0,40.8,24.4,1
1730556,63.5,93.3,66.1,17.1,1
1730557,53.3,125.6,94.0,8.1,0
1730558,63.8,105.0,47.1,43.5,1
1730559,83.5,117.6,83.1,17.9,1
1730560,65.3,116.1,93.7,37.5,0
1730561,77.0,79.1,89.8,30.7,1
1730562,71.5,77.2,105.9,38.2,0
1730563,70.1,127.3,87.7,15.4,0
1730564,20.0,136.7,58.0,30.3,1
1730565,64.9,68.6,128.3,28.4,0
1730566,59.8,129.5,116.6,27.9,0
1730567,64.9,117.7,99.5,34.2,0
1730568,65.7,113.4,90.8,22.8,0
1730569,68.8,110.1,112.5,14.6,1
1730570,107.0,111.1,84.1,24.2,1
1730571,75.8,54.5,90.0,20.2,1
1730572,64.5,85.6,112.0,44.6,0
1730573,81.6,92.5,110.2,23.9,0
1730574,75.1,74.4,71.1,44.9,1
1730575,118.7,55.9,105.7,10.3,1
1730576,48.1,75.8,82.3,28.1,1
1730577,82.6,97.3,66.3,40.5,1
1730578,55.9,150.1,107.2,21.4,0
1730579,69.2,86.4,116.4,24.7,0
1730580,72.2,91.9,104.1,43.6,1
1730581,102.2,154.4,98.7,23.6,0
1730582,89.3,62.0,32.2,19.6,1
1730583,43.0,95.1,51.6,21.0,1
1730584,81.8,136.8,122.1,9.4,0
1730585,48.7,106.4,63.8,43.8,1
1730586,91.0,102.8,96.1,20.3,0
1730587,50.3,123.7,141.8,11.1,0
1730588,88.5,94.4,99.8,22.3,0
1730589,47.8,102.1,144.7,16.6,0
1730590,57.0,68.5,123.3,30.2,1
1730591,38.1,85.5,96.9,44.9,1
1730592,65.1,82.0,107.1,34.0,1
1730593,68.5,121.5,134.0,44.5,0
1730594,117.0,154.3,83.8,9.6,0
1730595,77.5,110.5,124.2,40.6,0
1730596,61.0,106.1,54.1,30.9,1
1730597,33.2,132.3,61.2,20.8,1
1730598,65.0,99.9,73.8,12.6,1
1730599,75.8,114.1,23.5,23.4,1
1730600,50.4,50.1,92.0,14.6,0
1730601,94.7,116.8,117.4,43.3,0
1730602,77.8,91.5,71.0,5.4,0
1730603,100.1,107.2,113.7,8.8,0
1730604,26.0,53.8,96.5,37.6,1
1730605,57.1,140.0,112.4,11.4,0
1730606,61.4,108.1,50.9,30.2,1
1730607,64.7,125.1,83.0,28.8,0
1730608,56.2,124.6,80.9,25.4,0
1730609,91.3,127.3,101.1,22.8,0
1730610,85.5,116.8,115.7,7.5,0
1730611,92.4,110.1,127.6,23.3,1
1730612,60.1,82.1,142.2,28.8,0
1730613,90.9,38.1,97.9,30.4,1
1730614,63.0,113.0,94.7,41.2,0
1730615,60.1,61.3,105.9,21.0,1
1730616,63.5,115.6,67.9,35.3,1
1730617,81.6,134.3,71.9,30.1,0
1730618,59.3,72.0,95.4,7.4,1
1730619,69.2,89.7,147.6,40.9,0
1730620,81.3,116.7,115.1,11.1,0
1730621,101.8,142.7,108.4,41.1,0
1730622,96.1,122.2,79.5,38.3,1
1730623,59.4,114.5,115.0,42.1,0
1730624,61.8,120.2,153.6,28.6,1
1730625,71.5,122.8,104.0,35.1,0
1730626,88.9,120.6,97.8,27.4,0
1730627,73.7,60.6,81.9,28.9,1
1730628,67.6,105.7,98.1,39.2,0
1730629,67.8,87.7,79.5,10.0,1
1730630,79.5,108.7,96.8,33.4,1
1730631,64.7,80.1,81.4,25.5,1
1730632,61.7,40.6,146.4,15.1,0
1730633,55.7,52.4,98.6,28.4,1
1730634,91.4,103.4,106.5,23.2,0
1730635,78.3,154.8,101.1,13.7,0
1730636,89.4,94.2,101.6,30.2,1
1730637,66.6,87.8,109.9,17.9,1
1730638,87.5,85.8,151.9,44.8,0
1730639,47.2,108.7,91.5,43.1,0
1730640,79.3,26.9,101.4,15.7,0
1730641,58.0,132.7,84.1,39.6,0
1730642,64.3,133.8,70.5,24.4,1
1730643,73.2,90.4,79.5,30.9,1
1730644,52.6,130.4,123.7,25.5,0
1730645,59.5,76.5,152.9,31.3,0
1730646,122.3,112.1,86.8,29.0,1
1730647,46.2,101.4,88.5,21.0,1
1730648,46.7,100.7,134.5,43.0,0
1730649,90.4,88.7,126.4,23.7,0
1730650,122.2,108.2,112.9,26.5,1
1730651,62.3,85.7,84.6,32.1,0
1730652,96.1,118.1,123.3,20.0,0
1730653,65.2,129.7,122.9,13.0,0
1730654,105.5,66.6,98.1,7.0,1
1730655,85.2,69.6,101.0,36.3,1
1730656,96.8,86.5,141.2,10.5,0
1730657,75.5,53.8,122.3,15.5,0
1730658,40.8,80.5,92.1,36.9,1
1730659,81.6,62.1,76.4,10.0,1
1730660,76.3,77.4,126.6,24.4,1
1730661,46.7,87.8,152.4,29.9,0
1730662,53.4,67.6,102.1,19.3,1
1730663,73.9,62.6,98.5,44.1,1
1730664,105.9,98.4,89.5,36.2,1
1730665,53.2,105.8,105.3,21.2,0
1730666,87.7,136.3,89.0,43.9,0
1730667,58.7,111.1,81.8,19.2,1
1730668,115.6,103.3,94.7,9.6,0
1730669,67.8,92.1,52.1,30.5,1
1730670,78.1,105.5,61.0,28.1,1
1730671,96.6,101.8,83.8,30.2,1
1730672,65.0,113.4,90.7,16.6,1
1730673,70.3,92.8,143.4,35.2,0
1730674,70.3,120.9,104.6,35.7,0
1730675,80.0,83.8,144.7,29.0,0
1730676,63.8,120.0,103.0,16.3,0
1730677,89.8,87.2,70.4,20.0,1
1730678,66.0,86.5,70.0,27.2,1
1730679,60.2,104.5,105.9,19.1,0
1730680,78.0,81.1,119.4,26.5,0
1730681,92.9,90.3,69.3,42.3,1
1730682,67.4,68.1,101.0,16.5,1
1730683,86.1,111.7,140.3,15.3,1
1730684,78.8,105.5,120.4,44.0,0
1730685,84.6,91.6,109.0,26.7,0
1730686,79.0,103.0,77.5,39.2,1
1730687,81.8,113.8,123.8,9.1,0
1730688,74.3,104.5,118.5,23.4,0
1730689,40.6,112.1,112.3,38.7,0
1730690,72.4,105.1,96.4,11.6,1
1730691,92.3,83.1,86.4,34.4,1
1730692,76.2,106.3,86.9,10.4,0
1730693,81.1,108.8,69.2,,0
1730694,89.8,69.1,59.4,13.9,0
1730695,110.9,82.4,119.6,7.4,1
1730696,107.6,136.8,137.9,7.0,0
1730697,82.5,59.9,134.2,10.4,0
1730698,57.2,108.2,91.8,41.7,0
1730699,34.0,97.2,67.3,38.4,1
1730700,79.8,110.3,102.1,8.3,0
1730701,64.7,142.6,43.5,21.5,1
1730702,92.2,58.1,95.4,20.2,1
1730703,88.0,69.8,88.8,30.2,1
1730704,62.5,108.1,92.9,35.9,1
1730705,87.6,69.5,72.0,12.6,1
1730706,79.6,66.2,122.2,32.6,0
1730707,67.6,96.3,54.6,5.9,1
1730708,58.5,117.2,100.3,29.7,0
1730709,66.8,140.2,53.5,44.2,1
1730710,66.1,131.5,123.0,30.3,0
1730711,101.8,93.3,118.0,15.5,0
1730712,54.5,101.6,110.8,34.5,1
1730713,71.9,51.1,112.1,26.1,1
1730714,61.5,136.4,69.3,22.0,0
1730715,80.2,90.0,123.4,28.9,0
1730716,98.8,119.4,80.9,40.3,1
1730717,97.8,91.1,71.9,,1
1730718,75.0,80.7,123.8,26.8,0
1730719,87.8,75.1,103.3,5.3,1
1730720,73.8,68.7,78.6,19.2,1
1730721,43.1,78.8,85.8,5.8,1
1730722,66.5,92.1,125.2,11.3,0
1730723,65.4,91.0,96.5,35.3,0
1730724,51.0,139.8,119.2,36.4,0
1730725,55.5,117.1,122.1,35.8,0
1730726,54.6,144.8,86.4,29.7,0
1730727,55.2,99.8,98.3,11.7,1
1730728,94.2,74.9,123.4,6.0,1
1730729,41.4,74.8,111.5,,1
1730730,106.1,92.4,111.9,7.6,0
1730731,74.8,128.3,81.0,27.5,0
1730732,96.6,109.8,127.1,25.2,0
1730733,97.3,99.2,103.8,42.4,0
1730734,78.0,85.4,107.5,37.4,1
1730735,103.7,116.2,103.6,42.7,0
1730736,85.5,77.1,116.0,8.4,0
1730737,81.3,95.1,93.3,30.1,1
1730738,84.6,97.4,101.1,23.7,0
1730739,90.2,76.7,147.7,10.1,1
1730740,47.2,77.3,79.8,33.3,1
1730741,29.7,131.2,85.2,11.6,0
1730742,88.6,66.4,97.2,15.8,1
1730743,56.4,122.2,108.2,15.3,0
1730744,26.4,70.4,46.0,13.3,1
1730745,47.1,101.1,112.8,29.6,0
1730746,72.6,134.1,124.0,34.1,0
1730747,78.2,138.7,109.3,31.4,0
1730748,64.4,87.4,105.1,36.8,0
1730749,74.4,128.1,141.2,31.8,0
1730750,86.1,89.0,105.7,41.6,0
1730751,68.8,121.2,86.4,16.2,0
1730752,68.0,109.4,125.9,6.2,0
1730753,94.7,103.9,82.3,44.5,1
1730754,69.0,128.6,141.5,29.4,0
1730755,98.7,78.0,107.4,40.4,1
1730756,57.9,121.6,90.6,36.1,0
1730757,43.6,81.4,147.7,28.2,1
1730758,50.9,100.7,91.4,44.4,1
1730759,96.5,117.1,90.8,11.3,0
1730760,71.7,94.5,89.1,,1
1730761,57.5,103.3,82.1,34.9,1
1730762,62.5,144.2,93.1,30.0,0
1730763,86.0,123.3,104.8,44.3,0
1730764,106.5,131.0,98.9,5.4,0
1730765,58.7,83.4,71.7,34.2,1
1730766,58.7,105.3,81.6,39.9,1
1730767,70.0,43.7,122.1,17.7,0
1730768,84.5,93.7,107.6,11.3,0
1730769,83.6,120.6,134.2,21.5,0
1730770,65.0,127.7,49.4,26.8,1
1730771,55.7,130.1,120.5,5.1,0
1730772,116.7,139.8,78.8,5.8,0
1730773,65.6,90.8,79.2,28.3,1
1730774,64.6,107.2,114.7,40.5,1
1730775,68.7,102.2,107.9,40.0,0
1730776,91.9,101.0,112.2,16.9,0
1730777,61.1,114.5,108.3,44.7,0
1730778,86.7,148.4,37.3,32.7,1
1730779,21.2,74.0,107.6,41.2,0
1730780,70.3,129.3,102.0,16.1,0
1730781,89.7,88.6,132.6,19.1,0
1730782,101.1,120.2,101.3,19.2,1
1730783,126.7,99.3,94.7,41.8,0
1730784,57.9,81.5,144.6,8.9,0
1730785,63.8,117.7,99.7,10.0,1
1730786,65.0,91.4,14.2,38.6,1
1730787,38.6,113.3,47.4,29.0,1
1730788,61.7,89.4,97.0,12.3,0
1730789,95.6,106.4,137.7,27.9,1
1730790,104.4,129.6,121.4,34.8,0
1730791,73.6,80.0,101.6,26.4,1
1730792,80.7,146.3,114.6,25.2,1
1730793,70.1,117.1,30.0,35.8,1
1730794,41.1,125.4,131.6,44.2,0
1730795,70.7,71.7,136.6,31.1,0
1730796,106.4,88.1,141.6,19.9,1
1730797,117.5,98.5,120.3,33.6,0
1730798,48.5,57.7,135.0,37.5,1
1730799,68.8,69.1,146.8,16.5,0
1730800,104.2,102.9,64.2,7.8,1
1730801,75.4,111.4,80.0,37.2,0
1730802,79.2,91.3,94.0,19.9,1
1730803,93.6,105.6,92.9,,1
1730804,87.8,117.9,77.8,22.7,0
1730805,59.8,94.7,162.9,39.0,0
1730806,72.0,66.4,96.2,18.9,0
1730807,91.0,95.2,109.1,41.2,0
1730808,81.5,79.4,82.2,31.4,1
1730809,79.9,97.1,118.4,30.5,0
1730810,72.2,72.3,89.0,20.7,1
1730811,68.8,31.5,41.7,44.0,1
1730812,64.3,95.6,51.0,5.7,1
1730813,78.9,145.4,95.8,17.5,1
1730814,101.8,71.4,115.4,24.3,0
1730815,96.3,107.2,63.8,18.2,1
1730816,106.8,90.9,122.3,14.9,1
1730817,65.7,115.7,131.7,28.7,0
1730818,110.0,58.5,112.2,16.0,1
1730819,73.8,84.8,76.7,5.2,1
1730820,76.5,128.8,85.3,26.4,1
1730821,44.8,88.5,72.7,42.6,1
1730822,67.7,91.7,88.9,7.6,1
1730823,55.8,86.4,78.8,27.0,0
1730824,67.3,101.3,97.6,11.8,1
1730825,48.5,82.3,103.7,42.4,1
1730826,106.9,86.3,92.6,37.7,1
1730827,65.8,106.0,114.3,33.6,0
1730828,83.7,84.2,94.6,16.1,1
1730829,79.3,104.5,124.2,22.4,0
1730830,86.1,97.9,79.4,20.5,1
1730831,73.8,55.9,69.3,11.8,1
1730832,68.8,104.9,80.5,28.3,1
1730833,58.4,125.7,105.2,25.3,0
1730834,80.6,123.9,115.2,43.9,1
1730835,89.1,118.2,138.2,20.1,0
1730836,39.1,96.5,68.1,8.9,1
1730837,62.6,104.3,118.2,7.8,0
1730838,70.7,183.8,95.9,,0
1730839,72.5,100.1,114.9,10.6,1
1730840,74.4,120.2,95.1,10.6,1
1730841,92.9,100.0,96.0,43.4,1
1730842,87.0,119.2,112.1,29.4,0
1730843,20.0,68.7,86.8,24.2,1
1730844,69.8,145.6,146.5,18.0,0
1730845,61.4,104.1,100.8,5.3,0
1730846,47.7,123.6,92.6,24.8,0
1730847,71.2,88.7,85.0,11.0,0
1730848,75.0,58.4,77.5,13.1,1
1730849,97.8,110.6,87.0,30.3,0
1730850,59.3,103.6,111.8,37.4,0
1730851,96.8,87.5,74.9,35.6,1
1730852,72.8,85.7,101.9,30.5,0
1730853,112.3,111.8,88.0,20.2,1
1730854,54.9,132.0,49.1,23.2,1
1730855,47.7,156.9,56.0,43.6,0
1730856,76.3,128.5,142.0,40.0,0
1730857,94.4,51.6,139.6,37.2,1
1730858,74.9,104.1,81.3,15.2,0
1730859,93.9,77.1,128.2,32.9,0
1730860,88.9,82.4,118.3,30.1,1
1730861,62.4,123.8,87.3,41.8,0
1730862,42.0,118.8,71.2,6.0,1
1730863,75.8,129.1,107.9,34.9,0
1730864,95.6,107.4,77.8,7.1,0
1730865,90.2,62.3,86.1,20.7,1
1730866,83.5,113.3,93.1,30.1,0
1730867,55.2,103.4,73.0,23.6,1
1730868,86.3,65.1,114.5,29.6,0
1730869,93.8,76.3,92.2,41.8,0
1730870,61.9,105.6,46.0,15.3,1
1730871,65.6,120.7,119.3,29.2,0
1730872,80.1,117.6,79.2,7.6,1
1730873,81.7,89.3,71.2,44.1,0
1730874,73.3,121.3,83.3,18.3,0
1730875,83.4,110.3,103.9,26.7,0
1730876,109.0,76.1,113.3,14.0,0
1730877,76.9,105.8,113.1,21.2,0
1730878,99.6,111.9,110.6,13.9,0
1730879,83.3,71.8,137.5,14.9,0
1730880,88.0,86.9,63.8,30.3,0
1730881,70.7,149.0,144.3,17.3,0
1730882,75.3,124.6,113.1,,0
1730883,37.2,91.2,72.0,17.1,1
1730884,88.6,131.0,126.2,43.0,0
1730885,85.9,83.8,92.2,11.5,1
1730886,58.5,66.6,101.2,16.8,1
1730887,42.7,91.8,103.3,17.8,1
1730888,45.6,107.9,70.6,14.3,1
1730889,85.3,121.2,148.0,29.2,1
1730890,74.6,103.1,67.6,31.7,1
1730891,45.1,104.7,105.2,19.4,1
1730892,75.7,124.4,98.2,17.8,0
1730893,68.5,65.9,77.9,35.6,1
1730894,62.4,81.3,126.0,21.2,0
1730895,44.3,124.6,107.6,13.2,0
1730896,84.2,150.9,127.3,22.6,0
1730897,91.0,115.1,107.1,27.8,0
1730898,85.4,139.4,102.9,36.1,0
1730899,86.2,64.6,89.3,42.2,1
1730900,78.0,104.0,117.3,43.2,1
1730901,64.3,96.5,76.8,19.5,0
1730902,51.4,121.4,128.5,36.6,0
1730903,96.7,87.0,117.3,34.9,0
1730904,56.0,111.3,102.9,,0
1730905,48.1,124.2,85.8,7.8,1
1730906,58.2,123.7,131.9,14.4,0
1730907,59.0,64.9,85.2,40.5,1
1730908,52.4,138.1,81.9,42.8,0
1730909,75.4,93.9,131.2,36.8,0
1730910,82.0,92.0,121.6,43.0,1
1730911,137.8,60.7,76.5,36.1,1
1730912,94.5,115.3,124.2,12.3,1
1730913,75.7,61.3,80.3,30.9,1
1730914,65.7,102.4,123.8,19.2,0
1730915,53.8,68.9,89.9,18.6,1
1730916,92.3,70.8,151.4,33.3,0
1730917,37.7,91.2,110.5,12.5,1
1730918,94.3,80.6,110.1,30.5,1
1730919,78.7,86.3,86.0,6.1,0
1730920,116.5,100.7,85.7,37.8,1
1730921,117.9,91.8,115.3,,0
1730922,77.9,139.1,125.5,28.9,0
1730923,37.9,82.5,84.2,28.9,1
1730924,56.3,106.5,125.0,38.8,0
1730925,85.2,67.2,82.1,22.7,1
1730926,86.8,59.8,65.2,5.7,1
1730927,80.6,88.8,52.7,21.1,1
1730928,68.2,94.0,158.8,39.4,0
1730929,93.2,128.4,125.1,7.3,0
1730930,89.2,92.0,119.3,17.1,0
1730931,93.1,76.0,156.1,39.9,0
1730932,66.1,147.3,101.3,19.2,0
1730933,86.2,106.9,61.2,34.4,0
1730934,76.5,108.4,111.4,18.7,0
1730935,72.6,58.3,68.8,8.5,1
1730936,85.4,101.9,112.1,9.4,1
1730937,93.8,64.8,130.3,43.2,1
1730938,61.6,132.6,108.1,16.0,0
1730939,103.1,146.5,122.1,38.0,0
1730940,80.6,95.4,110.7,29.5,0
1730941,63.2,78.2,121.5,35.1,1
1730942,73.4,95.1,136.8,18.3,0
1730943,34.4,150.4,118.7,27.4,0
1730944,72.8,73.9,106.5,5.4,1
1730945,56.6,112.6,94.1,28.7,0
1730946,87.8,122.0,113.9,18.2,1
1730947,47.6,60.6,93.2,44.9,1
1730948,78.1,144.6,103.6,7.8,0
1730949,72.4,93.2,95.7,19.0,0
1730950,61.7,80.2,99.5,39.4,1
1730951,63.8,76.0,92.1,18.0,1
1730952,99.9,109.4,83.9,25.4,1
1730953,90.8,124.7,81.3,38.0,0
1730954,83.4,103.3,66.5,9.6,1
1730955,67.4,107.7,84.2,36.8,1
1730956,62.6,129.4,57.4,36.5,1
1730957,76.0,92.8,47.9,30.0,1
1730958,50.5,93.7,159.2,29.4,0
1730959,47.7,84.9,111.8,41.0,1
1730960,70.9,140.6,114.4,22.4,0
1730961,59.1,128.0,124.4,7.0,0
1730962,90.1,121.6,90.4,5.9,0
1730963,39.6,73.4,127.9,22.4,0
1730964,84.3,79.8,81.8,29.8,1
1730965,64.2,71.6,65.4,33.9,1
1730966,76.9,76.0,79.8,22.4,1
1730967,105.0,130.0,62.4,7.1,1
1730968,54.2,109.2,102.0,9.7,0
1730969,35.9,129.8,71.6,37.1,1
1730970,82.4,40.5,66.1,10.9,1
1730971,51.8,94.1,131.1,37.1,0
1730972,79.8,85.7,96.3,7.2,1
1730973,91.9,80.6,75.2,42.5,1
1730974,100.2,116.9,112.4,5.1,0
1730975,87.2,77.9,94.7,34.5,1
1730976,97.9,38.7,60.2,26.7,1
1730977,35.7,114.1,87.3,34.6,0
1730978,54.6,123.3,104.6,8.0,0
1730979,95.2,77.6,103.0,43.1,1
1730980,104.0,129.2,99.8,42.4,0
1730981,98.3,132.0,107.2,15.7,1
1730982,48.0,86.2,101.5,29.9,1
1730983,99.4,89.9,114.5,13.6,1
1730984,75.2,138.0,74.7,40.6,0
1730985,58.9,129.2,61.7,13.1,1
1730986,84.8,103.2,119.4,35.2,1
1730987,33.1,140.5,138.4,11.9,1
1730988,61.7,91.3,60.4,28.4,1
1730989,82.7,100.4,77.8,9.3,1
1730990,59.1,72.5,94.0,30.0,1
1730991,72.3,124.8,132.8,33.2,0
1730992,84.9,84.6,112.1,21.5,1
1730993,79.3,139.3,83.2,19.3,0
1730994,73.3,95.6,103.7,16.9,1
1730995,64.8,111.8,98.0,8.5,0
1730996,41.0,82.1,108.3,21.4,1
1730997,70.0,95.9,115.6,22.5,0
1730998,58.0,110.5,102.7,40.6,0
1730999,106.4,85.7,72.9,17.7,1
1731000,107.3,63.8,72.0,16.1,1
